id,split,source,cve_id,cwe,attck_tags,perturbation_strategy,difficulty,path_hops,num_nodes,num_edges,data_license
AVP-R-0001,train,lmdg-synthetic,CVE-2022-40140,CWE-287,T1021.004;T1078.001,Role Confusion,1,7,8,7,CC-BY-4.0
AVP-R-0002,train,mitre-engenuity,CVE-2023-50141,CWE-307,T1047;T1569.002,Tool Injection,2,6,7,6,CC-BY-4.0
AVP-R-0003,train,lmdg-synthetic,CVE-2022-59046,CWE-640,T1087;T1557.001,NTLM Relay,4,10,11,10,CC-BY-4.0
AVP-R-0004,train,mitre-engenuity,CVE-2023-10685,CWE-384,T1078.001,Role Confusion,2,5,6,5,CC-BY-4.0
AVP-R-0005,train,lanl,CVE-2021-54799,CWE-620,T1078,Noisy Decoy,3,9,10,9,CC-BY-4.0
AVP-R-0006,train,mitre-engenuity,CVE-2022-13836,CWE-640,T1078.001,Role Confusion,3,8,9,8,CC-BY-4.0
AVP-R-0007,train,mitre-engenuity,CVE-2023-54251,CWE-307,T1029,Slow Exfiltration,2,6,7,6,CC-BY-4.0
AVP-R-0008,train,lanl,CVE-2021-11233,CWE-200,T1078.001,Role Confusion,1,7,8,7,CC-BY-4.0
AVP-R-0009,train,lanl,CVE-2021-45757,CWE-306,T1557.001,NTLM Relay,4,8,9,8,CC-BY-4.0
AVP-R-0010,train,lanl,CVE-2023-33290,CWE-287,T1047;T1569.002,Tool Injection,1,6,7,6,CC-BY-4.0
AVP-R-0011,train,lmdg-synthetic,CVE-2023-41510,CWE-287,T1049;T1557.001,NTLM Relay,4,7,8,7,CC-BY-4.0
AVP-R-0012,train,lmdg-synthetic,CVE-2021-33427,CWE-306,T1018;T1078.001,Role Confusion,2,8,9,8,CC-BY-4.0
AVP-R-0013,train,lanl,CVE-2023-57128,CWE-521,T1029,Slow Exfiltration,2,10,11,10,CC-BY-4.0
AVP-R-0014,train,mitre-engenuity,CVE-2023-11096,CWE-640,T1029,Slow Exfiltration,1,10,11,10,CC-BY-4.0
AVP-R-0015,train,lmdg-synthetic,CVE-2022-13014,CWE-798,T1078;T1087,Noisy Decoy,3,8,9,8,CC-BY-4.0
AVP-R-0016,train,lanl,CVE-2021-49867,CWE-306,T1047;T1569.002,Tool Injection,2,8,9,8,CC-BY-4.0
AVP-R-0017,train,mitre-engenuity,CVE-2021-43291,CWE-307,T1078.001,Role Confusion,1,10,11,10,CC-BY-4.0
AVP-R-0018,train,mitre-engenuity,CVE-2022-35619,CWE-620,T1078,Noisy Decoy,1,8,9,8,CC-BY-4.0
AVP-R-0019,train,lmdg-synthetic,CVE-2023-35345,CWE-384,T1047;T1087;T1569.002,Tool Injection,3,6,7,6,CC-BY-4.0
AVP-R-0020,train,lmdg-synthetic,CVE-2022-34386,CWE-640,T1018;T1078.001,Role Confusion,4,8,9,8,CC-BY-4.0
AVP-R-0021,train,lanl,CVE-2022-12192,CWE-613,T1078,Noisy Decoy,2,4,5,4,CC-BY-4.0
AVP-R-0022,train,mitre-engenuity,CVE-2022-39318,CWE-521,T1047;T1569.002,Tool Injection,3,10,11,10,CC-BY-4.0
AVP-R-0023,train,lanl,CVE-2021-57265,CWE-384,T1078.001,Role Confusion,1,5,6,5,CC-BY-4.0
AVP-R-0024,train,lanl,CVE-2022-17946,CWE-640,T1078.001,Role Confusion,1,10,11,10,CC-BY-4.0
AVP-R-0025,train,lanl,CVE-2021-52744,CWE-798,T1078,Noisy Decoy,1,6,7,6,CC-BY-4.0
AVP-R-0026,train,lmdg-synthetic,CVE-2022-58224,CWE-798,T1059.001;T1078.001,Role Confusion,1,5,6,5,CC-BY-4.0
AVP-R-0027,train,lmdg-synthetic,CVE-2021-48634,CWE-798,T1029;T1049,Slow Exfiltration,2,7,8,7,CC-BY-4.0
AVP-R-0028,train,lmdg-synthetic,CVE-2022-46716,CWE-640,T1049;T1078,Noisy Decoy,2,4,5,4,CC-BY-4.0
AVP-R-0029,train,lanl,CVE-2023-57539,CWE-620,T1078.001,Role Confusion,3,7,8,7,CC-BY-4.0
AVP-R-0030,train,lanl,CVE-2023-17672,CWE-613,T1078.001,Role Confusion,2,10,11,10,CC-BY-4.0
AVP-R-0031,train,lanl,CVE-2021-56443,CWE-200,T1078.001,Role Confusion,3,9,10,9,CC-BY-4.0
AVP-R-0032,train,lanl,CVE-2021-46579,CWE-620,T1557.001,NTLM Relay,2,9,10,9,CC-BY-4.0
AVP-R-0033,train,lmdg-synthetic,CVE-2023-46031,CWE-307,T1021.006;T1557.001,NTLM Relay,1,7,8,7,CC-BY-4.0
AVP-R-0034,train,mitre-engenuity,CVE-2022-45483,CWE-200,T1029,Slow Exfiltration,3,10,11,10,CC-BY-4.0
AVP-R-0035,train,lanl,CVE-2023-66581,CWE-307,T1029,Slow Exfiltration,4,9,10,9,CC-BY-4.0
AVP-R-0036,train,mitre-engenuity,CVE-2023-56306,CWE-640,T1029,Slow Exfiltration,3,7,8,7,CC-BY-4.0
AVP-R-0037,train,lmdg-synthetic,CVE-2022-11781,CWE-307,T1087;T1557.001,NTLM Relay,1,6,7,6,CC-BY-4.0
AVP-R-0038,train,lanl,CVE-2023-14384,CWE-798,T1557.001,NTLM Relay,3,10,11,10,CC-BY-4.0
AVP-R-0039,train,lanl,CVE-2021-14110,CWE-287,T1557.001,NTLM Relay,1,8,9,8,CC-BY-4.0
AVP-R-0040,train,lanl,CVE-2021-33838,CWE-521,T1557.001,NTLM Relay,1,5,6,5,CC-BY-4.0
AVP-R-0041,train,mitre-engenuity,CVE-2023-42743,CWE-200,T1029,Slow Exfiltration,1,8,9,8,CC-BY-4.0
AVP-R-0042,train,lanl,CVE-2021-42058,CWE-521,T1029,Slow Exfiltration,3,7,8,7,CC-BY-4.0
AVP-R-0043,train,mitre-engenuity,CVE-2022-59046,CWE-640,T1078,Noisy Decoy,3,5,6,5,CC-BY-4.0
AVP-R-0044,train,lanl,CVE-2021-14521,CWE-307,T1047;T1569.002,Tool Injection,4,5,6,5,CC-BY-4.0
AVP-R-0045,train,mitre-engenuity,CVE-2021-36715,CWE-384,T1557.001,NTLM Relay,3,9,10,9,CC-BY-4.0
AVP-R-0046,train,lmdg-synthetic,CVE-2022-42195,CWE-384,T1087;T1557.001,NTLM Relay,1,8,9,8,CC-BY-4.0
AVP-R-0047,train,lanl,CVE-2023-36989,CWE-620,T1078,Noisy Decoy,2,10,11,10,CC-BY-4.0
AVP-R-0048,train,lanl,CVE-2021-63430,CWE-287,T1029,Slow Exfiltration,1,9,10,9,CC-BY-4.0
AVP-R-0049,train,lanl,CVE-2021-45346,CWE-640,T1029,Slow Exfiltration,1,8,9,8,CC-BY-4.0
AVP-R-0050,train,lanl,CVE-2023-36578,CWE-521,T1078.001,Role Confusion,3,5,6,5,CC-BY-4.0
AVP-R-0051,train,mitre-engenuity,CVE-2021-39181,CWE-307,T1047;T1569.002,Tool Injection,2,5,6,5,CC-BY-4.0
AVP-R-0052,train,lanl,CVE-2022-65622,CWE-613,T1557.001,NTLM Relay,2,7,8,7,CC-BY-4.0
AVP-R-0053,train,lanl,CVE-2023-52607,CWE-306,T1029,Slow Exfiltration,1,9,10,9,CC-BY-4.0
AVP-R-0054,train,lmdg-synthetic,CVE-2023-34934,CWE-798,T1018;T1047;T1569.002,Tool Injection,1,8,9,8,CC-BY-4.0
AVP-R-0055,train,mitre-engenuity,CVE-2022-50826,CWE-640,T1078.001,Role Confusion,2,10,11,10,CC-BY-4.0
AVP-R-0056,train,lanl,CVE-2023-57539,CWE-620,T1078,Noisy Decoy,1,6,7,6,CC-BY-4.0
AVP-R-0057,train,mitre-engenuity,CVE-2022-33975,CWE-384,T1047;T1569.002,Tool Injection,4,8,9,8,CC-BY-4.0
AVP-R-0058,train,mitre-engenuity,CVE-2022-60690,CWE-287,T1557.001,NTLM Relay,1,6,7,6,CC-BY-4.0
AVP-R-0059,train,lmdg-synthetic,CVE-2022-62745,CWE-384,T1059.001;T1078.001,Role Confusion,3,5,6,5,CC-BY-4.0
AVP-R-0060,train,mitre-engenuity,CVE-2022-58635,CWE-384,T1078.001,Role Confusion,3,7,8,7,CC-BY-4.0
AVP-R-0061,train,lanl,CVE-2021-49456,CWE-640,T1029,Slow Exfiltration,3,5,6,5,CC-BY-4.0
AVP-R-0062,train,mitre-engenuity,CVE-2021-59731,CWE-307,T1029,Slow Exfiltration,1,10,11,10,CC-BY-4.0
AVP-R-0063,train,lanl,CVE-2021-42058,CWE-521,T1078,Noisy Decoy,3,8,9,8,CC-BY-4.0
AVP-R-0064,train,lanl,CVE-2021-40825,CWE-384,T1078,Noisy Decoy,1,8,9,8,CC-BY-4.0
AVP-R-0065,train,mitre-engenuity,CVE-2022-45483,CWE-200,T1078.001,Role Confusion,4,8,9,8,CC-BY-4.0
AVP-R-0066,train,mitre-engenuity,CVE-2022-59457,CWE-306,T1078.001,Role Confusion,1,6,7,6,CC-BY-4.0
AVP-R-0067,train,mitre-engenuity,CVE-2021-51511,CWE-307,T1078,Noisy Decoy,3,5,6,5,CC-BY-4.0
AVP-R-0068,train,mitre-engenuity,CVE-2023-36578,CWE-521,T1557.001,NTLM Relay,1,7,8,7,CC-BY-4.0
AVP-R-0069,train,lanl,CVE-2023-16028,CWE-521,T1078,Noisy Decoy,1,7,8,7,CC-BY-4.0
AVP-R-0070,train,mitre-engenuity,CVE-2021-58087,CWE-306,T1029,Slow Exfiltration,1,6,7,6,CC-BY-4.0
AVP-R-0071,train,lmdg-synthetic,CVE-2023-33290,CWE-287,T1029;T1059.001,Slow Exfiltration,1,7,8,7,CC-BY-4.0
AVP-R-0072,train,mitre-engenuity,CVE-2021-52744,CWE-798,T1078.001,Role Confusion,4,6,7,6,CC-BY-4.0
AVP-R-0073,train,mitre-engenuity,CVE-2021-12466,CWE-640,T1078.001,Role Confusion,3,6,7,6,CC-BY-4.0
AVP-R-0074,train,mitre-engenuity,CVE-2022-53703,CWE-200,T1047;T1569.002,Tool Injection,3,8,9,8,CC-BY-4.0
AVP-R-0075,train,mitre-engenuity,CVE-2022-17535,CWE-384,T1557.001,NTLM Relay,1,8,9,8,CC-BY-4.0
AVP-R-0076,train,lanl,CVE-2023-32879,CWE-620,T1078.001,Role Confusion,2,7,8,7,CC-BY-4.0
AVP-R-0077,train,lanl,CVE-2023-16850,CWE-287,T1047;T1569.002,Tool Injection,3,5,6,5,CC-BY-4.0
AVP-R-0078,train,lmdg-synthetic,CVE-2023-43154,CWE-798,T1021.006;T1047;T1569.002,Tool Injection,4,5,6,5,CC-BY-4.0
AVP-R-0079,train,lanl,CVE-2023-57539,CWE-620,T1047;T1569.002,Tool Injection,4,8,9,8,CC-BY-4.0
AVP-R-0080,train,lanl,CVE-2023-43976,CWE-640,T1029,Slow Exfiltration,1,8,9,8,CC-BY-4.0
AVP-R-0081,train,lanl,CVE-2023-53018,CWE-521,T1078,Noisy Decoy,1,7,8,7,CC-BY-4.0
AVP-R-0082,train,lanl,CVE-2023-18083,CWE-200,T1078.001,Role Confusion,3,7,8,7,CC-BY-4.0
AVP-R-0083,train,mitre-engenuity,CVE-2023-47675,CWE-384,T1029,Slow Exfiltration,2,5,6,5,CC-BY-4.0
AVP-R-0084,train,lanl,CVE-2021-55210,CWE-287,T1047;T1569.002,Tool Injection,1,10,11,10,CC-BY-4.0
AVP-R-0085,train,lanl,CVE-2022-46716,CWE-640,T1047;T1569.002,Tool Injection,1,10,11,10,CC-BY-4.0
AVP-R-0086,train,lanl,CVE-2021-61786,CWE-640,T1557.001,NTLM Relay,2,5,6,5,CC-BY-4.0
AVP-R-0087,train,lanl,CVE-2021-65485,CWE-384,T1557.001,NTLM Relay,1,8,9,8,CC-BY-4.0
AVP-R-0088,train,mitre-engenuity,CVE-2022-41784,CWE-798,T1078.001,Role Confusion,1,5,6,5,CC-BY-4.0
AVP-R-0089,train,lanl,CVE-2022-59046,CWE-640,T1029,Slow Exfiltration,2,8,9,8,CC-BY-4.0
AVP-R-0090,train,mitre-engenuity,CVE-2023-33701,CWE-307,T1078.001,Role Confusion,3,8,9,8,CC-BY-4.0
AVP-R-0091,train,mitre-engenuity,CVE-2022-39729,CWE-620,T1029,Slow Exfiltration,3,4,5,4,CC-BY-4.0
AVP-R-0092,train,lmdg-synthetic,CVE-2021-60553,CWE-200,T1047;T1059.003;T1569.002,Tool Injection,1,5,6,5,CC-BY-4.0
AVP-R-0093,train,mitre-engenuity,CVE-2022-41784,CWE-798,T1029,Slow Exfiltration,1,8,9,8,CC-BY-4.0
AVP-R-0094,train,lmdg-synthetic,CVE-2022-15480,CWE-287,T1021.006;T1557.001,NTLM Relay,1,5,6,5,CC-BY-4.0
AVP-R-0095,train,mitre-engenuity,CVE-2021-36304,CWE-798,T1029,Slow Exfiltration,1,5,6,5,CC-BY-4.0
AVP-R-0096,train,lanl,CVE-2022-10959,CWE-620,T1029,Slow Exfiltration,2,8,9,8,CC-BY-4.0
AVP-R-0097,train,lanl,CVE-2023-44387,CWE-306,T1078,Noisy Decoy,2,6,7,6,CC-BY-4.0
AVP-R-0098,train,lmdg-synthetic,CVE-2022-49593,CWE-200,T1021.004;T1047;T1569.002,Tool Injection,3,5,6,5,CC-BY-4.0
AVP-R-0099,train,lanl,CVE-2023-33290,CWE-287,T1047;T1569.002,Tool Injection,1,6,7,6,CC-BY-4.0
AVP-R-0100,train,lanl,CVE-2022-10959,CWE-620,T1029,Slow Exfiltration,4,8,9,8,CC-BY-4.0
AVP-R-0101,train,mitre-engenuity,CVE-2022-35619,CWE-620,T1078,Noisy Decoy,1,5,6,5,CC-BY-4.0
AVP-R-0102,train,lmdg-synthetic,CVE-2023-13562,CWE-613,T1021.004;T1078.001,Role Confusion,2,5,6,5,CC-BY-4.0
AVP-R-0103,train,lanl,CVE-2023-34112,CWE-613,T1078.001,Role Confusion,2,6,7,6,CC-BY-4.0
AVP-R-0104,train,lanl,CVE-2021-13288,CWE-521,T1047;T1569.002,Tool Injection,3,7,8,7,CC-BY-4.0
AVP-R-0105,train,mitre-engenuity,CVE-2021-43702,CWE-613,T1029,Slow Exfiltration,1,6,7,6,CC-BY-4.0
AVP-R-0106,train,lmdg-synthetic,CVE-2021-63430,CWE-287,T1059.003;T1078.001,Role Confusion,4,10,11,10,CC-BY-4.0
AVP-R-0107,train,lmdg-synthetic,CVE-2021-14932,CWE-613,T1018;T1557.001,NTLM Relay,1,6,7,6,CC-BY-4.0
AVP-R-0108,train,lmdg-synthetic,CVE-2021-36715,CWE-384,T1049;T1078,Noisy Decoy,1,9,10,9,CC-BY-4.0
AVP-R-0109,train,mitre-engenuity,CVE-2022-38907,CWE-306,T1078,Noisy Decoy,1,6,7,6,CC-BY-4.0
AVP-R-0110,train,mitre-engenuity,CVE-2023-60416,CWE-640,T1078.001,Role Confusion,1,5,6,5,CC-BY-4.0
AVP-R-0111,train,mitre-engenuity,CVE-2023-55895,CWE-384,T1078.001,Role Confusion,3,10,11,10,CC-BY-4.0
AVP-R-0112,train,mitre-engenuity,CVE-2021-33427,CWE-306,T1047;T1569.002,Tool Injection,2,8,9,8,CC-BY-4.0
AVP-R-0113,train,lanl,CVE-2021-34249,CWE-620,T1029,Slow Exfiltration,2,5,6,5,CC-BY-4.0
AVP-R-0114,train,lmdg-synthetic,CVE-2022-48771,CWE-307,T1018;T1078,Noisy Decoy,4,8,9,8,CC-BY-4.0
AVP-R-0115,train,mitre-engenuity,CVE-2021-64252,CWE-613,T1557.001,NTLM Relay,1,9,10,9,CC-BY-4.0
AVP-R-0116,train,lanl,CVE-2023-43565,CWE-384,T1078.001,Role Confusion,4,6,7,6,CC-BY-4.0
AVP-R-0117,train,mitre-engenuity,CVE-2021-34249,CWE-620,T1047;T1569.002,Tool Injection,3,10,11,10,CC-BY-4.0
AVP-R-0118,train,lanl,CVE-2022-38496,CWE-640,T1078.001,Role Confusion,4,6,7,6,CC-BY-4.0
AVP-R-0119,train,mitre-engenuity,CVE-2021-63430,CWE-287,T1029,Slow Exfiltration,2,6,7,6,CC-BY-4.0
AVP-R-0120,train,mitre-engenuity,CVE-2023-60416,CWE-640,T1029,Slow Exfiltration,4,6,7,6,CC-BY-4.0
AVP-R-0121,train,mitre-engenuity,CVE-2022-43839,CWE-620,T1078,Noisy Decoy,2,6,7,6,CC-BY-4.0
AVP-R-0122,train,lanl,CVE-2022-47538,CWE-521,T1047;T1569.002,Tool Injection,4,5,6,5,CC-BY-4.0
AVP-R-0123,train,lanl,CVE-2022-41373,CWE-200,T1029,Slow Exfiltration,2,8,9,8,CC-BY-4.0
AVP-R-0124,train,lmdg-synthetic,CVE-2023-64526,CWE-640,T1049;T1557.001,NTLM Relay,2,5,6,5,CC-BY-4.0
AVP-R-0125,train,mitre-engenuity,CVE-2023-49319,CWE-620,T1029,Slow Exfiltration,2,5,6,5,CC-BY-4.0
AVP-R-0126,train,lmdg-synthetic,CVE-2022-40551,CWE-307,T1021.004;T1078.001,Role Confusion,3,7,8,7,CC-BY-4.0
AVP-R-0127,train,lanl,CVE-2023-44798,CWE-521,T1078,Noisy Decoy,1,7,8,7,CC-BY-4.0
AVP-R-0128,train,lanl,CVE-2023-50141,CWE-307,T1557.001,NTLM Relay,2,5,6,5,CC-BY-4.0
AVP-R-0129,train,lanl,CVE-2023-64526,CWE-640,T1078.001,Role Confusion,3,6,7,6,CC-BY-4.0
AVP-R-0130,train,lanl,CVE-2021-62608,CWE-521,T1078.001,Role Confusion,2,5,6,5,CC-BY-4.0
AVP-R-0131,train,lanl,CVE-2022-49182,CWE-613,T1029,Slow Exfiltration,2,9,10,9,CC-BY-4.0
AVP-R-0132,train,lmdg-synthetic,CVE-2022-34386,CWE-640,T1049;T1557.001,NTLM Relay,4,9,10,9,CC-BY-4.0
AVP-R-0133,train,mitre-engenuity,CVE-2022-43839,CWE-620,T1557.001,NTLM Relay,3,6,7,6,CC-BY-4.0
AVP-R-0134,train,lanl,CVE-2021-14932,CWE-613,T1078.001,Role Confusion,3,10,11,10,CC-BY-4.0
AVP-R-0135,train,mitre-engenuity,CVE-2022-55347,CWE-306,T1047;T1569.002,Tool Injection,2,7,8,7,CC-BY-4.0
AVP-R-0136,train,lmdg-synthetic,CVE-2021-34249,CWE-620,T1021.004;T1557.001,NTLM Relay,3,9,10,9,CC-BY-4.0
AVP-R-0137,train,mitre-engenuity,CVE-2021-57265,CWE-384,T1047;T1569.002,Tool Injection,1,5,6,5,CC-BY-4.0
AVP-R-0138,train,lmdg-synthetic,CVE-2021-42880,CWE-287,T1078;T1087,Noisy Decoy,1,5,6,5,CC-BY-4.0
AVP-R-0139,train,mitre-engenuity,CVE-2023-63293,CWE-200,T1047;T1569.002,Tool Injection,4,5,6,5,CC-BY-4.0
AVP-R-0140,train,lmdg-synthetic,CVE-2023-33290,CWE-287,T1021.004;T1078.001,Role Confusion,4,10,11,10,CC-BY-4.0
AVP-R-0141,train,lanl,CVE-2022-45894,CWE-798,T1557.001,NTLM Relay,1,5,6,5,CC-BY-4.0
AVP-R-0142,train,mitre-engenuity,CVE-2023-34523,CWE-200,T1557.001,NTLM Relay,2,8,9,8,CC-BY-4.0
AVP-R-0143,train,mitre-engenuity,CVE-2023-43976,CWE-640,T1557.001,NTLM Relay,2,7,8,7,CC-BY-4.0
AVP-R-0144,train,mitre-engenuity,CVE-2022-17535,CWE-384,T1047;T1569.002,Tool Injection,3,10,11,10,CC-BY-4.0
AVP-R-0145,train,mitre-engenuity,CVE-2022-10137,CWE-306,T1029,Slow Exfiltration,2,9,10,9,CC-BY-4.0
AVP-R-0146,train,lmdg-synthetic,CVE-2023-12329,CWE-620,T1049;T1078,Noisy Decoy,1,5,6,5,CC-BY-4.0
AVP-R-0147,train,lanl,CVE-2021-10000,CWE-287,T1557.001,NTLM Relay,4,8,9,8,CC-BY-4.0
AVP-R-0148,train,lmdg-synthetic,CVE-2023-38633,CWE-200,T1021.006;T1047;T1569.002,Tool Injection,2,9,10,9,CC-BY-4.0
AVP-R-0149,train,lanl,CVE-2023-41099,CWE-620,T1047;T1569.002,Tool Injection,2,7,8,7,CC-BY-4.0
AVP-R-0150,train,lmdg-synthetic,CVE-2021-12055,CWE-384,T1018;T1078,Noisy Decoy,1,6,7,6,CC-BY-4.0
AVP-R-0151,train,mitre-engenuity,CVE-2021-56443,CWE-200,T1078,Noisy Decoy,1,8,9,8,CC-BY-4.0
AVP-R-0152,train,lanl,CVE-2023-61649,CWE-620,T1047;T1569.002,Tool Injection,1,5,6,5,CC-BY-4.0
AVP-R-0153,train,lanl,CVE-2023-39044,CWE-798,T1047;T1569.002,Tool Injection,2,8,9,8,CC-BY-4.0
AVP-R-0154,train,mitre-engenuity,CVE-2021-50689,CWE-620,T1078.001,Role Confusion,1,7,8,7,CC-BY-4.0
AVP-R-0155,train,mitre-engenuity,CVE-2021-37948,CWE-521,T1078.001,Role Confusion,2,6,7,6,CC-BY-4.0
AVP-R-0156,train,lanl,CVE-2022-43017,CWE-306,T1078.001,Role Confusion,2,8,9,8,CC-BY-4.0
AVP-R-0157,train,lmdg-synthetic,CVE-2022-63567,CWE-306,T1018;T1047;T1569.002,Tool Injection,3,8,9,8,CC-BY-4.0
AVP-R-0158,train,lmdg-synthetic,CVE-2022-55347,CWE-306,T1018;T1029,Slow Exfiltration,1,5,6,5,CC-BY-4.0
AVP-R-0159,train,mitre-engenuity,CVE-2023-46031,CWE-307,T1078.001,Role Confusion,1,9,10,9,CC-BY-4.0
AVP-R-0160,train,mitre-engenuity,CVE-2022-59457,CWE-306,T1078,Noisy Decoy,2,10,11,10,CC-BY-4.0
AVP-R-0161,train,lmdg-synthetic,CVE-2023-54662,CWE-613,T1021.006;T1047;T1569.002,Tool Injection,3,6,7,6,CC-BY-4.0
AVP-R-0162,train,mitre-engenuity,CVE-2023-66170,CWE-287,T1078,Noisy Decoy,3,10,11,10,CC-BY-4.0
AVP-R-0163,train,lanl,CVE-2022-47538,CWE-521,T1078.001,Role Confusion,3,9,10,9,CC-BY-4.0
AVP-R-0164,train,lanl,CVE-2023-62471,CWE-307,T1047;T1569.002,Tool Injection,3,10,11,10,CC-BY-4.0
AVP-R-0165,train,lmdg-synthetic,CVE-2022-17946,CWE-640,T1021.006;T1078,Noisy Decoy,3,6,7,6,CC-BY-4.0
AVP-R-0166,train,lanl,CVE-2023-10274,CWE-798,T1557.001,NTLM Relay,1,9,10,9,CC-BY-4.0
AVP-R-0167,train,lmdg-synthetic,CVE-2022-33153,CWE-200,T1047;T1049;T1569.002,Tool Injection,3,8,9,8,CC-BY-4.0
AVP-R-0168,train,lanl,CVE-2022-37674,CWE-798,T1078,Noisy Decoy,1,6,7,6,CC-BY-4.0
AVP-R-0169,train,lanl,CVE-2021-35071,CWE-307,T1047;T1569.002,Tool Injection,2,9,10,9,CC-BY-4.0
AVP-R-0170,train,mitre-engenuity,CVE-2022-62745,CWE-384,T1078.001,Role Confusion,2,5,6,5,CC-BY-4.0
AVP-R-0171,train,lanl,CVE-2023-49730,CWE-287,T1078,Noisy Decoy,2,9,10,9,CC-BY-4.0
AVP-R-0172,train,mitre-engenuity,CVE-2023-16850,CWE-287,T1029,Slow Exfiltration,1,7,8,7,CC-BY-4.0
AVP-R-0173,train,mitre-engenuity,CVE-2023-62882,CWE-613,T1557.001,NTLM Relay,1,7,8,7,CC-BY-4.0
AVP-R-0174,train,lmdg-synthetic,CVE-2021-10822,CWE-613,T1049;T1557.001,NTLM Relay,1,7,8,7,CC-BY-4.0
AVP-R-0175,train,lanl,CVE-2022-62745,CWE-384,T1078,Noisy Decoy,1,9,10,9,CC-BY-4.0
AVP-R-0176,train,lanl,CVE-2021-60553,CWE-200,T1029,Slow Exfiltration,2,9,10,9,CC-BY-4.0
AVP-R-0177,train,lanl,CVE-2021-10411,CWE-307,T1557.001,NTLM Relay,1,6,7,6,CC-BY-4.0
AVP-R-0178,train,lanl,CVE-2023-64937,CWE-306,T1047;T1569.002,Tool Injection,3,9,10,9,CC-BY-4.0
AVP-R-0179,train,mitre-engenuity,CVE-2022-16713,CWE-200,T1557.001,NTLM Relay,1,6,7,6,CC-BY-4.0
AVP-R-0180,train,mitre-engenuity,CVE-2023-38222,CWE-613,T1029,Slow Exfiltration,3,9,10,9,CC-BY-4.0
AVP-R-0181,train,lanl,CVE-2021-37126,CWE-640,T1078.001,Role Confusion,1,6,7,6,CC-BY-4.0
AVP-R-0182,train,lanl,CVE-2022-16713,CWE-200,T1029,Slow Exfiltration,2,7,8,7,CC-BY-4.0
AVP-R-0183,train,lanl,CVE-2023-16028,CWE-521,T1557.001,NTLM Relay,2,6,7,6,CC-BY-4.0
AVP-R-0184,train,mitre-engenuity,CVE-2022-57402,CWE-613,T1047;T1569.002,Tool Injection,4,6,7,6,CC-BY-4.0
AVP-R-0185,train,lanl,CVE-2023-12329,CWE-620,T1557.001,NTLM Relay,4,9,10,9,CC-BY-4.0
AVP-R-0186,train,lmdg-synthetic,CVE-2023-57128,CWE-521,T1018;T1557.001,NTLM Relay,1,7,8,7,CC-BY-4.0
AVP-R-0187,train,mitre-engenuity,CVE-2022-63978,CWE-521,T1078.001,Role Confusion,2,5,6,5,CC-BY-4.0
AVP-R-0188,train,mitre-engenuity,CVE-2021-40825,CWE-384,T1078,Noisy Decoy,4,6,7,6,CC-BY-4.0
AVP-R-0189,train,mitre-engenuity,CVE-2023-10685,CWE-384,T1078,Noisy Decoy,2,5,6,5,CC-BY-4.0
AVP-R-0190,train,lmdg-synthetic,CVE-2022-43017,CWE-306,T1059.001;T1078,Noisy Decoy,1,8,9,8,CC-BY-4.0
AVP-R-0191,train,lanl,CVE-2023-60827,CWE-306,T1078.001,Role Confusion,4,10,11,10,CC-BY-4.0
AVP-R-0192,train,lanl,CVE-2021-59320,CWE-287,T1078.001,Role Confusion,3,8,9,8,CC-BY-4.0
AVP-R-0193,train,lmdg-synthetic,CVE-2022-13014,CWE-798,T1021.006;T1029,Slow Exfiltration,2,6,7,6,CC-BY-4.0
AVP-R-0194,train,lmdg-synthetic,CVE-2021-60964,CWE-798,T1087;T1557.001,NTLM Relay,1,10,11,10,CC-BY-4.0
AVP-R-0195,train,lanl,CVE-2023-16850,CWE-287,T1078.001,Role Confusion,3,10,11,10,CC-BY-4.0
AVP-R-0196,train,mitre-engenuity,CVE-2023-65759,CWE-620,T1557.001,NTLM Relay,1,5,6,5,CC-BY-4.0
AVP-R-0197,train,mitre-engenuity,CVE-2022-59868,CWE-521,T1029,Slow Exfiltration,3,10,11,10,CC-BY-4.0
AVP-R-0198,train,lanl,CVE-2022-17946,CWE-640,T1557.001,NTLM Relay,1,5,6,5,CC-BY-4.0
AVP-R-0199,train,lanl,CVE-2022-38496,CWE-640,T1047;T1569.002,Tool Injection,2,9,10,9,CC-BY-4.0
AVP-R-0200,train,lanl,CVE-2021-66718,CWE-521,T1078.001,Role Confusion,1,8,9,8,CC-BY-4.0
AVP-R-0201,train,mitre-engenuity,CVE-2022-58635,CWE-384,T1078.001,Role Confusion,4,10,11,10,CC-BY-4.0
AVP-R-0202,train,lmdg-synthetic,CVE-2022-17535,CWE-384,T1029;T1049,Slow Exfiltration,4,10,11,10,CC-BY-4.0
AVP-R-0203,train,lmdg-synthetic,CVE-2021-10411,CWE-307,T1018;T1078.001,Role Confusion,3,9,10,9,CC-BY-4.0
AVP-R-0204,train,lanl,CVE-2021-53566,CWE-640,T1078,Noisy Decoy,4,9,10,9,CC-BY-4.0
AVP-R-0205,train,lmdg-synthetic,CVE-2021-12466,CWE-640,T1029;T1059.001,Slow Exfiltration,1,7,8,7,CC-BY-4.0
AVP-R-0206,train,mitre-engenuity,CVE-2022-61512,CWE-613,T1047;T1569.002,Tool Injection,2,7,8,7,CC-BY-4.0
AVP-R-0207,train,mitre-engenuity,CVE-2022-38496,CWE-640,T1078,Noisy Decoy,2,8,9,8,CC-BY-4.0
AVP-R-0208,train,mitre-engenuity,CVE-2022-16302,CWE-613,T1078,Noisy Decoy,2,6,7,6,CC-BY-4.0
AVP-R-0209,train,mitre-engenuity,CVE-2022-58635,CWE-384,T1029,Slow Exfiltration,1,6,7,6,CC-BY-4.0
AVP-R-0210,train,mitre-engenuity,CVE-2023-11918,CWE-521,T1029,Slow Exfiltration,3,7,8,7,CC-BY-4.0
AVP-R-0211,train,lanl,CVE-2022-66444,CWE-798,T1047;T1569.002,Tool Injection,4,8,9,8,CC-BY-4.0
AVP-R-0212,train,lmdg-synthetic,CVE-2022-62745,CWE-384,T1059.003;T1557.001,NTLM Relay,4,5,6,5,CC-BY-4.0
AVP-R-0213,train,lmdg-synthetic,CVE-2022-11781,CWE-307,T1021.004;T1557.001,NTLM Relay,2,8,9,8,CC-BY-4.0
AVP-R-0214,train,mitre-engenuity,CVE-2023-63704,CWE-798,T1047;T1569.002,Tool Injection,2,9,10,9,CC-BY-4.0
AVP-R-0215,train,mitre-engenuity,CVE-2022-35208,CWE-521,T1557.001,NTLM Relay,1,10,11,10,CC-BY-4.0
AVP-R-0216,train,lmdg-synthetic,CVE-2021-47401,CWE-307,T1021.001;T1557.001,NTLM Relay,1,6,7,6,CC-BY-4.0
AVP-R-0217,train,lanl,CVE-2021-60964,CWE-798,T1078,Noisy Decoy,1,8,9,8,CC-BY-4.0
AVP-R-0218,train,mitre-engenuity,CVE-2021-33427,CWE-306,T1557.001,NTLM Relay,3,6,7,6,CC-BY-4.0
AVP-R-0219,train,lanl,CVE-2023-45620,CWE-287,T1078,Noisy Decoy,1,7,8,7,CC-BY-4.0
AVP-R-0220,train,lanl,CVE-2023-61649,CWE-620,T1047;T1569.002,Tool Injection,2,6,7,6,CC-BY-4.0
AVP-R-0221,train,lanl,CVE-2023-55073,CWE-200,T1047;T1569.002,Tool Injection,4,7,8,7,CC-BY-4.0
AVP-R-0222,train,mitre-engenuity,CVE-2022-65622,CWE-613,T1078.001,Role Confusion,2,10,11,10,CC-BY-4.0
AVP-R-0223,train,mitre-engenuity,CVE-2023-39044,CWE-798,T1078,Noisy Decoy,4,5,6,5,CC-BY-4.0
AVP-R-0224,train,lanl,CVE-2022-65211,CWE-307,T1029,Slow Exfiltration,1,7,8,7,CC-BY-4.0
AVP-R-0225,train,lanl,CVE-2022-54525,CWE-384,T1557.001,NTLM Relay,2,8,9,8,CC-BY-4.0
AVP-R-0226,train,lmdg-synthetic,CVE-2022-43839,CWE-620,T1029;T1049,Slow Exfiltration,3,9,10,9,CC-BY-4.0
AVP-R-0227,train,mitre-engenuity,CVE-2021-33016,CWE-640,T1557.001,NTLM Relay,3,7,8,7,CC-BY-4.0
AVP-R-0228,train,lmdg-synthetic,CVE-2023-10274,CWE-798,T1049;T1078.001,Role Confusion,2,5,6,5,CC-BY-4.0
AVP-R-0229,train,lmdg-synthetic,CVE-2021-14521,CWE-307,T1059.003;T1078.001,Role Confusion,1,8,9,8,CC-BY-4.0
AVP-R-0230,train,mitre-engenuity,CVE-2023-64526,CWE-640,T1078,Noisy Decoy,1,6,7,6,CC-BY-4.0
AVP-R-0231,train,mitre-engenuity,CVE-2022-56580,CWE-287,T1557.001,NTLM Relay,1,7,8,7,CC-BY-4.0
AVP-R-0232,train,mitre-engenuity,CVE-2021-56032,CWE-613,T1047;T1569.002,Tool Injection,4,7,8,7,CC-BY-4.0
AVP-R-0233,train,lmdg-synthetic,CVE-2021-56443,CWE-200,T1021.006;T1078.001,Role Confusion,3,5,6,5,CC-BY-4.0
AVP-R-0234,train,mitre-engenuity,CVE-2023-44387,CWE-306,T1047;T1569.002,Tool Injection,1,9,10,9,CC-BY-4.0
AVP-R-0235,train,lanl,CVE-2021-53566,CWE-640,T1078,Noisy Decoy,4,6,7,6,CC-BY-4.0
AVP-R-0236,train,lanl,CVE-2021-44524,CWE-798,T1047;T1569.002,Tool Injection,2,6,7,6,CC-BY-4.0
AVP-R-0237,train,lanl,CVE-2023-38222,CWE-613,T1029,Slow Exfiltration,3,7,8,7,CC-BY-4.0
AVP-R-0238,train,lmdg-synthetic,CVE-2021-43702,CWE-613,T1021.001;T1557.001,NTLM Relay,1,8,9,8,CC-BY-4.0
AVP-R-0239,train,mitre-engenuity,CVE-2023-64115,CWE-384,T1078.001,Role Confusion,3,5,6,5,CC-BY-4.0
AVP-R-0240,train,mitre-engenuity,CVE-2022-12603,CWE-200,T1047;T1569.002,Tool Injection,2,8,9,8,CC-BY-4.0
AVP-R-0241,train,lanl,CVE-2023-56306,CWE-640,T1047;T1569.002,Tool Injection,3,7,8,7,CC-BY-4.0
AVP-R-0242,train,mitre-engenuity,CVE-2021-13288,CWE-521,T1029,Slow Exfiltration,1,8,9,8,CC-BY-4.0
AVP-R-0243,train,lmdg-synthetic,CVE-2023-62882,CWE-613,T1021.001;T1078.001,Role Confusion,2,6,7,6,CC-BY-4.0
AVP-R-0244,train,lanl,CVE-2022-17124,CWE-798,T1047;T1569.002,Tool Injection,1,5,6,5,CC-BY-4.0
AVP-R-0245,train,lmdg-synthetic,CVE-2021-16987,CWE-306,T1021.001;T1047;T1569.002,Tool Injection,1,9,10,9,CC-BY-4.0
AVP-R-0246,train,mitre-engenuity,CVE-2023-55073,CWE-200,T1078.001,Role Confusion,4,5,6,5,CC-BY-4.0
AVP-R-0247,train,mitre-engenuity,CVE-2021-10822,CWE-613,T1029,Slow Exfiltration,2,7,8,7,CC-BY-4.0
AVP-R-0248,train,lanl,CVE-2022-56991,CWE-307,T1078,Noisy Decoy,4,5,6,5,CC-BY-4.0
AVP-R-0249,train,mitre-engenuity,CVE-2021-40414,CWE-798,T1078,Noisy Decoy,1,7,8,7,CC-BY-4.0
AVP-R-0250,train,lmdg-synthetic,CVE-2023-36578,CWE-521,T1018;T1557.001,NTLM Relay,1,9,10,9,CC-BY-4.0
AVP-R-0251,train,lanl,CVE-2022-47127,CWE-306,T1029,Slow Exfiltration,1,10,11,10,CC-BY-4.0
AVP-R-0252,train,mitre-engenuity,CVE-2021-14521,CWE-307,T1078.001,Role Confusion,2,7,8,7,CC-BY-4.0
AVP-R-0253,train,mitre-engenuity,CVE-2021-57265,CWE-384,T1078,Noisy Decoy,2,5,6,5,CC-BY-4.0
AVP-R-0254,train,mitre-engenuity,CVE-2023-47264,CWE-798,T1029,Slow Exfiltration,3,5,6,5,CC-BY-4.0
AVP-R-0255,train,lanl,CVE-2023-12740,CWE-287,T1047;T1569.002,Tool Injection,1,9,10,9,CC-BY-4.0
AVP-R-0256,train,mitre-engenuity,CVE-2022-62745,CWE-384,T1047;T1569.002,Tool Injection,2,8,9,8,CC-BY-4.0
AVP-R-0257,train,lmdg-synthetic,CVE-2022-16713,CWE-200,T1021.004;T1078,Noisy Decoy,3,6,7,6,CC-BY-4.0
AVP-R-0258,train,mitre-engenuity,CVE-2021-54388,CWE-521,T1078,Noisy Decoy,3,9,10,9,CC-BY-4.0
AVP-R-0259,train,mitre-engenuity,CVE-2023-57128,CWE-521,T1557.001,NTLM Relay,4,10,11,10,CC-BY-4.0
AVP-R-0260,train,mitre-engenuity,CVE-2022-55758,CWE-521,T1557.001,NTLM Relay,2,9,10,9,CC-BY-4.0
AVP-R-0261,train,mitre-engenuity,CVE-2022-59046,CWE-640,T1078.001,Role Confusion,3,8,9,8,CC-BY-4.0
AVP-R-0262,train,lmdg-synthetic,CVE-2022-56991,CWE-307,T1021.001;T1557.001,NTLM Relay,3,8,9,8,CC-BY-4.0
AVP-R-0263,train,mitre-engenuity,CVE-2023-44387,CWE-306,T1029,Slow Exfiltration,3,6,7,6,CC-BY-4.0
AVP-R-0264,train,mitre-engenuity,CVE-2023-36578,CWE-521,T1557.001,NTLM Relay,2,5,6,5,CC-BY-4.0
AVP-R-0265,train,mitre-engenuity,CVE-2021-44113,CWE-200,T1078,Noisy Decoy,3,4,5,4,CC-BY-4.0
AVP-R-0266,train,lanl,CVE-2023-54251,CWE-307,T1047;T1569.002,Tool Injection,1,8,9,8,CC-BY-4.0
AVP-R-0267,train,mitre-engenuity,CVE-2023-44798,CWE-521,T1078,Noisy Decoy,1,10,11,10,CC-BY-4.0
AVP-R-0268,train,lmdg-synthetic,CVE-2021-46579,CWE-620,T1021.004;T1557.001,NTLM Relay,1,9,10,9,CC-BY-4.0
AVP-R-0269,train,lanl,CVE-2022-55347,CWE-306,T1047;T1569.002,Tool Injection,3,7,8,7,CC-BY-4.0
AVP-R-0270,train,lanl,CVE-2022-56580,CWE-287,T1029,Slow Exfiltration,2,5,6,5,CC-BY-4.0
AVP-R-0271,train,lmdg-synthetic,CVE-2021-52333,CWE-200,T1029;T1059.003,Slow Exfiltration,1,9,10,9,CC-BY-4.0
AVP-R-0272,train,lanl,CVE-2022-15480,CWE-287,T1557.001,NTLM Relay,1,8,9,8,CC-BY-4.0
AVP-R-0273,train,mitre-engenuity,CVE-2022-64389,CWE-620,T1029,Slow Exfiltration,3,8,9,8,CC-BY-4.0
AVP-R-0274,train,mitre-engenuity,CVE-2023-15206,CWE-640,T1557.001,NTLM Relay,1,6,7,6,CC-BY-4.0
AVP-R-0275,train,lanl,CVE-2021-44935,CWE-384,T1029,Slow Exfiltration,1,8,9,8,CC-BY-4.0
AVP-R-0276,train,lmdg-synthetic,CVE-2023-55895,CWE-384,T1049;T1078,Noisy Decoy,4,10,11,10,CC-BY-4.0
AVP-R-0277,train,lanl,CVE-2022-40551,CWE-307,T1029,Slow Exfiltration,1,7,8,7,CC-BY-4.0
AVP-R-0278,train,lmdg-synthetic,CVE-2022-55758,CWE-521,T1059.003;T1078.001,Role Confusion,4,10,11,10,CC-BY-4.0
AVP-R-0279,train,lanl,CVE-2022-52470,CWE-287,T1029,Slow Exfiltration,1,9,10,9,CC-BY-4.0
AVP-R-0280,train,lanl,CVE-2021-43291,CWE-307,T1078,Noisy Decoy,1,8,9,8,CC-BY-4.0
AVP-R-0281,train,lanl,CVE-2022-44661,CWE-307,T1078.001,Role Confusion,3,7,8,7,CC-BY-4.0
AVP-R-0282,train,lanl,CVE-2023-41099,CWE-620,T1029,Slow Exfiltration,2,5,6,5,CC-BY-4.0
AVP-R-0283,train,lanl,CVE-2022-47949,CWE-620,T1078.001,Role Confusion,2,7,8,7,CC-BY-4.0
AVP-R-0284,train,lmdg-synthetic,CVE-2021-45346,CWE-640,T1021.006;T1047;T1569.002,Tool Injection,4,10,11,10,CC-BY-4.0
AVP-R-0285,train,mitre-engenuity,CVE-2022-51648,CWE-521,T1047;T1569.002,Tool Injection,3,8,9,8,CC-BY-4.0
AVP-R-0286,train,lmdg-synthetic,CVE-2023-43565,CWE-384,T1021.004;T1047;T1569.002,Tool Injection,2,10,11,10,CC-BY-4.0
AVP-R-0287,train,lanl,CVE-2022-42195,CWE-384,T1557.001,NTLM Relay,1,6,7,6,CC-BY-4.0
AVP-R-0288,train,lmdg-synthetic,CVE-2022-45483,CWE-200,T1059.001;T1078.001,Role Confusion,4,8,9,8,CC-BY-4.0
AVP-R-0289,train,mitre-engenuity,CVE-2021-15754,CWE-798,T1078,Noisy Decoy,1,9,10,9,CC-BY-4.0
AVP-R-0290,train,mitre-engenuity,CVE-2022-37263,CWE-200,T1078.001,Role Confusion,1,6,7,6,CC-BY-4.0
AVP-R-0291,train,lanl,CVE-2021-36715,CWE-384,T1078.001,Role Confusion,3,10,11,10,CC-BY-4.0
AVP-R-0292,train,mitre-engenuity,CVE-2023-66581,CWE-307,T1078.001,Role Confusion,2,9,10,9,CC-BY-4.0
AVP-R-0293,train,lanl,CVE-2022-64800,CWE-287,T1078.001,Role Confusion,2,7,8,7,CC-BY-4.0
AVP-R-0294,train,mitre-engenuity,CVE-2022-33975,CWE-384,T1078.001,Role Confusion,3,9,10,9,CC-BY-4.0
AVP-R-0295,train,mitre-engenuity,CVE-2022-33564,CWE-798,T1078,Noisy Decoy,1,9,10,9,CC-BY-4.0
AVP-R-0296,train,lanl,CVE-2022-36030,CWE-287,T1029,Slow Exfiltration,1,7,8,7,CC-BY-4.0
AVP-R-0297,train,lanl,CVE-2021-14932,CWE-613,T1078.001,Role Confusion,4,5,6,5,CC-BY-4.0
AVP-R-0298,train,mitre-engenuity,CVE-2023-10274,CWE-798,T1078,Noisy Decoy,4,7,8,7,CC-BY-4.0
AVP-R-0299,train,lanl,CVE-2023-36167,CWE-306,T1557.001,NTLM Relay,1,7,8,7,CC-BY-4.0
AVP-R-0300,train,lanl,CVE-2023-15206,CWE-640,T1029,Slow Exfiltration,3,10,11,10,CC-BY-4.0
AVP-R-0301,train,mitre-engenuity,CVE-2023-45620,CWE-287,T1047;T1569.002,Tool Injection,2,9,10,9,CC-BY-4.0
AVP-R-0302,train,mitre-engenuity,CVE-2022-15891,CWE-307,T1078,Noisy Decoy,1,10,11,10,CC-BY-4.0
AVP-R-0303,train,lmdg-synthetic,CVE-2023-46442,CWE-613,T1018;T1557.001,NTLM Relay,4,9,10,9,CC-BY-4.0
AVP-R-0304,train,lanl,CVE-2022-37263,CWE-200,T1047;T1569.002,Tool Injection,1,6,7,6,CC-BY-4.0
AVP-R-0305,train,lanl,CVE-2022-41784,CWE-798,T1557.001,NTLM Relay,2,6,7,6,CC-BY-4.0
AVP-R-0306,train,lmdg-synthetic,CVE-2022-46305,CWE-384,T1018;T1557.001,NTLM Relay,4,6,7,6,CC-BY-4.0
AVP-R-0307,train,lanl,CVE-2023-59183,CWE-200,T1078,Noisy Decoy,2,6,7,6,CC-BY-4.0
AVP-R-0308,train,mitre-engenuity,CVE-2021-45346,CWE-640,T1078.001,Role Confusion,2,10,11,10,CC-BY-4.0
AVP-R-0309,train,mitre-engenuity,CVE-2023-52196,CWE-640,T1557.001,NTLM Relay,4,9,10,9,CC-BY-4.0
AVP-R-0310,train,lmdg-synthetic,CVE-2022-59046,CWE-640,T1029;T1087,Slow Exfiltration,3,7,8,7,CC-BY-4.0
AVP-R-0311,train,lmdg-synthetic,CVE-2021-53566,CWE-640,T1059.001;T1078.001,Role Confusion,2,7,8,7,CC-BY-4.0
AVP-R-0312,train,lmdg-synthetic,CVE-2021-16165,CWE-384,T1078.001;T1087,Role Confusion,1,5,6,5,CC-BY-4.0
AVP-R-0313,train,lanl,CVE-2021-43291,CWE-307,T1047;T1569.002,Tool Injection,1,10,11,10,CC-BY-4.0
AVP-R-0314,train,lanl,CVE-2022-43839,CWE-620,T1029,Slow Exfiltration,2,5,6,5,CC-BY-4.0
AVP-R-0315,train,lanl,CVE-2023-42332,CWE-613,T1078,Noisy Decoy,1,10,11,10,CC-BY-4.0
AVP-R-0316,train,lanl,CVE-2022-40962,CWE-613,T1078,Noisy Decoy,4,7,8,7,CC-BY-4.0
AVP-R-0317,train,lmdg-synthetic,CVE-2023-48497,CWE-306,T1029;T1087,Slow Exfiltration,1,9,10,9,CC-BY-4.0
AVP-R-0318,train,lmdg-synthetic,CVE-2021-16165,CWE-384,T1029;T1049,Slow Exfiltration,1,5,6,5,CC-BY-4.0
AVP-R-0319,train,lanl,CVE-2023-46442,CWE-613,T1029,Slow Exfiltration,2,9,10,9,CC-BY-4.0
AVP-R-0320,train,mitre-engenuity,CVE-2023-12329,CWE-620,T1047;T1569.002,Tool Injection,4,7,8,7,CC-BY-4.0
AVP-R-0321,train,mitre-engenuity,CVE-2023-41510,CWE-287,T1047;T1569.002,Tool Injection,3,5,6,5,CC-BY-4.0
AVP-R-0322,train,lanl,CVE-2023-64937,CWE-306,T1029,Slow Exfiltration,4,9,10,9,CC-BY-4.0
AVP-R-0323,train,mitre-engenuity,CVE-2022-44661,CWE-307,T1029,Slow Exfiltration,2,7,8,7,CC-BY-4.0
AVP-R-0324,train,lanl,CVE-2022-43017,CWE-306,T1557.001,NTLM Relay,2,6,7,6,CC-BY-4.0
AVP-R-0325,train,lanl,CVE-2021-58087,CWE-306,T1078,Noisy Decoy,4,8,9,8,CC-BY-4.0
AVP-R-0326,train,mitre-engenuity,CVE-2023-62882,CWE-613,T1029,Slow Exfiltration,3,9,10,9,CC-BY-4.0
AVP-R-0327,train,lanl,CVE-2022-43428,CWE-521,T1557.001,NTLM Relay,3,10,11,10,CC-BY-4.0
AVP-R-0328,train,lanl,CVE-2022-64389,CWE-620,T1078.001,Role Confusion,2,8,9,8,CC-BY-4.0
AVP-R-0329,train,lanl,CVE-2021-64663,CWE-200,T1078.001,Role Confusion,1,8,9,8,CC-BY-4.0
AVP-R-0330,train,lanl,CVE-2023-56306,CWE-640,T1557.001,NTLM Relay,2,5,6,5,CC-BY-4.0
AVP-R-0331,train,mitre-engenuity,CVE-2022-38085,CWE-384,T1078.001,Role Confusion,1,7,8,7,CC-BY-4.0
AVP-R-0332,train,mitre-engenuity,CVE-2021-56443,CWE-200,T1078.001,Role Confusion,2,6,7,6,CC-BY-4.0
AVP-R-0333,train,lanl,CVE-2022-35619,CWE-620,T1047;T1569.002,Tool Injection,2,9,10,9,CC-BY-4.0
AVP-R-0334,train,mitre-engenuity,CVE-2022-63978,CWE-521,T1078.001,Role Confusion,3,10,11,10,CC-BY-4.0
AVP-R-0335,train,mitre-engenuity,CVE-2023-34112,CWE-613,T1078,Noisy Decoy,1,5,6,5,CC-BY-4.0
AVP-R-0336,train,lanl,CVE-2022-10959,CWE-620,T1557.001,NTLM Relay,2,6,7,6,CC-BY-4.0
AVP-R-0337,train,mitre-engenuity,CVE-2021-59731,CWE-307,T1078,Noisy Decoy,1,7,8,7,CC-BY-4.0
AVP-R-0338,train,lanl,CVE-2022-38496,CWE-640,T1047;T1569.002,Tool Injection,1,4,5,4,CC-BY-4.0
AVP-R-0339,train,mitre-engenuity,CVE-2022-33564,CWE-798,T1078,Noisy Decoy,4,5,6,5,CC-BY-4.0
AVP-R-0340,train,mitre-engenuity,CVE-2021-41236,CWE-640,T1078,Noisy Decoy,1,7,8,7,CC-BY-4.0
AVP-R-0341,train,lanl,CVE-2021-38770,CWE-287,T1078.001,Role Confusion,2,5,6,5,CC-BY-4.0
AVP-R-0342,train,lmdg-synthetic,CVE-2022-40140,CWE-287,T1021.006;T1047;T1569.002,Tool Injection,3,9,10,9,CC-BY-4.0
AVP-R-0343,train,lanl,CVE-2021-15754,CWE-798,T1047;T1569.002,Tool Injection,1,8,9,8,CC-BY-4.0
AVP-R-0344,train,lmdg-synthetic,CVE-2022-43839,CWE-620,T1021.001;T1047;T1569.002,Tool Injection,3,10,11,10,CC-BY-4.0
AVP-R-0345,train,lanl,CVE-2023-43565,CWE-384,T1029,Slow Exfiltration,3,6,7,6,CC-BY-4.0
AVP-R-0346,train,lanl,CVE-2021-50278,CWE-521,T1078.001,Role Confusion,3,5,6,5,CC-BY-4.0
AVP-R-0347,train,mitre-engenuity,CVE-2021-17809,CWE-620,T1078.001,Role Confusion,4,5,6,5,CC-BY-4.0
AVP-R-0348,train,mitre-engenuity,CVE-2023-60005,CWE-384,T1557.001,NTLM Relay,4,6,7,6,CC-BY-4.0
AVP-R-0349,train,lanl,CVE-2022-13014,CWE-798,T1047;T1569.002,Tool Injection,1,5,6,5,CC-BY-4.0
AVP-R-0350,train,lanl,CVE-2023-65348,CWE-521,T1029,Slow Exfiltration,3,7,8,7,CC-BY-4.0
AVP-R-0351,train,lmdg-synthetic,CVE-2022-14247,CWE-306,T1047;T1059.001;T1569.002,Tool Injection,3,5,6,5,CC-BY-4.0
AVP-R-0352,train,mitre-engenuity,CVE-2021-58909,CWE-620,T1078,Noisy Decoy,1,10,11,10,CC-BY-4.0
AVP-R-0353,train,lanl,CVE-2023-62882,CWE-613,T1047;T1569.002,Tool Injection,2,5,6,5,CC-BY-4.0
AVP-R-0354,train,mitre-engenuity,CVE-2022-39729,CWE-620,T1047;T1569.002,Tool Injection,2,10,11,10,CC-BY-4.0
AVP-R-0355,train,mitre-engenuity,CVE-2023-62060,CWE-287,T1029,Slow Exfiltration,2,7,8,7,CC-BY-4.0
AVP-R-0356,train,lanl,CVE-2023-47675,CWE-384,T1078.001,Role Confusion,1,10,11,10,CC-BY-4.0
AVP-R-0357,train,lanl,CVE-2021-57676,CWE-640,T1078.001,Role Confusion,1,10,11,10,CC-BY-4.0
AVP-R-0358,train,lanl,CVE-2023-39455,CWE-384,T1047;T1569.002,Tool Injection,3,9,10,9,CC-BY-4.0
AVP-R-0359,train,lmdg-synthetic,CVE-2023-16028,CWE-521,T1018;T1078,Noisy Decoy,2,9,10,9,CC-BY-4.0
AVP-R-0360,train,lanl,CVE-2022-11781,CWE-307,T1078.001,Role Confusion,4,6,7,6,CC-BY-4.0
AVP-R-0361,train,lmdg-synthetic,CVE-2023-66170,CWE-287,T1059.003;T1078,Noisy Decoy,4,5,6,5,CC-BY-4.0
AVP-R-0362,train,lanl,CVE-2021-38359,CWE-620,T1029,Slow Exfiltration,1,8,9,8,CC-BY-4.0
AVP-R-0363,train,lmdg-synthetic,CVE-2022-13425,CWE-384,T1059.003;T1078.001,Role Confusion,1,7,8,7,CC-BY-4.0
AVP-R-0364,train,mitre-engenuity,CVE-2022-58635,CWE-384,T1029,Slow Exfiltration,3,6,7,6,CC-BY-4.0
AVP-R-0365,train,lmdg-synthetic,CVE-2022-38907,CWE-306,T1029;T1049,Slow Exfiltration,1,9,10,9,CC-BY-4.0
AVP-R-0366,train,lanl,CVE-2021-10411,CWE-307,T1557.001,NTLM Relay,1,8,9,8,CC-BY-4.0
AVP-R-0367,train,lanl,CVE-2022-35619,CWE-620,T1078.001,Role Confusion,2,10,11,10,CC-BY-4.0
AVP-R-0368,train,lanl,CVE-2022-43017,CWE-306,T1557.001,NTLM Relay,1,9,10,9,CC-BY-4.0
AVP-R-0369,train,lanl,CVE-2023-42743,CWE-200,T1078.001,Role Confusion,1,9,10,9,CC-BY-4.0
AVP-R-0370,train,lanl,CVE-2021-52333,CWE-200,T1078.001,Role Confusion,3,8,9,8,CC-BY-4.0
AVP-R-0371,train,lanl,CVE-2021-54799,CWE-620,T1078,Noisy Decoy,2,6,7,6,CC-BY-4.0
AVP-R-0372,train,lanl,CVE-2022-41373,CWE-200,T1078.001,Role Confusion,3,8,9,8,CC-BY-4.0
AVP-R-0373,train,lanl,CVE-2021-42880,CWE-287,T1078.001,Role Confusion,4,6,7,6,CC-BY-4.0
AVP-R-0374,train,mitre-engenuity,CVE-2021-59320,CWE-287,T1078,Noisy Decoy,3,4,5,4,CC-BY-4.0
AVP-R-0375,train,lanl,CVE-2023-47264,CWE-798,T1029,Slow Exfiltration,3,5,6,5,CC-BY-4.0
AVP-R-0376,train,lanl,CVE-2023-47675,CWE-384,T1078,Noisy Decoy,3,7,8,7,CC-BY-4.0
AVP-R-0377,train,lanl,CVE-2021-34249,CWE-620,T1078.001,Role Confusion,1,7,8,7,CC-BY-4.0
AVP-R-0378,train,mitre-engenuity,CVE-2023-62882,CWE-613,T1047;T1569.002,Tool Injection,3,9,10,9,CC-BY-4.0
AVP-R-0379,train,lmdg-synthetic,CVE-2021-47401,CWE-307,T1021.001;T1557.001,NTLM Relay,1,6,7,6,CC-BY-4.0
AVP-R-0380,train,lmdg-synthetic,CVE-2023-36578,CWE-521,T1021.004;T1029,Slow Exfiltration,1,5,6,5,CC-BY-4.0
AVP-R-0381,train,mitre-engenuity,CVE-2022-61101,CWE-307,T1557.001,NTLM Relay,1,9,10,9,CC-BY-4.0
AVP-R-0382,train,mitre-engenuity,CVE-2023-55073,CWE-200,T1029,Slow Exfiltration,1,8,9,8,CC-BY-4.0
AVP-R-0383,train,mitre-engenuity,CVE-2022-36852,CWE-613,T1078,Noisy Decoy,2,5,6,5,CC-BY-4.0
AVP-R-0384,train,lmdg-synthetic,CVE-2023-56306,CWE-640,T1021.001;T1078,Noisy Decoy,3,10,11,10,CC-BY-4.0
AVP-R-0385,train,lmdg-synthetic,CVE-2021-46168,CWE-521,T1047;T1087;T1569.002,Tool Injection,3,9,10,9,CC-BY-4.0
AVP-R-0386,train,mitre-engenuity,CVE-2022-57813,CWE-200,T1078,Noisy Decoy,1,8,9,8,CC-BY-4.0
AVP-R-0387,train,mitre-engenuity,CVE-2022-66444,CWE-798,T1078.001,Role Confusion,1,8,9,8,CC-BY-4.0
AVP-R-0388,train,lanl,CVE-2022-33975,CWE-384,T1047;T1569.002,Tool Injection,1,5,6,5,CC-BY-4.0
AVP-R-0389,train,mitre-engenuity,CVE-2022-16713,CWE-200,T1078.001,Role Confusion,1,6,7,6,CC-BY-4.0
AVP-R-0390,train,mitre-engenuity,CVE-2023-48497,CWE-306,T1078,Noisy Decoy,2,9,10,9,CC-BY-4.0
AVP-R-0391,train,lmdg-synthetic,CVE-2021-49456,CWE-640,T1029;T1059.003,Slow Exfiltration,1,10,11,10,CC-BY-4.0
AVP-R-0392,train,mitre-engenuity,CVE-2021-41236,CWE-640,T1047;T1569.002,Tool Injection,3,4,5,4,CC-BY-4.0
AVP-R-0393,train,mitre-engenuity,CVE-2023-55073,CWE-200,T1078,Noisy Decoy,3,8,9,8,CC-BY-4.0
AVP-R-0394,train,mitre-engenuity,CVE-2022-60690,CWE-287,T1078.001,Role Confusion,1,5,6,5,CC-BY-4.0
AVP-R-0395,train,mitre-engenuity,CVE-2021-43702,CWE-613,T1557.001,NTLM Relay,1,7,8,7,CC-BY-4.0
AVP-R-0396,train,mitre-engenuity,CVE-2022-60690,CWE-287,T1557.001,NTLM Relay,1,7,8,7,CC-BY-4.0
AVP-R-0397,train,lanl,CVE-2022-56169,CWE-620,T1029,Slow Exfiltration,2,9,10,9,CC-BY-4.0
AVP-R-0398,train,lanl,CVE-2023-43976,CWE-640,T1078,Noisy Decoy,4,10,11,10,CC-BY-4.0
AVP-R-0399,train,lanl,CVE-2021-34660,CWE-287,T1029,Slow Exfiltration,2,5,6,5,CC-BY-4.0
AVP-R-0400,train,lmdg-synthetic,CVE-2022-49593,CWE-200,T1087;T1557.001,NTLM Relay,1,9,10,9,CC-BY-4.0
AVP-R-0401,train,lanl,CVE-2022-63567,CWE-306,T1078,Noisy Decoy,1,10,11,10,CC-BY-4.0
AVP-R-0402,train,mitre-engenuity,CVE-2023-36578,CWE-521,T1557.001,NTLM Relay,3,9,10,9,CC-BY-4.0
AVP-R-0403,train,lmdg-synthetic,CVE-2021-56854,CWE-798,T1047;T1059.001;T1569.002,Tool Injection,1,6,7,6,CC-BY-4.0
AVP-R-0404,train,lanl,CVE-2022-40962,CWE-613,T1029,Slow Exfiltration,4,9,10,9,CC-BY-4.0
AVP-R-0405,train,mitre-engenuity,CVE-2022-49182,CWE-613,T1029,Slow Exfiltration,2,10,11,10,CC-BY-4.0
AVP-R-0406,train,lanl,CVE-2021-34660,CWE-287,T1078.001,Role Confusion,3,10,11,10,CC-BY-4.0
AVP-R-0407,train,lanl,CVE-2022-45894,CWE-798,T1078,Noisy Decoy,1,10,11,10,CC-BY-4.0
AVP-R-0408,train,lanl,CVE-2021-45757,CWE-306,T1557.001,NTLM Relay,2,6,7,6,CC-BY-4.0
AVP-R-0409,train,lmdg-synthetic,CVE-2022-43428,CWE-521,T1059.003;T1078,Noisy Decoy,3,5,6,5,CC-BY-4.0
AVP-R-0410,train,lanl,CVE-2022-10137,CWE-306,T1029,Slow Exfiltration,2,7,8,7,CC-BY-4.0
AVP-R-0411,train,mitre-engenuity,CVE-2021-51922,CWE-613,T1557.001,NTLM Relay,1,8,9,8,CC-BY-4.0
AVP-R-0412,train,lmdg-synthetic,CVE-2021-33838,CWE-521,T1049;T1078,Noisy Decoy,3,9,10,9,CC-BY-4.0
AVP-R-0413,train,lanl,CVE-2023-15617,CWE-306,T1078.001,Role Confusion,3,6,7,6,CC-BY-4.0
AVP-R-0414,train,lmdg-synthetic,CVE-2021-65896,CWE-640,T1021.001;T1078,Noisy Decoy,1,10,11,10,CC-BY-4.0
AVP-R-0415,train,lmdg-synthetic,CVE-2023-10274,CWE-798,T1021.001;T1557.001,NTLM Relay,3,10,11,10,CC-BY-4.0
AVP-R-0416,train,lmdg-synthetic,CVE-2021-35482,CWE-613,T1018;T1078.001,Role Confusion,4,10,11,10,CC-BY-4.0
AVP-R-0417,train,mitre-engenuity,CVE-2022-15069,CWE-620,T1078.001,Role Confusion,4,10,11,10,CC-BY-4.0
AVP-R-0418,train,lmdg-synthetic,CVE-2023-35756,CWE-640,T1047;T1059.001;T1569.002,Tool Injection,3,10,11,10,CC-BY-4.0
AVP-R-0419,train,mitre-engenuity,CVE-2023-11507,CWE-306,T1078.001,Role Confusion,3,10,11,10,CC-BY-4.0
AVP-R-0420,train,lanl,CVE-2021-65074,CWE-798,T1029,Slow Exfiltration,2,7,8,7,CC-BY-4.0
AVP-R-0421,train,lanl,CVE-2021-37126,CWE-640,T1078,Noisy Decoy,2,5,6,5,CC-BY-4.0
AVP-R-0422,train,lanl,CVE-2022-15069,CWE-620,T1078,Noisy Decoy,3,8,9,8,CC-BY-4.0
AVP-R-0423,train,lmdg-synthetic,CVE-2022-36441,CWE-307,T1021.001;T1047;T1569.002,Tool Injection,4,7,8,7,CC-BY-4.0
AVP-R-0424,train,lmdg-synthetic,CVE-2021-12877,CWE-306,T1059.003;T1078,Noisy Decoy,1,9,10,9,CC-BY-4.0
AVP-R-0425,train,lmdg-synthetic,CVE-2023-66581,CWE-307,T1059.001;T1078.001,Role Confusion,3,6,7,6,CC-BY-4.0
AVP-R-0426,train,lmdg-synthetic,CVE-2021-42880,CWE-287,T1029;T1059.001,Slow Exfiltration,3,9,10,9,CC-BY-4.0
AVP-R-0427,train,lmdg-synthetic,CVE-2022-15069,CWE-620,T1021.006;T1078.001,Role Confusion,2,7,8,7,CC-BY-4.0
AVP-R-0428,train,mitre-engenuity,CVE-2023-46442,CWE-613,T1078.001,Role Confusion,1,9,10,9,CC-BY-4.0
AVP-R-0429,train,lanl,CVE-2022-33564,CWE-798,T1078,Noisy Decoy,2,7,8,7,CC-BY-4.0
AVP-R-0430,train,lanl,CVE-2022-58224,CWE-798,T1047;T1569.002,Tool Injection,1,8,9,8,CC-BY-4.0
AVP-R-0431,train,mitre-engenuity,CVE-2023-56306,CWE-640,T1047;T1569.002,Tool Injection,3,7,8,7,CC-BY-4.0
AVP-R-0432,train,mitre-engenuity,CVE-2022-54525,CWE-384,T1557.001,NTLM Relay,1,4,5,4,CC-BY-4.0
AVP-R-0433,train,lanl,CVE-2022-63567,CWE-306,T1047;T1569.002,Tool Injection,3,5,6,5,CC-BY-4.0
AVP-R-0434,train,lmdg-synthetic,CVE-2022-55347,CWE-306,T1029;T1049,Slow Exfiltration,3,8,9,8,CC-BY-4.0
AVP-R-0435,train,lanl,CVE-2022-34797,CWE-306,T1078.001,Role Confusion,1,7,8,7,CC-BY-4.0
AVP-R-0436,train,lanl,CVE-2023-62060,CWE-287,T1047;T1569.002,Tool Injection,1,9,10,9,CC-BY-4.0
AVP-R-0437,train,lanl,CVE-2023-51374,CWE-798,T1029,Slow Exfiltration,2,6,7,6,CC-BY-4.0
AVP-R-0438,train,mitre-engenuity,CVE-2022-38085,CWE-384,T1047;T1569.002,Tool Injection,3,6,7,6,CC-BY-4.0
AVP-R-0439,train,lmdg-synthetic,CVE-2022-35619,CWE-620,T1021.001;T1047;T1569.002,Tool Injection,1,7,8,7,CC-BY-4.0
AVP-R-0440,train,lanl,CVE-2021-15343,CWE-200,T1078,Noisy Decoy,2,8,9,8,CC-BY-4.0
AVP-R-0441,train,lanl,CVE-2021-63841,CWE-307,T1557.001,NTLM Relay,4,7,8,7,CC-BY-4.0
AVP-R-0442,train,mitre-engenuity,CVE-2022-61512,CWE-613,T1078,Noisy Decoy,3,7,8,7,CC-BY-4.0
AVP-R-0443,train,lanl,CVE-2023-10685,CWE-384,T1078,Noisy Decoy,3,5,6,5,CC-BY-4.0
AVP-R-0444,train,mitre-engenuity,CVE-2023-36989,CWE-620,T1557.001,NTLM Relay,3,10,11,10,CC-BY-4.0
AVP-R-0445,train,lanl,CVE-2021-16576,CWE-640,T1047;T1569.002,Tool Injection,4,8,9,8,CC-BY-4.0
AVP-R-0446,train,lanl,CVE-2023-11918,CWE-521,T1029,Slow Exfiltration,3,8,9,8,CC-BY-4.0
AVP-R-0447,train,lanl,CVE-2022-45483,CWE-200,T1078.001,Role Confusion,4,8,9,8,CC-BY-4.0
AVP-R-0448,train,lanl,CVE-2022-43428,CWE-521,T1557.001,NTLM Relay,3,8,9,8,CC-BY-4.0
AVP-R-0449,train,lanl,CVE-2021-65074,CWE-798,T1078.001,Role Confusion,2,7,8,7,CC-BY-4.0
AVP-R-0450,train,lmdg-synthetic,CVE-2021-58498,CWE-521,T1021.004;T1078.001,Role Confusion,3,7,8,7,CC-BY-4.0
AVP-R-0451,train,mitre-engenuity,CVE-2021-51922,CWE-613,T1029,Slow Exfiltration,1,9,10,9,CC-BY-4.0
AVP-R-0452,train,lanl,CVE-2021-63430,CWE-287,T1078.001,Role Confusion,1,5,6,5,CC-BY-4.0
AVP-R-0453,train,mitre-engenuity,CVE-2023-64526,CWE-640,T1557.001,NTLM Relay,1,6,7,6,CC-BY-4.0
AVP-R-0454,train,lmdg-synthetic,CVE-2023-18083,CWE-200,T1021.004;T1078.001,Role Confusion,1,8,9,8,CC-BY-4.0
AVP-R-0455,train,lmdg-synthetic,CVE-2021-51922,CWE-613,T1021.006;T1078.001,Role Confusion,3,9,10,9,CC-BY-4.0
AVP-R-0456,train,lmdg-synthetic,CVE-2021-35893,CWE-200,T1021.001;T1557.001,NTLM Relay,3,6,7,6,CC-BY-4.0
AVP-R-0457,train,lanl,CVE-2023-54662,CWE-613,T1557.001,NTLM Relay,1,5,6,5,CC-BY-4.0
AVP-R-0458,train,mitre-engenuity,CVE-2021-46168,CWE-521,T1078.001,Role Confusion,1,9,10,9,CC-BY-4.0
AVP-R-0459,train,lanl,CVE-2023-14795,CWE-384,T1078.001,Role Confusion,1,8,9,8,CC-BY-4.0
AVP-R-0460,train,lanl,CVE-2022-63567,CWE-306,T1029,Slow Exfiltration,3,4,5,4,CC-BY-4.0
AVP-R-0461,train,mitre-engenuity,CVE-2022-10548,CWE-521,T1078.001,Role Confusion,1,8,9,8,CC-BY-4.0
AVP-R-0462,train,lanl,CVE-2023-57128,CWE-521,T1557.001,NTLM Relay,2,7,8,7,CC-BY-4.0
AVP-R-0463,train,mitre-engenuity,CVE-2021-42058,CWE-521,T1078,Noisy Decoy,2,8,9,8,CC-BY-4.0
AVP-R-0464,train,lmdg-synthetic,CVE-2023-58772,CWE-613,T1078.001;T1087,Role Confusion,1,5,6,5,CC-BY-4.0
AVP-R-0465,train,lanl,CVE-2023-15617,CWE-306,T1078.001,Role Confusion,4,9,10,9,CC-BY-4.0
AVP-R-0466,train,lmdg-synthetic,CVE-2022-65622,CWE-613,T1047;T1049;T1569.002,Tool Injection,1,10,11,10,CC-BY-4.0
AVP-R-0467,train,lanl,CVE-2021-10411,CWE-307,T1078.001,Role Confusion,1,8,9,8,CC-BY-4.0
AVP-R-0468,train,lmdg-synthetic,CVE-2022-63978,CWE-521,T1021.006;T1078,Noisy Decoy,1,10,11,10,CC-BY-4.0
AVP-R-0469,train,lmdg-synthetic,CVE-2021-48223,CWE-200,T1021.001;T1029,Slow Exfiltration,1,9,10,9,CC-BY-4.0
AVP-R-0470,train,lmdg-synthetic,CVE-2021-64663,CWE-200,T1029;T1087,Slow Exfiltration,1,7,8,7,CC-BY-4.0
AVP-R-0471,train,lanl,CVE-2022-52470,CWE-287,T1078,Noisy Decoy,2,5,6,5,CC-BY-4.0
AVP-R-0472,train,mitre-engenuity,CVE-2023-37811,CWE-307,T1029,Slow Exfiltration,2,8,9,8,CC-BY-4.0
AVP-R-0473,train,lmdg-synthetic,CVE-2021-44524,CWE-798,T1021.001;T1078.001,Role Confusion,2,6,7,6,CC-BY-4.0
AVP-R-0474,train,mitre-engenuity,CVE-2021-13288,CWE-521,T1047;T1569.002,Tool Injection,3,10,11,10,CC-BY-4.0
AVP-R-0475,train,lmdg-synthetic,CVE-2021-34660,CWE-287,T1018;T1557.001,NTLM Relay,2,9,10,9,CC-BY-4.0
AVP-R-0476,train,lmdg-synthetic,CVE-2022-59868,CWE-521,T1021.006;T1047;T1569.002,Tool Injection,1,8,9,8,CC-BY-4.0
AVP-R-0477,train,lmdg-synthetic,CVE-2022-13836,CWE-640,T1049;T1557.001,NTLM Relay,2,10,11,10,CC-BY-4.0
AVP-R-0478,train,lmdg-synthetic,CVE-2023-34934,CWE-798,T1021.004;T1557.001,NTLM Relay,1,6,7,6,CC-BY-4.0
AVP-R-0479,train,lmdg-synthetic,CVE-2022-51237,CWE-306,T1029;T1087,Slow Exfiltration,2,5,6,5,CC-BY-4.0
AVP-R-0480,train,lanl,CVE-2022-63978,CWE-521,T1047;T1569.002,Tool Injection,1,6,7,6,CC-BY-4.0
AVP-R-0481,train,lanl,CVE-2022-47538,CWE-521,T1557.001,NTLM Relay,3,8,9,8,CC-BY-4.0
AVP-R-0482,train,lmdg-synthetic,CVE-2022-38907,CWE-306,T1021.001;T1047;T1569.002,Tool Injection,1,8,9,8,CC-BY-4.0
AVP-R-0483,train,lmdg-synthetic,CVE-2023-12740,CWE-287,T1029;T1049,Slow Exfiltration,3,9,10,9,CC-BY-4.0
AVP-R-0484,train,mitre-engenuity,CVE-2022-64800,CWE-287,T1078,Noisy Decoy,3,7,8,7,CC-BY-4.0
AVP-R-0485,train,lanl,CVE-2023-60005,CWE-384,T1029,Slow Exfiltration,1,5,6,5,CC-BY-4.0
AVP-R-0486,train,mitre-engenuity,CVE-2023-40688,CWE-521,T1078,Noisy Decoy,2,9,10,9,CC-BY-4.0
AVP-R-0487,train,lanl,CVE-2022-35619,CWE-620,T1078.001,Role Confusion,1,9,10,9,CC-BY-4.0
AVP-R-0488,train,mitre-engenuity,CVE-2023-48497,CWE-306,T1557.001,NTLM Relay,2,9,10,9,CC-BY-4.0
AVP-R-0489,train,lanl,CVE-2021-40414,CWE-798,T1078,Noisy Decoy,2,8,9,8,CC-BY-4.0
AVP-R-0490,train,mitre-engenuity,CVE-2021-35893,CWE-200,T1047;T1569.002,Tool Injection,2,10,11,10,CC-BY-4.0
AVP-R-0491,train,lanl,CVE-2021-63430,CWE-287,T1078.001,Role Confusion,4,9,10,9,CC-BY-4.0
AVP-R-0492,train,mitre-engenuity,CVE-2021-64252,CWE-613,T1078,Noisy Decoy,2,7,8,7,CC-BY-4.0
AVP-R-0493,train,lanl,CVE-2022-60279,CWE-620,T1078,Noisy Decoy,3,7,8,7,CC-BY-4.0
AVP-R-0494,train,lmdg-synthetic,CVE-2022-43839,CWE-620,T1021.001;T1557.001,NTLM Relay,2,9,10,9,CC-BY-4.0
AVP-R-0495,train,lmdg-synthetic,CVE-2021-61786,CWE-640,T1021.001;T1557.001,NTLM Relay,4,8,9,8,CC-BY-4.0
AVP-R-0496,train,lmdg-synthetic,CVE-2022-16302,CWE-613,T1029;T1049,Slow Exfiltration,2,6,7,6,CC-BY-4.0
AVP-R-0497,train,mitre-engenuity,CVE-2022-38085,CWE-384,T1078.001,Role Confusion,2,8,9,8,CC-BY-4.0
AVP-R-0498,train,lmdg-synthetic,CVE-2021-53566,CWE-640,T1047;T1059.001;T1569.002,Tool Injection,3,7,8,7,CC-BY-4.0
AVP-R-0499,train,lanl,CVE-2023-61649,CWE-620,T1047;T1569.002,Tool Injection,3,6,7,6,CC-BY-4.0
AVP-R-0500,train,lanl,CVE-2023-15617,CWE-306,T1557.001,NTLM Relay,3,7,8,7,CC-BY-4.0
AVP-R-0501,train,lmdg-synthetic,CVE-2023-57539,CWE-620,T1047;T1059.001;T1569.002,Tool Injection,1,10,11,10,CC-BY-4.0
AVP-R-0502,train,mitre-engenuity,CVE-2022-53703,CWE-200,T1078.001,Role Confusion,1,7,8,7,CC-BY-4.0
AVP-R-0503,train,lanl,CVE-2023-40688,CWE-521,T1078.001,Role Confusion,1,5,6,5,CC-BY-4.0
AVP-R-0504,train,lanl,CVE-2023-57950,CWE-287,T1047;T1569.002,Tool Injection,2,7,8,7,CC-BY-4.0
AVP-R-0505,train,lmdg-synthetic,CVE-2023-65348,CWE-521,T1029;T1049,Slow Exfiltration,1,7,8,7,CC-BY-4.0
AVP-R-0506,train,lanl,CVE-2023-44798,CWE-521,T1557.001,NTLM Relay,1,9,10,9,CC-BY-4.0
AVP-R-0507,train,mitre-engenuity,CVE-2023-56717,CWE-306,T1078,Noisy Decoy,4,5,6,5,CC-BY-4.0
AVP-R-0508,train,lmdg-synthetic,CVE-2022-35208,CWE-521,T1018;T1078,Noisy Decoy,2,8,9,8,CC-BY-4.0
AVP-R-0509,train,mitre-engenuity,CVE-2022-56580,CWE-287,T1557.001,NTLM Relay,1,7,8,7,CC-BY-4.0
AVP-R-0510,train,mitre-engenuity,CVE-2022-58635,CWE-384,T1557.001,NTLM Relay,2,10,11,10,CC-BY-4.0
AVP-R-0511,train,lanl,CVE-2023-48908,CWE-521,T1029,Slow Exfiltration,3,5,6,5,CC-BY-4.0
AVP-R-0512,train,mitre-engenuity,CVE-2023-38222,CWE-613,T1078,Noisy Decoy,2,9,10,9,CC-BY-4.0
AVP-R-0513,train,lanl,CVE-2021-10822,CWE-613,T1078.001,Role Confusion,1,8,9,8,CC-BY-4.0
AVP-R-0514,train,lanl,CVE-2022-35619,CWE-620,T1557.001,NTLM Relay,1,9,10,9,CC-BY-4.0
AVP-R-0515,train,lmdg-synthetic,CVE-2021-49867,CWE-306,T1059.001;T1078.001,Role Confusion,2,10,11,10,CC-BY-4.0
AVP-R-0516,train,lanl,CVE-2023-54662,CWE-613,T1029,Slow Exfiltration,3,10,11,10,CC-BY-4.0
AVP-R-0517,train,lanl,CVE-2022-54114,CWE-798,T1047;T1569.002,Tool Injection,1,9,10,9,CC-BY-4.0
AVP-R-0518,train,lmdg-synthetic,CVE-2023-63293,CWE-200,T1021.004;T1557.001,NTLM Relay,2,10,11,10,CC-BY-4.0
AVP-R-0519,train,lanl,CVE-2023-41510,CWE-287,T1047;T1569.002,Tool Injection,3,9,10,9,CC-BY-4.0
AVP-R-0520,train,lmdg-synthetic,CVE-2022-56169,CWE-620,T1087;T1557.001,NTLM Relay,1,8,9,8,CC-BY-4.0
AVP-R-0521,train,lanl,CVE-2021-47812,CWE-613,T1047;T1569.002,Tool Injection,4,9,10,9,CC-BY-4.0
AVP-R-0522,train,mitre-engenuity,CVE-2022-54936,CWE-640,T1029,Slow Exfiltration,3,9,10,9,CC-BY-4.0
AVP-R-0523,train,lmdg-synthetic,CVE-2022-12603,CWE-200,T1021.001;T1078.001,Role Confusion,1,6,7,6,CC-BY-4.0
AVP-R-0524,train,lanl,CVE-2023-57128,CWE-521,T1078,Noisy Decoy,3,8,9,8,CC-BY-4.0
AVP-R-0525,train,lmdg-synthetic,CVE-2022-47127,CWE-306,T1018;T1029,Slow Exfiltration,3,10,11,10,CC-BY-4.0
AVP-R-0526,train,lanl,CVE-2021-62197,CWE-306,T1557.001,NTLM Relay,3,8,9,8,CC-BY-4.0
AVP-R-0527,train,lanl,CVE-2023-55484,CWE-798,T1078.001,Role Confusion,2,5,6,5,CC-BY-4.0
AVP-R-0528,train,lanl,CVE-2021-16576,CWE-640,T1557.001,NTLM Relay,1,8,9,8,CC-BY-4.0
AVP-R-0529,train,mitre-engenuity,CVE-2022-43839,CWE-620,T1047;T1569.002,Tool Injection,3,8,9,8,CC-BY-4.0
AVP-R-0530,train,lanl,CVE-2023-37811,CWE-307,T1078.001,Role Confusion,3,8,9,8,CC-BY-4.0
AVP-R-0531,train,lanl,CVE-2023-50552,CWE-613,T1078.001,Role Confusion,1,9,10,9,CC-BY-4.0
AVP-R-0532,train,lanl,CVE-2022-15891,CWE-307,T1029,Slow Exfiltration,3,10,11,10,CC-BY-4.0
AVP-R-0533,train,lmdg-synthetic,CVE-2022-42195,CWE-384,T1059.001;T1078.001,Role Confusion,1,7,8,7,CC-BY-4.0
AVP-R-0534,train,mitre-engenuity,CVE-2021-40003,CWE-200,T1029,Slow Exfiltration,1,10,11,10,CC-BY-4.0
AVP-R-0535,train,lmdg-synthetic,CVE-2021-56854,CWE-798,T1059.003;T1078.001,Role Confusion,2,8,9,8,CC-BY-4.0
AVP-R-0536,train,lanl,CVE-2021-38770,CWE-287,T1557.001,NTLM Relay,2,5,6,5,CC-BY-4.0
AVP-R-0537,train,mitre-engenuity,CVE-2023-44798,CWE-521,T1557.001,NTLM Relay,1,5,6,5,CC-BY-4.0
AVP-R-0538,train,lanl,CVE-2021-10411,CWE-307,T1078.001,Role Confusion,4,4,5,4,CC-BY-4.0
AVP-R-0539,train,mitre-engenuity,CVE-2021-14932,CWE-613,T1029,Slow Exfiltration,2,9,10,9,CC-BY-4.0
AVP-R-0540,train,lanl,CVE-2023-16850,CWE-287,T1047;T1569.002,Tool Injection,1,7,8,7,CC-BY-4.0
AVP-R-0541,train,lmdg-synthetic,CVE-2021-47401,CWE-307,T1021.006;T1557.001,NTLM Relay,1,10,11,10,CC-BY-4.0
AVP-R-0542,train,lmdg-synthetic,CVE-2021-52744,CWE-798,T1021.001;T1557.001,NTLM Relay,3,5,6,5,CC-BY-4.0
AVP-R-0543,train,mitre-engenuity,CVE-2021-54388,CWE-521,T1029,Slow Exfiltration,3,7,8,7,CC-BY-4.0
AVP-R-0544,train,mitre-engenuity,CVE-2023-55895,CWE-384,T1047;T1569.002,Tool Injection,1,6,7,6,CC-BY-4.0
AVP-R-0545,train,lanl,CVE-2022-11370,CWE-287,T1029,Slow Exfiltration,1,10,11,10,CC-BY-4.0
AVP-R-0546,train,lmdg-synthetic,CVE-2022-10137,CWE-306,T1047;T1049;T1569.002,Tool Injection,1,6,7,6,CC-BY-4.0
AVP-R-0547,train,mitre-engenuity,CVE-2022-16302,CWE-613,T1078,Noisy Decoy,1,9,10,9,CC-BY-4.0
AVP-R-0548,train,lanl,CVE-2023-56717,CWE-306,T1078,Noisy Decoy,1,9,10,9,CC-BY-4.0
AVP-R-0549,train,lmdg-synthetic,CVE-2021-49045,CWE-384,T1021.001;T1078.001,Role Confusion,4,10,11,10,CC-BY-4.0
AVP-R-0550,train,lmdg-synthetic,CVE-2021-41647,CWE-306,T1029;T1087,Slow Exfiltration,2,6,7,6,CC-BY-4.0
AVP-R-0551,train,lanl,CVE-2021-63019,CWE-620,T1047;T1569.002,Tool Injection,1,7,8,7,CC-BY-4.0
AVP-R-0552,train,lanl,CVE-2023-15617,CWE-306,T1029,Slow Exfiltration,1,5,6,5,CC-BY-4.0
AVP-R-0553,train,lanl,CVE-2023-53840,CWE-287,T1078,Noisy Decoy,2,5,6,5,CC-BY-4.0
AVP-R-0554,train,lanl,CVE-2022-15891,CWE-307,T1557.001,NTLM Relay,1,5,6,5,CC-BY-4.0
AVP-R-0555,train,lanl,CVE-2022-54936,CWE-640,T1047;T1569.002,Tool Injection,3,6,7,6,CC-BY-4.0
AVP-R-0556,train,lmdg-synthetic,CVE-2022-63156,CWE-640,T1018;T1078.001,Role Confusion,2,9,10,9,CC-BY-4.0
AVP-R-0557,train,mitre-engenuity,CVE-2022-16713,CWE-200,T1078.001,Role Confusion,2,8,9,8,CC-BY-4.0
AVP-R-0558,train,lmdg-synthetic,CVE-2021-46579,CWE-620,T1021.006;T1078,Noisy Decoy,2,9,10,9,CC-BY-4.0
AVP-R-0559,train,lanl,CVE-2023-50552,CWE-613,T1029,Slow Exfiltration,2,7,8,7,CC-BY-4.0
AVP-R-0560,train,lanl,CVE-2023-58361,CWE-307,T1078.001,Role Confusion,1,7,8,7,CC-BY-4.0
AVP-R-0561,train,mitre-engenuity,CVE-2021-63430,CWE-287,T1078.001,Role Confusion,1,10,11,10,CC-BY-4.0
AVP-R-0562,train,lanl,CVE-2023-45209,CWE-620,T1029,Slow Exfiltration,2,8,9,8,CC-BY-4.0
AVP-R-0563,train,mitre-engenuity,CVE-2022-45894,CWE-798,T1078,Noisy Decoy,4,5,6,5,CC-BY-4.0
AVP-R-0564,train,mitre-engenuity,CVE-2023-34112,CWE-613,T1029,Slow Exfiltration,1,6,7,6,CC-BY-4.0
AVP-R-0565,train,lmdg-synthetic,CVE-2023-10274,CWE-798,T1047;T1059.003;T1569.002,Tool Injection,1,5,6,5,CC-BY-4.0
AVP-R-0566,train,mitre-engenuity,CVE-2021-40825,CWE-384,T1078.001,Role Confusion,1,9,10,9,CC-BY-4.0
AVP-R-0567,train,lanl,CVE-2022-43839,CWE-620,T1078.001,Role Confusion,4,8,9,8,CC-BY-4.0
AVP-R-0568,train,lanl,CVE-2023-49319,CWE-620,T1078.001,Role Confusion,1,9,10,9,CC-BY-4.0
AVP-R-0569,train,lmdg-synthetic,CVE-2021-50689,CWE-620,T1021.004;T1078.001,Role Confusion,2,7,8,7,CC-BY-4.0
AVP-R-0570,train,mitre-engenuity,CVE-2023-39866,CWE-640,T1029,Slow Exfiltration,3,9,10,9,CC-BY-4.0
AVP-R-0571,train,mitre-engenuity,CVE-2022-55347,CWE-306,T1047;T1569.002,Tool Injection,1,9,10,9,CC-BY-4.0
AVP-R-0572,train,lmdg-synthetic,CVE-2022-58635,CWE-384,T1087;T1557.001,NTLM Relay,2,7,8,7,CC-BY-4.0
AVP-R-0573,train,lanl,CVE-2022-41784,CWE-798,T1557.001,NTLM Relay,2,10,11,10,CC-BY-4.0
AVP-R-0574,train,lmdg-synthetic,CVE-2021-58087,CWE-306,T1021.004;T1078.001,Role Confusion,1,9,10,9,CC-BY-4.0
AVP-R-0575,train,lanl,CVE-2023-53840,CWE-287,T1029,Slow Exfiltration,1,6,7,6,CC-BY-4.0
AVP-R-0576,train,mitre-engenuity,CVE-2022-54114,CWE-798,T1047;T1569.002,Tool Injection,4,6,7,6,CC-BY-4.0
AVP-R-0577,train,lanl,CVE-2021-64663,CWE-200,T1029,Slow Exfiltration,1,8,9,8,CC-BY-4.0
AVP-R-0578,train,lmdg-synthetic,CVE-2021-47401,CWE-307,T1029;T1049,Slow Exfiltration,1,5,6,5,CC-BY-4.0
AVP-R-0579,train,lmdg-synthetic,CVE-2022-54525,CWE-384,T1021.004;T1078.001,Role Confusion,2,5,6,5,CC-BY-4.0
AVP-R-0580,train,lmdg-synthetic,CVE-2021-38359,CWE-620,T1029;T1087,Slow Exfiltration,1,10,11,10,CC-BY-4.0
AVP-R-0581,train,mitre-engenuity,CVE-2021-44935,CWE-384,T1078,Noisy Decoy,3,9,10,9,CC-BY-4.0
AVP-R-0582,train,lanl,CVE-2023-59594,CWE-798,T1078.001,Role Confusion,1,7,8,7,CC-BY-4.0
AVP-R-0583,train,lmdg-synthetic,CVE-2022-39318,CWE-521,T1021.004;T1078.001,Role Confusion,1,6,7,6,CC-BY-4.0
AVP-R-0584,train,lanl,CVE-2021-16987,CWE-306,T1078,Noisy Decoy,1,10,11,10,CC-BY-4.0
AVP-R-0585,train,lanl,CVE-2023-58772,CWE-613,T1078,Noisy Decoy,1,6,7,6,CC-BY-4.0
AVP-R-0586,train,mitre-engenuity,CVE-2021-14932,CWE-613,T1078,Noisy Decoy,1,4,5,4,CC-BY-4.0
AVP-R-0587,train,lanl,CVE-2022-36852,CWE-613,T1047;T1569.002,Tool Injection,3,6,7,6,CC-BY-4.0
AVP-R-0588,train,lanl,CVE-2021-51511,CWE-307,T1078,Noisy Decoy,2,5,6,5,CC-BY-4.0
AVP-R-0589,train,mitre-engenuity,CVE-2022-47127,CWE-306,T1078.001,Role Confusion,2,7,8,7,CC-BY-4.0
AVP-R-0590,train,lanl,CVE-2022-38085,CWE-384,T1557.001,NTLM Relay,3,7,8,7,CC-BY-4.0
AVP-R-0591,train,lanl,CVE-2022-63978,CWE-521,T1557.001,NTLM Relay,2,5,6,5,CC-BY-4.0
AVP-R-0592,train,lmdg-synthetic,CVE-2023-34112,CWE-613,T1049;T1078,Noisy Decoy,2,8,9,8,CC-BY-4.0
AVP-R-0593,train,lmdg-synthetic,CVE-2021-37948,CWE-521,T1021.001;T1078.001,Role Confusion,2,7,8,7,CC-BY-4.0
AVP-R-0594,train,mitre-engenuity,CVE-2022-10548,CWE-521,T1078,Noisy Decoy,2,9,10,9,CC-BY-4.0
AVP-R-0595,train,lanl,CVE-2022-11370,CWE-287,T1029,Slow Exfiltration,1,6,7,6,CC-BY-4.0
AVP-R-0596,train,lmdg-synthetic,CVE-2023-14384,CWE-798,T1021.001;T1047;T1569.002,Tool Injection,3,7,8,7,CC-BY-4.0
AVP-R-0597,train,lanl,CVE-2022-61101,CWE-307,T1557.001,NTLM Relay,1,8,9,8,CC-BY-4.0
AVP-R-0598,train,lmdg-synthetic,CVE-2022-33564,CWE-798,T1059.001;T1557.001,NTLM Relay,1,5,6,5,CC-BY-4.0
AVP-R-0599,train,mitre-engenuity,CVE-2023-15206,CWE-640,T1557.001,NTLM Relay,1,8,9,8,CC-BY-4.0
AVP-R-0600,train,lanl,CVE-2022-66033,CWE-200,T1029,Slow Exfiltration,1,9,10,9,CC-BY-4.0
AVP-R-0601,train,lmdg-synthetic,CVE-2023-50963,CWE-200,T1029;T1087,Slow Exfiltration,3,7,8,7,CC-BY-4.0
AVP-R-0602,train,lanl,CVE-2021-44524,CWE-798,T1557.001,NTLM Relay,1,5,6,5,CC-BY-4.0
AVP-R-0603,train,lanl,CVE-2023-15206,CWE-640,T1557.001,NTLM Relay,2,9,10,9,CC-BY-4.0
AVP-R-0604,train,lanl,CVE-2022-56169,CWE-620,T1047;T1569.002,Tool Injection,1,8,9,8,CC-BY-4.0
AVP-R-0605,train,lanl,CVE-2023-54251,CWE-307,T1078,Noisy Decoy,2,7,8,7,CC-BY-4.0
AVP-R-0606,train,mitre-engenuity,CVE-2022-44661,CWE-307,T1557.001,NTLM Relay,2,6,7,6,CC-BY-4.0
AVP-R-0607,train,mitre-engenuity,CVE-2021-36715,CWE-384,T1029,Slow Exfiltration,1,8,9,8,CC-BY-4.0
AVP-R-0608,train,lmdg-synthetic,CVE-2022-40551,CWE-307,T1018;T1078.001,Role Confusion,1,7,8,7,CC-BY-4.0
AVP-R-0609,train,lanl,CVE-2021-63019,CWE-620,T1078,Noisy Decoy,4,6,7,6,CC-BY-4.0
AVP-R-0610,train,lanl,CVE-2022-17535,CWE-384,T1047;T1569.002,Tool Injection,3,7,8,7,CC-BY-4.0
AVP-R-0611,train,lanl,CVE-2022-12192,CWE-613,T1078.001,Role Confusion,2,7,8,7,CC-BY-4.0
AVP-R-0612,train,lmdg-synthetic,CVE-2022-63156,CWE-640,T1047;T1049;T1569.002,Tool Injection,1,10,11,10,CC-BY-4.0
AVP-R-0613,train,lanl,CVE-2021-40825,CWE-384,T1078.001,Role Confusion,2,8,9,8,CC-BY-4.0
AVP-R-0614,train,mitre-engenuity,CVE-2022-47127,CWE-306,T1029,Slow Exfiltration,1,9,10,9,CC-BY-4.0
AVP-R-0615,train,lanl,CVE-2021-52333,CWE-200,T1078.001,Role Confusion,2,8,9,8,CC-BY-4.0
AVP-R-0616,train,lanl,CVE-2022-44250,CWE-287,T1078.001,Role Confusion,3,7,8,7,CC-BY-4.0
AVP-R-0617,train,lmdg-synthetic,CVE-2023-35345,CWE-384,T1021.001;T1078,Noisy Decoy,4,6,7,6,CC-BY-4.0
AVP-R-0618,train,mitre-engenuity,CVE-2021-56032,CWE-613,T1029,Slow Exfiltration,3,10,11,10,CC-BY-4.0
AVP-R-0619,train,lanl,CVE-2023-62060,CWE-287,T1047;T1569.002,Tool Injection,2,5,6,5,CC-BY-4.0
AVP-R-0620,train,mitre-engenuity,CVE-2023-57950,CWE-287,T1557.001,NTLM Relay,3,8,9,8,CC-BY-4.0
AVP-R-0621,train,mitre-engenuity,CVE-2021-51100,CWE-287,T1557.001,NTLM Relay,2,8,9,8,CC-BY-4.0
AVP-R-0622,train,mitre-engenuity,CVE-2021-65485,CWE-384,T1029,Slow Exfiltration,3,9,10,9,CC-BY-4.0
AVP-R-0623,train,lanl,CVE-2021-49867,CWE-306,T1047;T1569.002,Tool Injection,1,6,7,6,CC-BY-4.0
AVP-R-0624,train,lmdg-synthetic,CVE-2022-10137,CWE-306,T1021.001;T1047;T1569.002,Tool Injection,3,10,11,10,CC-BY-4.0
AVP-R-0625,train,mitre-engenuity,CVE-2022-56169,CWE-620,T1047;T1569.002,Tool Injection,1,10,11,10,CC-BY-4.0
AVP-R-0626,train,lmdg-synthetic,CVE-2023-65759,CWE-620,T1021.001;T1078,Noisy Decoy,3,8,9,8,CC-BY-4.0
AVP-R-0627,train,lmdg-synthetic,CVE-2021-11644,CWE-798,T1029;T1059.001,Slow Exfiltration,4,10,11,10,CC-BY-4.0
AVP-R-0628,train,lanl,CVE-2023-34523,CWE-200,T1047;T1569.002,Tool Injection,1,10,11,10,CC-BY-4.0
AVP-R-0629,train,mitre-engenuity,CVE-2021-45346,CWE-640,T1029,Slow Exfiltration,2,5,6,5,CC-BY-4.0
AVP-R-0630,train,mitre-engenuity,CVE-2023-50552,CWE-613,T1078,Noisy Decoy,4,10,11,10,CC-BY-4.0
AVP-R-0631,train,lanl,CVE-2021-59731,CWE-307,T1029,Slow Exfiltration,3,6,7,6,CC-BY-4.0
AVP-R-0632,train,mitre-engenuity,CVE-2022-45072,CWE-613,T1029,Slow Exfiltration,2,10,11,10,CC-BY-4.0
AVP-R-0633,train,lanl,CVE-2021-59731,CWE-307,T1557.001,NTLM Relay,3,9,10,9,CC-BY-4.0
AVP-R-0634,train,lmdg-synthetic,CVE-2022-54114,CWE-798,T1021.001;T1078.001,Role Confusion,1,8,9,8,CC-BY-4.0
AVP-R-0635,train,mitre-engenuity,CVE-2021-12466,CWE-640,T1557.001,NTLM Relay,1,8,9,8,CC-BY-4.0
AVP-R-0636,train,lanl,CVE-2023-14795,CWE-384,T1078,Noisy Decoy,1,10,11,10,CC-BY-4.0
AVP-R-0637,train,mitre-engenuity,CVE-2023-15617,CWE-306,T1029,Slow Exfiltration,2,8,9,8,CC-BY-4.0
AVP-R-0638,train,lanl,CVE-2023-61649,CWE-620,T1557.001,NTLM Relay,1,9,10,9,CC-BY-4.0
AVP-R-0639,train,lanl,CVE-2021-44524,CWE-798,T1029,Slow Exfiltration,1,8,9,8,CC-BY-4.0
AVP-R-0640,train,lmdg-synthetic,CVE-2021-44113,CWE-200,T1029;T1049,Slow Exfiltration,1,7,8,7,CC-BY-4.0
AVP-R-0641,train,lanl,CVE-2023-33701,CWE-307,T1557.001,NTLM Relay,4,9,10,9,CC-BY-4.0
AVP-R-0642,train,lmdg-synthetic,CVE-2022-57402,CWE-613,T1059.001;T1557.001,NTLM Relay,2,9,10,9,CC-BY-4.0
AVP-R-0643,train,lanl,CVE-2022-62745,CWE-384,T1047;T1569.002,Tool Injection,1,7,8,7,CC-BY-4.0
AVP-R-0644,train,mitre-engenuity,CVE-2021-32605,CWE-384,T1078.001,Role Confusion,1,10,11,10,CC-BY-4.0
AVP-R-0645,train,lmdg-synthetic,CVE-2022-37263,CWE-200,T1049;T1078.001,Role Confusion,2,6,7,6,CC-BY-4.0
AVP-R-0646,train,mitre-engenuity,CVE-2021-57676,CWE-640,T1047;T1569.002,Tool Injection,2,5,6,5,CC-BY-4.0
AVP-R-0647,train,mitre-engenuity,CVE-2021-49045,CWE-384,T1557.001,NTLM Relay,1,6,7,6,CC-BY-4.0
AVP-R-0648,train,lanl,CVE-2022-43428,CWE-521,T1557.001,NTLM Relay,1,5,6,5,CC-BY-4.0
AVP-R-0649,train,mitre-engenuity,CVE-2023-49730,CWE-287,T1078,Noisy Decoy,1,10,11,10,CC-BY-4.0
AVP-R-0650,train,lmdg-synthetic,CVE-2022-37263,CWE-200,T1049;T1078.001,Role Confusion,1,7,8,7,CC-BY-4.0
AVP-R-0651,train,lanl,CVE-2023-54662,CWE-613,T1078,Noisy Decoy,3,6,7,6,CC-BY-4.0
AVP-R-0652,train,mitre-engenuity,CVE-2021-54388,CWE-521,T1557.001,NTLM Relay,2,6,7,6,CC-BY-4.0
AVP-R-0653,train,lanl,CVE-2022-12192,CWE-613,T1047;T1569.002,Tool Injection,3,8,9,8,CC-BY-4.0
AVP-R-0654,train,lanl,CVE-2023-61649,CWE-620,T1078,Noisy Decoy,3,5,6,5,CC-BY-4.0
AVP-R-0655,train,lanl,CVE-2022-47127,CWE-306,T1047;T1569.002,Tool Injection,3,10,11,10,CC-BY-4.0
AVP-R-0656,train,lanl,CVE-2022-17535,CWE-384,T1557.001,NTLM Relay,2,6,7,6,CC-BY-4.0
AVP-R-0657,train,lanl,CVE-2021-32605,CWE-384,T1047;T1569.002,Tool Injection,1,7,8,7,CC-BY-4.0
AVP-R-0658,train,lanl,CVE-2023-50963,CWE-200,T1557.001,NTLM Relay,1,9,10,9,CC-BY-4.0
AVP-R-0659,train,lmdg-synthetic,CVE-2021-50689,CWE-620,T1018;T1047;T1569.002,Tool Injection,3,9,10,9,CC-BY-4.0
AVP-R-0660,train,lanl,CVE-2021-40003,CWE-200,T1047;T1569.002,Tool Injection,3,7,8,7,CC-BY-4.0
AVP-R-0661,train,mitre-engenuity,CVE-2021-50689,CWE-620,T1557.001,NTLM Relay,3,6,7,6,CC-BY-4.0
AVP-R-0662,train,mitre-engenuity,CVE-2023-46853,CWE-200,T1557.001,NTLM Relay,1,7,8,7,CC-BY-4.0
AVP-R-0663,train,lanl,CVE-2021-49456,CWE-640,T1029,Slow Exfiltration,4,5,6,5,CC-BY-4.0
AVP-R-0664,train,lanl,CVE-2021-48223,CWE-200,T1047;T1569.002,Tool Injection,1,8,9,8,CC-BY-4.0
AVP-R-0665,train,lmdg-synthetic,CVE-2022-42606,CWE-640,T1049;T1078,Noisy Decoy,1,7,8,7,CC-BY-4.0
AVP-R-0666,train,lanl,CVE-2023-41921,CWE-307,T1029,Slow Exfiltration,2,6,7,6,CC-BY-4.0
AVP-R-0667,train,lmdg-synthetic,CVE-2022-42606,CWE-640,T1029;T1087,Slow Exfiltration,1,8,9,8,CC-BY-4.0
AVP-R-0668,train,lanl,CVE-2021-56854,CWE-798,T1047;T1569.002,Tool Injection,2,6,7,6,CC-BY-4.0
AVP-R-0669,train,lanl,CVE-2021-49045,CWE-384,T1029,Slow Exfiltration,1,5,6,5,CC-BY-4.0
AVP-R-0670,train,lmdg-synthetic,CVE-2021-43291,CWE-307,T1021.006;T1047;T1569.002,Tool Injection,2,7,8,7,CC-BY-4.0
AVP-R-0671,train,lmdg-synthetic,CVE-2021-51100,CWE-287,T1059.003;T1078.001,Role Confusion,3,8,9,8,CC-BY-4.0
AVP-R-0672,train,lmdg-synthetic,CVE-2022-16713,CWE-200,T1087;T1557.001,NTLM Relay,1,8,9,8,CC-BY-4.0
AVP-R-0673,train,lanl,CVE-2023-43976,CWE-640,T1557.001,NTLM Relay,4,6,7,6,CC-BY-4.0
AVP-R-0674,train,mitre-engenuity,CVE-2022-57402,CWE-613,T1047;T1569.002,Tool Injection,2,5,6,5,CC-BY-4.0
AVP-R-0675,train,lanl,CVE-2023-58772,CWE-613,T1078.001,Role Confusion,1,5,6,5,CC-BY-4.0
AVP-R-0676,train,lanl,CVE-2023-49730,CWE-287,T1557.001,NTLM Relay,1,8,9,8,CC-BY-4.0
AVP-R-0677,train,mitre-engenuity,CVE-2021-63019,CWE-620,T1557.001,NTLM Relay,3,8,9,8,CC-BY-4.0
AVP-R-0678,train,lanl,CVE-2022-66033,CWE-200,T1047;T1569.002,Tool Injection,3,7,8,7,CC-BY-4.0
AVP-R-0679,train,mitre-engenuity,CVE-2022-33975,CWE-384,T1557.001,NTLM Relay,1,10,11,10,CC-BY-4.0
AVP-R-0680,train,mitre-engenuity,CVE-2021-38770,CWE-287,T1557.001,NTLM Relay,3,9,10,9,CC-BY-4.0
AVP-R-0681,train,lmdg-synthetic,CVE-2022-11370,CWE-287,T1021.006;T1557.001,NTLM Relay,2,7,8,7,CC-BY-4.0
AVP-R-0682,train,lanl,CVE-2022-10959,CWE-620,T1078.001,Role Confusion,3,9,10,9,CC-BY-4.0
AVP-R-0683,train,mitre-engenuity,CVE-2021-14110,CWE-287,T1078.001,Role Confusion,3,8,9,8,CC-BY-4.0
AVP-R-0684,train,lanl,CVE-2022-11370,CWE-287,T1078,Noisy Decoy,1,8,9,8,CC-BY-4.0
AVP-R-0685,train,lmdg-synthetic,CVE-2023-42332,CWE-613,T1087;T1557.001,NTLM Relay,1,9,10,9,CC-BY-4.0
AVP-R-0686,train,lmdg-synthetic,CVE-2023-40277,CWE-306,T1021.004;T1557.001,NTLM Relay,1,8,9,8,CC-BY-4.0
AVP-R-0687,train,lmdg-synthetic,CVE-2022-38907,CWE-306,T1078.001;T1087,Role Confusion,1,5,6,5,CC-BY-4.0
AVP-R-0688,train,mitre-engenuity,CVE-2021-12466,CWE-640,T1078,Noisy Decoy,2,7,8,7,CC-BY-4.0
AVP-R-0689,train,lanl,CVE-2022-42606,CWE-640,T1029,Slow Exfiltration,1,8,9,8,CC-BY-4.0
AVP-R-0690,train,lanl,CVE-2022-47538,CWE-521,T1047;T1569.002,Tool Injection,2,8,9,8,CC-BY-4.0
AVP-R-0691,train,lanl,CVE-2022-36030,CWE-287,T1557.001,NTLM Relay,1,8,9,8,CC-BY-4.0
AVP-R-0692,train,mitre-engenuity,CVE-2021-17809,CWE-620,T1047;T1569.002,Tool Injection,1,6,7,6,CC-BY-4.0
AVP-R-0693,train,lanl,CVE-2022-52059,CWE-620,T1047;T1569.002,Tool Injection,2,6,7,6,CC-BY-4.0
AVP-R-0694,train,lanl,CVE-2022-36852,CWE-613,T1047;T1569.002,Tool Injection,3,9,10,9,CC-BY-4.0
AVP-R-0695,train,lanl,CVE-2021-41647,CWE-306,T1557.001,NTLM Relay,1,8,9,8,CC-BY-4.0
AVP-R-0696,train,lanl,CVE-2023-35345,CWE-384,T1029,Slow Exfiltration,3,6,7,6,CC-BY-4.0
AVP-R-0697,train,lanl,CVE-2021-49045,CWE-384,T1047;T1569.002,Tool Injection,1,4,5,4,CC-BY-4.0
AVP-R-0698,train,lanl,CVE-2023-35756,CWE-640,T1078,Noisy Decoy,3,8,9,8,CC-BY-4.0
AVP-R-0699,train,lanl,CVE-2021-66718,CWE-521,T1078,Noisy Decoy,2,8,9,8,CC-BY-4.0
AVP-R-0700,train,lanl,CVE-2023-60005,CWE-384,T1078,Noisy Decoy,3,5,6,5,CC-BY-4.0
AVP-R-0701,train,lmdg-synthetic,CVE-2022-43017,CWE-306,T1049;T1557.001,NTLM Relay,3,10,11,10,CC-BY-4.0
AVP-R-0702,train,lmdg-synthetic,CVE-2021-65896,CWE-640,T1078;T1087,Noisy Decoy,1,8,9,8,CC-BY-4.0
AVP-R-0703,train,lanl,CVE-2021-63841,CWE-307,T1557.001,NTLM Relay,1,6,7,6,CC-BY-4.0
AVP-R-0704,train,lanl,CVE-2023-63704,CWE-798,T1557.001,NTLM Relay,4,10,11,10,CC-BY-4.0
AVP-R-0705,train,lanl,CVE-2021-35893,CWE-200,T1029,Slow Exfiltration,2,5,6,5,CC-BY-4.0
AVP-R-0706,train,mitre-engenuity,CVE-2022-38907,CWE-306,T1047;T1569.002,Tool Injection,4,5,6,5,CC-BY-4.0
AVP-R-0707,train,mitre-engenuity,CVE-2022-38085,CWE-384,T1078,Noisy Decoy,1,9,10,9,CC-BY-4.0
AVP-R-0708,train,lmdg-synthetic,CVE-2021-35482,CWE-613,T1018;T1078.001,Role Confusion,4,6,7,6,CC-BY-4.0
AVP-R-0709,train,mitre-engenuity,CVE-2022-55347,CWE-306,T1557.001,NTLM Relay,2,5,6,5,CC-BY-4.0
AVP-R-0710,train,lanl,CVE-2022-10137,CWE-306,T1029,Slow Exfiltration,1,5,6,5,CC-BY-4.0
AVP-R-0711,train,lanl,CVE-2021-45346,CWE-640,T1078,Noisy Decoy,2,5,6,5,CC-BY-4.0
AVP-R-0712,train,lmdg-synthetic,CVE-2023-63293,CWE-200,T1047;T1059.003;T1569.002,Tool Injection,3,8,9,8,CC-BY-4.0
AVP-R-0713,train,lmdg-synthetic,CVE-2023-36167,CWE-306,T1059.003;T1078,Noisy Decoy,3,6,7,6,CC-BY-4.0
AVP-R-0714,train,lanl,CVE-2022-38907,CWE-306,T1557.001,NTLM Relay,2,5,6,5,CC-BY-4.0
AVP-R-0715,train,lanl,CVE-2021-57676,CWE-640,T1029,Slow Exfiltration,1,5,6,5,CC-BY-4.0
AVP-R-0716,train,mitre-engenuity,CVE-2021-16576,CWE-640,T1557.001,NTLM Relay,4,5,6,5,CC-BY-4.0
AVP-R-0717,train,lmdg-synthetic,CVE-2021-63841,CWE-307,T1021.004;T1078.001,Role Confusion,3,8,9,8,CC-BY-4.0
AVP-R-0718,train,lanl,CVE-2023-50141,CWE-307,T1078.001,Role Confusion,2,10,11,10,CC-BY-4.0
AVP-R-0719,train,lmdg-synthetic,CVE-2021-15343,CWE-200,T1047;T1059.001;T1569.002,Tool Injection,4,5,6,5,CC-BY-4.0
AVP-R-0720,train,lanl,CVE-2022-50415,CWE-384,T1029,Slow Exfiltration,1,7,8,7,CC-BY-4.0
AVP-R-0721,train,lmdg-synthetic,CVE-2021-44113,CWE-200,T1021.001;T1029,Slow Exfiltration,3,5,6,5,CC-BY-4.0
AVP-R-0722,train,lmdg-synthetic,CVE-2021-38359,CWE-620,T1021.001;T1029,Slow Exfiltration,1,6,7,6,CC-BY-4.0
AVP-R-0723,train,lmdg-synthetic,CVE-2022-47538,CWE-521,T1059.003;T1078,Noisy Decoy,1,8,9,8,CC-BY-4.0
AVP-R-0724,train,lmdg-synthetic,CVE-2021-63019,CWE-620,T1021.001;T1078,Noisy Decoy,1,8,9,8,CC-BY-4.0
AVP-R-0725,train,lmdg-synthetic,CVE-2023-41921,CWE-307,T1059.003;T1078,Noisy Decoy,2,10,11,10,CC-BY-4.0
AVP-R-0726,train,lmdg-synthetic,CVE-2021-16576,CWE-640,T1047;T1049;T1569.002,Tool Injection,3,6,7,6,CC-BY-4.0
AVP-R-0727,train,mitre-engenuity,CVE-2021-32605,CWE-384,T1078.001,Role Confusion,1,9,10,9,CC-BY-4.0
AVP-R-0728,train,lanl,CVE-2022-54525,CWE-384,T1078,Noisy Decoy,1,5,6,5,CC-BY-4.0
AVP-R-0729,train,lanl,CVE-2023-38222,CWE-613,T1078.001,Role Confusion,1,10,11,10,CC-BY-4.0
AVP-R-0730,train,lmdg-synthetic,CVE-2021-61375,CWE-384,T1021.001;T1029,Slow Exfiltration,4,9,10,9,CC-BY-4.0
AVP-R-0731,train,lmdg-synthetic,CVE-2023-18083,CWE-200,T1049;T1078.001,Role Confusion,1,10,11,10,CC-BY-4.0
AVP-R-0732,train,lmdg-synthetic,CVE-2022-56580,CWE-287,T1029;T1049,Slow Exfiltration,3,10,11,10,CC-BY-4.0
AVP-R-0733,train,mitre-engenuity,CVE-2023-59594,CWE-798,T1078,Noisy Decoy,1,4,5,4,CC-BY-4.0
AVP-R-0734,train,lmdg-synthetic,CVE-2022-51648,CWE-521,T1018;T1029,Slow Exfiltration,1,6,7,6,CC-BY-4.0
AVP-R-0735,train,lanl,CVE-2023-58772,CWE-613,T1029,Slow Exfiltration,4,9,10,9,CC-BY-4.0
AVP-R-0736,train,mitre-engenuity,CVE-2022-57813,CWE-200,T1047;T1569.002,Tool Injection,1,7,8,7,CC-BY-4.0
AVP-R-0737,train,lmdg-synthetic,CVE-2022-13425,CWE-384,T1049;T1557.001,NTLM Relay,1,9,10,9,CC-BY-4.0
AVP-R-0738,train,lanl,CVE-2021-57676,CWE-640,T1078,Noisy Decoy,3,8,9,8,CC-BY-4.0
AVP-R-0739,train,lanl,CVE-2021-56032,CWE-613,T1078.001,Role Confusion,1,5,6,5,CC-BY-4.0
AVP-R-0740,train,lmdg-synthetic,CVE-2023-36167,CWE-306,T1018;T1047;T1569.002,Tool Injection,1,4,5,4,CC-BY-4.0
AVP-R-0741,train,mitre-engenuity,CVE-2022-16713,CWE-200,T1078,Noisy Decoy,2,6,7,6,CC-BY-4.0
AVP-R-0742,train,lanl,CVE-2022-41373,CWE-200,T1029,Slow Exfiltration,1,5,6,5,CC-BY-4.0
AVP-R-0743,train,lanl,CVE-2022-10137,CWE-306,T1029,Slow Exfiltration,2,6,7,6,CC-BY-4.0
AVP-R-0744,train,lanl,CVE-2021-58498,CWE-521,T1047;T1569.002,Tool Injection,1,10,11,10,CC-BY-4.0
AVP-R-0745,train,lanl,CVE-2022-59457,CWE-306,T1078,Noisy Decoy,1,7,8,7,CC-BY-4.0
AVP-R-0746,train,lanl,CVE-2022-41784,CWE-798,T1029,Slow Exfiltration,3,10,11,10,CC-BY-4.0
AVP-R-0747,train,lanl,CVE-2022-12603,CWE-200,T1029,Slow Exfiltration,1,5,6,5,CC-BY-4.0
AVP-R-0748,train,lanl,CVE-2023-38633,CWE-200,T1029,Slow Exfiltration,1,8,9,8,CC-BY-4.0
AVP-R-0749,train,lanl,CVE-2022-34797,CWE-306,T1029,Slow Exfiltration,2,8,9,8,CC-BY-4.0
AVP-R-0750,train,lmdg-synthetic,CVE-2021-37126,CWE-640,T1059.003;T1557.001,NTLM Relay,2,10,11,10,CC-BY-4.0
AVP-R-0751,train,mitre-engenuity,CVE-2021-15754,CWE-798,T1029,Slow Exfiltration,4,8,9,8,CC-BY-4.0
AVP-R-0752,train,lanl,CVE-2023-48908,CWE-521,T1078,Noisy Decoy,3,9,10,9,CC-BY-4.0
AVP-R-0753,train,lmdg-synthetic,CVE-2021-53155,CWE-384,T1018;T1047;T1569.002,Tool Injection,4,9,10,9,CC-BY-4.0
AVP-R-0754,train,mitre-engenuity,CVE-2022-11370,CWE-287,T1029,Slow Exfiltration,1,8,9,8,CC-BY-4.0
AVP-R-0755,train,mitre-engenuity,CVE-2022-66855,CWE-384,T1078.001,Role Confusion,4,8,9,8,CC-BY-4.0
AVP-R-0756,train,lmdg-synthetic,CVE-2021-42058,CWE-521,T1049;T1078,Noisy Decoy,2,9,10,9,CC-BY-4.0
AVP-R-0757,train,lmdg-synthetic,CVE-2023-53429,CWE-620,T1047;T1059.001;T1569.002,Tool Injection,2,8,9,8,CC-BY-4.0
AVP-R-0758,train,lanl,CVE-2023-58772,CWE-613,T1029,Slow Exfiltration,1,6,7,6,CC-BY-4.0
AVP-R-0759,train,lanl,CVE-2022-49593,CWE-200,T1047;T1569.002,Tool Injection,4,7,8,7,CC-BY-4.0
AVP-R-0760,train,lanl,CVE-2021-14932,CWE-613,T1078,Noisy Decoy,4,6,7,6,CC-BY-4.0
AVP-R-0761,train,lanl,CVE-2023-50963,CWE-200,T1078.001,Role Confusion,3,6,7,6,CC-BY-4.0
AVP-R-0762,train,lanl,CVE-2022-54114,CWE-798,T1029,Slow Exfiltration,3,9,10,9,CC-BY-4.0
AVP-R-0763,train,mitre-engenuity,CVE-2023-17672,CWE-613,T1029,Slow Exfiltration,1,6,7,6,CC-BY-4.0
AVP-R-0764,train,mitre-engenuity,CVE-2023-62471,CWE-307,T1557.001,NTLM Relay,1,6,7,6,CC-BY-4.0
AVP-R-0765,train,lmdg-synthetic,CVE-2022-32742,CWE-613,T1047;T1059.001;T1569.002,Tool Injection,1,7,8,7,CC-BY-4.0
AVP-R-0766,train,lmdg-synthetic,CVE-2022-10548,CWE-521,T1047;T1087;T1569.002,Tool Injection,2,6,7,6,CC-BY-4.0
AVP-R-0767,train,mitre-engenuity,CVE-2021-42880,CWE-287,T1078.001,Role Confusion,1,8,9,8,CC-BY-4.0
AVP-R-0768,train,lanl,CVE-2022-36441,CWE-307,T1557.001,NTLM Relay,2,6,7,6,CC-BY-4.0
AVP-R-0769,train,lmdg-synthetic,CVE-2023-64937,CWE-306,T1029;T1059.003,Slow Exfiltration,4,8,9,8,CC-BY-4.0
AVP-R-0770,train,mitre-engenuity,CVE-2022-65622,CWE-613,T1078,Noisy Decoy,1,10,11,10,CC-BY-4.0
AVP-R-0771,train,lmdg-synthetic,CVE-2021-59320,CWE-287,T1047;T1087;T1569.002,Tool Injection,3,8,9,8,CC-BY-4.0
AVP-R-0772,train,lmdg-synthetic,CVE-2021-64252,CWE-613,T1029;T1049,Slow Exfiltration,1,8,9,8,CC-BY-4.0
AVP-R-0773,train,lmdg-synthetic,CVE-2022-43428,CWE-521,T1059.003;T1557.001,NTLM Relay,1,10,11,10,CC-BY-4.0
AVP-R-0774,train,lmdg-synthetic,CVE-2022-54525,CWE-384,T1021.004;T1047;T1569.002,Tool Injection,3,6,7,6,CC-BY-4.0
AVP-R-0775,train,lmdg-synthetic,CVE-2021-66307,CWE-306,T1087;T1557.001,NTLM Relay,2,10,11,10,CC-BY-4.0
AVP-R-0776,train,lanl,CVE-2022-59046,CWE-640,T1047;T1569.002,Tool Injection,2,7,8,7,CC-BY-4.0
AVP-R-0777,train,lanl,CVE-2022-57813,CWE-200,T1078,Noisy Decoy,1,9,10,9,CC-BY-4.0
AVP-R-0778,train,mitre-engenuity,CVE-2021-58498,CWE-521,T1078.001,Role Confusion,4,9,10,9,CC-BY-4.0
AVP-R-0779,train,lanl,CVE-2021-10000,CWE-287,T1047;T1569.002,Tool Injection,2,10,11,10,CC-BY-4.0
AVP-R-0780,train,mitre-engenuity,CVE-2023-46853,CWE-200,T1078,Noisy Decoy,1,7,8,7,CC-BY-4.0
AVP-R-0781,train,lanl,CVE-2021-36304,CWE-798,T1078.001,Role Confusion,2,8,9,8,CC-BY-4.0
AVP-R-0782,train,lanl,CVE-2023-44798,CWE-521,T1047;T1569.002,Tool Injection,3,5,6,5,CC-BY-4.0
AVP-R-0783,train,lanl,CVE-2021-61786,CWE-640,T1078.001,Role Confusion,2,6,7,6,CC-BY-4.0
AVP-R-0784,train,mitre-engenuity,CVE-2023-60827,CWE-306,T1047;T1569.002,Tool Injection,2,6,7,6,CC-BY-4.0
AVP-R-0785,train,lanl,CVE-2023-59594,CWE-798,T1047;T1569.002,Tool Injection,4,9,10,9,CC-BY-4.0
AVP-R-0786,train,mitre-engenuity,CVE-2022-41784,CWE-798,T1078,Noisy Decoy,1,10,11,10,CC-BY-4.0
AVP-R-0787,train,lanl,CVE-2023-42332,CWE-613,T1047;T1569.002,Tool Injection,4,5,6,5,CC-BY-4.0
AVP-R-0788,train,lanl,CVE-2022-39729,CWE-620,T1078,Noisy Decoy,2,8,9,8,CC-BY-4.0
AVP-R-0789,train,lmdg-synthetic,CVE-2022-66855,CWE-384,T1021.001;T1557.001,NTLM Relay,1,6,7,6,CC-BY-4.0
AVP-R-0790,train,lmdg-synthetic,CVE-2022-50415,CWE-384,T1029;T1059.001,Slow Exfiltration,4,8,9,8,CC-BY-4.0
AVP-R-0791,train,lmdg-synthetic,CVE-2022-15069,CWE-620,T1078;T1087,Noisy Decoy,2,5,6,5,CC-BY-4.0
AVP-R-0792,train,lmdg-synthetic,CVE-2021-64252,CWE-613,T1029;T1049,Slow Exfiltration,2,8,9,8,CC-BY-4.0
AVP-R-0793,train,mitre-engenuity,CVE-2022-41373,CWE-200,T1047;T1569.002,Tool Injection,3,5,6,5,CC-BY-4.0
AVP-R-0794,train,mitre-engenuity,CVE-2021-59320,CWE-287,T1078.001,Role Confusion,2,8,9,8,CC-BY-4.0
AVP-R-0795,train,lanl,CVE-2022-37674,CWE-798,T1557.001,NTLM Relay,3,5,6,5,CC-BY-4.0
AVP-R-0796,train,mitre-engenuity,CVE-2022-43017,CWE-306,T1047;T1569.002,Tool Injection,1,8,9,8,CC-BY-4.0
AVP-R-0797,train,lmdg-synthetic,CVE-2023-12740,CWE-287,T1021.006;T1557.001,NTLM Relay,3,7,8,7,CC-BY-4.0
AVP-R-0798,train,lanl,CVE-2022-56991,CWE-307,T1029,Slow Exfiltration,1,5,6,5,CC-BY-4.0
AVP-R-0799,train,lanl,CVE-2023-47264,CWE-798,T1078,Noisy Decoy,4,7,8,7,CC-BY-4.0
AVP-R-0800,train,lanl,CVE-2023-50141,CWE-307,T1047;T1569.002,Tool Injection,2,6,7,6,CC-BY-4.0
AVP-R-0801,train,lmdg-synthetic,CVE-2022-12192,CWE-613,T1059.003;T1557.001,NTLM Relay,4,10,11,10,CC-BY-4.0
AVP-R-0802,train,lmdg-synthetic,CVE-2021-33016,CWE-640,T1021.004;T1047;T1569.002,Tool Injection,1,9,10,9,CC-BY-4.0
AVP-R-0803,train,mitre-engenuity,CVE-2021-32605,CWE-384,T1557.001,NTLM Relay,1,8,9,8,CC-BY-4.0
AVP-R-0804,train,lanl,CVE-2023-46442,CWE-613,T1078.001,Role Confusion,1,8,9,8,CC-BY-4.0
AVP-R-0805,train,lanl,CVE-2021-10822,CWE-613,T1078.001,Role Confusion,1,6,7,6,CC-BY-4.0
AVP-R-0806,train,lmdg-synthetic,CVE-2023-49319,CWE-620,T1021.004;T1078.001,Role Confusion,1,5,6,5,CC-BY-4.0
AVP-R-0807,train,lanl,CVE-2021-62197,CWE-306,T1078,Noisy Decoy,4,6,7,6,CC-BY-4.0
AVP-R-0808,train,lmdg-synthetic,CVE-2023-44798,CWE-521,T1021.001;T1078.001,Role Confusion,2,6,7,6,CC-BY-4.0
AVP-R-0809,train,mitre-engenuity,CVE-2023-53018,CWE-521,T1078.001,Role Confusion,2,9,10,9,CC-BY-4.0
AVP-R-0810,train,mitre-engenuity,CVE-2022-44661,CWE-307,T1078.001,Role Confusion,1,10,11,10,CC-BY-4.0
AVP-R-0811,train,mitre-engenuity,CVE-2023-64115,CWE-384,T1078,Noisy Decoy,1,9,10,9,CC-BY-4.0
AVP-R-0812,train,mitre-engenuity,CVE-2023-49319,CWE-620,T1029,Slow Exfiltration,1,5,6,5,CC-BY-4.0
AVP-R-0813,train,lmdg-synthetic,CVE-2023-64937,CWE-306,T1018;T1029,Slow Exfiltration,1,6,7,6,CC-BY-4.0
AVP-R-0814,train,lanl,CVE-2023-53840,CWE-287,T1078,Noisy Decoy,1,4,5,4,CC-BY-4.0
AVP-R-0815,train,mitre-engenuity,CVE-2021-51511,CWE-307,T1078,Noisy Decoy,1,5,6,5,CC-BY-4.0
AVP-R-0816,train,mitre-engenuity,CVE-2021-66307,CWE-306,T1557.001,NTLM Relay,3,9,10,9,CC-BY-4.0
AVP-R-0817,train,lanl,CVE-2021-49045,CWE-384,T1078,Noisy Decoy,3,9,10,9,CC-BY-4.0
AVP-R-0818,train,lmdg-synthetic,CVE-2023-60005,CWE-384,T1021.004;T1557.001,NTLM Relay,4,8,9,8,CC-BY-4.0
AVP-R-0819,train,mitre-engenuity,CVE-2022-49182,CWE-613,T1078.001,Role Confusion,1,9,10,9,CC-BY-4.0
AVP-R-0820,train,lanl,CVE-2023-38633,CWE-200,T1078,Noisy Decoy,1,9,10,9,CC-BY-4.0
AVP-R-0821,train,lanl,CVE-2023-13562,CWE-613,T1047;T1569.002,Tool Injection,1,10,11,10,CC-BY-4.0
AVP-R-0822,train,lanl,CVE-2022-12603,CWE-200,T1078,Noisy Decoy,3,6,7,6,CC-BY-4.0
AVP-R-0823,train,lanl,CVE-2021-12877,CWE-306,T1078.001,Role Confusion,3,7,8,7,CC-BY-4.0
AVP-R-0824,train,mitre-engenuity,CVE-2022-54114,CWE-798,T1029,Slow Exfiltration,3,6,7,6,CC-BY-4.0
AVP-R-0825,train,mitre-engenuity,CVE-2023-13973,CWE-200,T1047;T1569.002,Tool Injection,1,6,7,6,CC-BY-4.0
AVP-R-0826,train,mitre-engenuity,CVE-2021-14521,CWE-307,T1078.001,Role Confusion,1,8,9,8,CC-BY-4.0
AVP-R-0827,train,lanl,CVE-2021-10822,CWE-613,T1078,Noisy Decoy,1,10,11,10,CC-BY-4.0
AVP-R-0828,train,mitre-engenuity,CVE-2022-38496,CWE-640,T1047;T1569.002,Tool Injection,1,9,10,9,CC-BY-4.0
AVP-R-0829,train,lanl,CVE-2023-39044,CWE-798,T1029,Slow Exfiltration,4,10,11,10,CC-BY-4.0
AVP-R-0830,train,lmdg-synthetic,CVE-2021-11644,CWE-798,T1029;T1059.001,Slow Exfiltration,1,6,7,6,CC-BY-4.0
AVP-R-0831,train,lanl,CVE-2023-60827,CWE-306,T1078,Noisy Decoy,3,10,11,10,CC-BY-4.0
AVP-R-0832,train,lanl,CVE-2023-61238,CWE-521,T1078.001,Role Confusion,1,8,9,8,CC-BY-4.0
AVP-R-0833,train,lanl,CVE-2021-37537,CWE-306,T1078.001,Role Confusion,4,8,9,8,CC-BY-4.0
AVP-R-0834,train,lmdg-synthetic,CVE-2021-52333,CWE-200,T1021.004;T1029,Slow Exfiltration,1,5,6,5,CC-BY-4.0
AVP-R-0835,train,lanl,CVE-2022-45072,CWE-613,T1029,Slow Exfiltration,2,6,7,6,CC-BY-4.0
AVP-R-0836,train,mitre-engenuity,CVE-2022-42195,CWE-384,T1557.001,NTLM Relay,1,6,7,6,CC-BY-4.0
AVP-R-0837,train,mitre-engenuity,CVE-2023-34112,CWE-613,T1047;T1569.002,Tool Injection,1,9,10,9,CC-BY-4.0
AVP-R-0838,train,lanl,CVE-2022-49182,CWE-613,T1078.001,Role Confusion,1,10,11,10,CC-BY-4.0
AVP-R-0839,train,mitre-engenuity,CVE-2022-47127,CWE-306,T1029,Slow Exfiltration,1,4,5,4,CC-BY-4.0
AVP-R-0840,train,lanl,CVE-2023-49730,CWE-287,T1078,Noisy Decoy,1,7,8,7,CC-BY-4.0
AVP-R-0841,train,mitre-engenuity,CVE-2021-14110,CWE-287,T1557.001,NTLM Relay,1,8,9,8,CC-BY-4.0
AVP-R-0842,train,lmdg-synthetic,CVE-2021-16576,CWE-640,T1059.001;T1557.001,NTLM Relay,1,8,9,8,CC-BY-4.0
AVP-R-0843,train,lanl,CVE-2021-12466,CWE-640,T1029,Slow Exfiltration,2,5,6,5,CC-BY-4.0
AVP-R-0844,train,mitre-engenuity,CVE-2023-13151,CWE-307,T1029,Slow Exfiltration,1,5,6,5,CC-BY-4.0
AVP-R-0845,train,mitre-engenuity,CVE-2022-50004,CWE-798,T1029,Slow Exfiltration,4,7,8,7,CC-BY-4.0
AVP-R-0846,train,lanl,CVE-2021-34660,CWE-287,T1047;T1569.002,Tool Injection,3,10,11,10,CC-BY-4.0
AVP-R-0847,train,mitre-engenuity,CVE-2023-48497,CWE-306,T1557.001,NTLM Relay,1,9,10,9,CC-BY-4.0
AVP-R-0848,train,lanl,CVE-2021-61786,CWE-640,T1029,Slow Exfiltration,1,10,11,10,CC-BY-4.0
AVP-R-0849,train,lanl,CVE-2021-42880,CWE-287,T1557.001,NTLM Relay,3,8,9,8,CC-BY-4.0
AVP-R-0850,train,lanl,CVE-2022-46716,CWE-640,T1078,Noisy Decoy,4,10,11,10,CC-BY-4.0
AVP-R-0851,train,lanl,CVE-2023-61649,CWE-620,T1029,Slow Exfiltration,1,7,8,7,CC-BY-4.0
AVP-R-0852,train,mitre-engenuity,CVE-2021-12055,CWE-384,T1047;T1569.002,Tool Injection,4,9,10,9,CC-BY-4.0
AVP-R-0853,train,mitre-engenuity,CVE-2023-64115,CWE-384,T1047;T1569.002,Tool Injection,2,7,8,7,CC-BY-4.0
AVP-R-0854,train,lanl,CVE-2022-50004,CWE-798,T1029,Slow Exfiltration,1,7,8,7,CC-BY-4.0
AVP-R-0855,train,lmdg-synthetic,CVE-2022-33975,CWE-384,T1018;T1557.001,NTLM Relay,1,9,10,9,CC-BY-4.0
AVP-R-0856,train,lanl,CVE-2021-51511,CWE-307,T1047;T1569.002,Tool Injection,3,5,6,5,CC-BY-4.0
AVP-R-0857,train,lmdg-synthetic,CVE-2021-66718,CWE-521,T1029;T1059.003,Slow Exfiltration,1,10,11,10,CC-BY-4.0
AVP-R-0858,train,lanl,CVE-2021-44524,CWE-798,T1047;T1569.002,Tool Injection,1,8,9,8,CC-BY-4.0
AVP-R-0859,train,mitre-engenuity,CVE-2023-61649,CWE-620,T1078.001,Role Confusion,2,6,7,6,CC-BY-4.0
AVP-R-0860,train,lanl,CVE-2021-55210,CWE-287,T1047;T1569.002,Tool Injection,4,10,11,10,CC-BY-4.0
AVP-R-0861,train,lmdg-synthetic,CVE-2021-49456,CWE-640,T1029;T1059.001,Slow Exfiltration,1,5,6,5,CC-BY-4.0
AVP-R-0862,train,lmdg-synthetic,CVE-2023-51785,CWE-384,T1049;T1078.001,Role Confusion,2,7,8,7,CC-BY-4.0
AVP-R-0863,train,lmdg-synthetic,CVE-2022-14247,CWE-306,T1021.004;T1078,Noisy Decoy,1,7,8,7,CC-BY-4.0
AVP-R-0864,train,lanl,CVE-2022-47949,CWE-620,T1047;T1569.002,Tool Injection,2,8,9,8,CC-BY-4.0
AVP-R-0865,train,lmdg-synthetic,CVE-2023-46442,CWE-613,T1021.001;T1078,Noisy Decoy,1,10,11,10,CC-BY-4.0
AVP-R-0866,train,lanl,CVE-2022-57402,CWE-613,T1047;T1569.002,Tool Injection,1,5,6,5,CC-BY-4.0
AVP-R-0867,train,mitre-engenuity,CVE-2022-10548,CWE-521,T1047;T1569.002,Tool Injection,1,8,9,8,CC-BY-4.0
AVP-R-0868,train,mitre-engenuity,CVE-2022-50826,CWE-640,T1029,Slow Exfiltration,3,7,8,7,CC-BY-4.0
AVP-R-0869,train,mitre-engenuity,CVE-2021-63430,CWE-287,T1078,Noisy Decoy,1,8,9,8,CC-BY-4.0
AVP-R-0870,train,lanl,CVE-2021-64252,CWE-613,T1029,Slow Exfiltration,1,7,8,7,CC-BY-4.0
AVP-R-0871,train,mitre-engenuity,CVE-2021-33838,CWE-521,T1557.001,NTLM Relay,1,5,6,5,CC-BY-4.0
AVP-R-0872,train,lanl,CVE-2021-46990,CWE-287,T1047;T1569.002,Tool Injection,2,6,7,6,CC-BY-4.0
AVP-R-0873,train,lmdg-synthetic,CVE-2022-13836,CWE-640,T1049;T1078,Noisy Decoy,3,7,8,7,CC-BY-4.0
AVP-R-0874,train,mitre-engenuity,CVE-2023-61238,CWE-521,T1078,Noisy Decoy,1,5,6,5,CC-BY-4.0
AVP-R-0875,train,mitre-engenuity,CVE-2022-59046,CWE-640,T1557.001,NTLM Relay,4,5,6,5,CC-BY-4.0
AVP-R-0876,train,lanl,CVE-2023-54251,CWE-307,T1047;T1569.002,Tool Injection,3,10,11,10,CC-BY-4.0
AVP-R-0877,train,mitre-engenuity,CVE-2022-52470,CWE-287,T1557.001,NTLM Relay,2,8,9,8,CC-BY-4.0
AVP-R-0878,train,lanl,CVE-2022-50415,CWE-384,T1078.001,Role Confusion,1,5,6,5,CC-BY-4.0
AVP-R-0879,train,mitre-engenuity,CVE-2023-62471,CWE-307,T1029,Slow Exfiltration,1,6,7,6,CC-BY-4.0
AVP-R-0880,train,lanl,CVE-2023-44387,CWE-306,T1029,Slow Exfiltration,4,6,7,6,CC-BY-4.0
AVP-R-0881,train,lmdg-synthetic,CVE-2022-58635,CWE-384,T1059.001;T1557.001,NTLM Relay,3,9,10,9,CC-BY-4.0
AVP-R-0882,train,lanl,CVE-2021-42880,CWE-287,T1557.001,NTLM Relay,1,6,7,6,CC-BY-4.0
AVP-R-0883,train,lmdg-synthetic,CVE-2021-49456,CWE-640,T1021.006;T1078.001,Role Confusion,1,5,6,5,CC-BY-4.0
AVP-R-0884,train,mitre-engenuity,CVE-2023-40277,CWE-306,T1047;T1569.002,Tool Injection,1,8,9,8,CC-BY-4.0
AVP-R-0885,train,lmdg-synthetic,CVE-2021-60142,CWE-613,T1049;T1557.001,NTLM Relay,2,5,6,5,CC-BY-4.0
AVP-R-0886,train,mitre-engenuity,CVE-2023-63704,CWE-798,T1557.001,NTLM Relay,3,8,9,8,CC-BY-4.0
AVP-R-0887,train,lmdg-synthetic,CVE-2023-40688,CWE-521,T1047;T1059.001;T1569.002,Tool Injection,3,10,11,10,CC-BY-4.0
AVP-R-0888,train,mitre-engenuity,CVE-2022-44250,CWE-287,T1078.001,Role Confusion,2,10,11,10,CC-BY-4.0
AVP-R-0889,train,lanl,CVE-2023-42332,CWE-613,T1078.001,Role Confusion,1,7,8,7,CC-BY-4.0
AVP-R-0890,train,lanl,CVE-2022-49182,CWE-613,T1078.001,Role Confusion,1,9,10,9,CC-BY-4.0
AVP-R-0891,train,lmdg-synthetic,CVE-2021-39592,CWE-613,T1021.006;T1078.001,Role Confusion,1,6,7,6,CC-BY-4.0
AVP-R-0892,train,mitre-engenuity,CVE-2022-43839,CWE-620,T1078,Noisy Decoy,2,5,6,5,CC-BY-4.0
AVP-R-0893,train,lanl,CVE-2023-48497,CWE-306,T1047;T1569.002,Tool Injection,1,7,8,7,CC-BY-4.0
AVP-R-0894,train,lmdg-synthetic,CVE-2023-61238,CWE-521,T1021.001;T1029,Slow Exfiltration,3,10,11,10,CC-BY-4.0
AVP-R-0895,train,lanl,CVE-2022-42195,CWE-384,T1047;T1569.002,Tool Injection,4,5,6,5,CC-BY-4.0
AVP-R-0896,train,lanl,CVE-2023-41921,CWE-307,T1078,Noisy Decoy,1,8,9,8,CC-BY-4.0
AVP-R-0897,train,lanl,CVE-2022-57402,CWE-613,T1078,Noisy Decoy,1,10,11,10,CC-BY-4.0
AVP-R-0898,train,mitre-engenuity,CVE-2022-59868,CWE-521,T1029,Slow Exfiltration,1,6,7,6,CC-BY-4.0
AVP-R-0899,train,mitre-engenuity,CVE-2021-54799,CWE-620,T1047;T1569.002,Tool Injection,1,7,8,7,CC-BY-4.0
AVP-R-0900,train,lmdg-synthetic,CVE-2021-15343,CWE-200,T1078;T1087,Noisy Decoy,3,5,6,5,CC-BY-4.0
AVP-R-0901,train,lmdg-synthetic,CVE-2022-15480,CWE-287,T1021.006;T1557.001,NTLM Relay,2,6,7,6,CC-BY-4.0
AVP-R-0902,train,mitre-engenuity,CVE-2023-52196,CWE-640,T1078.001,Role Confusion,1,9,10,9,CC-BY-4.0
AVP-R-0903,train,lanl,CVE-2021-55210,CWE-287,T1047;T1569.002,Tool Injection,2,6,7,6,CC-BY-4.0
AVP-R-0904,train,lmdg-synthetic,CVE-2023-41099,CWE-620,T1021.004;T1078,Noisy Decoy,1,6,7,6,CC-BY-4.0
AVP-R-0905,train,lmdg-synthetic,CVE-2021-39592,CWE-613,T1021.006;T1078.001,Role Confusion,4,8,9,8,CC-BY-4.0
AVP-R-0906,train,lanl,CVE-2022-60690,CWE-287,T1557.001,NTLM Relay,1,9,10,9,CC-BY-4.0
AVP-R-0907,train,mitre-engenuity,CVE-2021-47401,CWE-307,T1078.001,Role Confusion,2,10,11,10,CC-BY-4.0
AVP-R-0908,train,lmdg-synthetic,CVE-2021-63019,CWE-620,T1029;T1049,Slow Exfiltration,1,10,11,10,CC-BY-4.0
AVP-R-0909,train,lmdg-synthetic,CVE-2021-44113,CWE-200,T1021.004;T1078,Noisy Decoy,1,6,7,6,CC-BY-4.0
AVP-R-0910,train,lanl,CVE-2022-51648,CWE-521,T1557.001,NTLM Relay,2,10,11,10,CC-BY-4.0
AVP-R-0911,train,lanl,CVE-2022-16302,CWE-613,T1029,Slow Exfiltration,1,9,10,9,CC-BY-4.0
AVP-R-0912,train,lmdg-synthetic,CVE-2023-57128,CWE-521,T1059.001;T1557.001,NTLM Relay,1,8,9,8,CC-BY-4.0
AVP-R-0913,train,lmdg-synthetic,CVE-2022-36852,CWE-613,T1078.001;T1087,Role Confusion,3,5,6,5,CC-BY-4.0
AVP-R-0914,train,mitre-engenuity,CVE-2023-38222,CWE-613,T1047;T1569.002,Tool Injection,3,10,11,10,CC-BY-4.0
AVP-R-0915,train,lanl,CVE-2022-11781,CWE-307,T1078,Noisy Decoy,1,8,9,8,CC-BY-4.0
AVP-R-0916,train,mitre-engenuity,CVE-2022-66033,CWE-200,T1557.001,NTLM Relay,1,9,10,9,CC-BY-4.0
AVP-R-0917,train,lanl,CVE-2021-55210,CWE-287,T1557.001,NTLM Relay,3,6,7,6,CC-BY-4.0
AVP-R-0918,train,mitre-engenuity,CVE-2021-12055,CWE-384,T1047;T1569.002,Tool Injection,2,7,8,7,CC-BY-4.0
AVP-R-0919,train,lanl,CVE-2023-37400,CWE-287,T1029,Slow Exfiltration,4,6,7,6,CC-BY-4.0
AVP-R-0920,train,lanl,CVE-2021-45757,CWE-306,T1078.001,Role Confusion,1,9,10,9,CC-BY-4.0
AVP-R-0921,train,lanl,CVE-2023-15617,CWE-306,T1078,Noisy Decoy,1,7,8,7,CC-BY-4.0
AVP-R-0922,train,lmdg-synthetic,CVE-2021-42880,CWE-287,T1049;T1557.001,NTLM Relay,3,5,6,5,CC-BY-4.0
AVP-R-0923,train,mitre-engenuity,CVE-2021-40003,CWE-200,T1029,Slow Exfiltration,3,6,7,6,CC-BY-4.0
AVP-R-0924,train,lanl,CVE-2022-12603,CWE-200,T1047;T1569.002,Tool Injection,4,10,11,10,CC-BY-4.0
AVP-R-0925,train,lanl,CVE-2022-10959,CWE-620,T1557.001,NTLM Relay,1,7,8,7,CC-BY-4.0
AVP-R-0926,train,lanl,CVE-2022-52470,CWE-287,T1557.001,NTLM Relay,1,5,6,5,CC-BY-4.0
AVP-R-0927,train,lmdg-synthetic,CVE-2021-33838,CWE-521,T1021.006;T1078.001,Role Confusion,1,10,11,10,CC-BY-4.0
AVP-R-0928,train,lanl,CVE-2023-12329,CWE-620,T1029,Slow Exfiltration,1,5,6,5,CC-BY-4.0
AVP-R-0929,train,mitre-engenuity,CVE-2023-33701,CWE-307,T1557.001,NTLM Relay,1,10,11,10,CC-BY-4.0
AVP-R-0930,train,lmdg-synthetic,CVE-2022-57813,CWE-200,T1059.001;T1078,Noisy Decoy,3,7,8,7,CC-BY-4.0
AVP-R-0931,train,lmdg-synthetic,CVE-2021-58909,CWE-620,T1047;T1059.003;T1569.002,Tool Injection,3,5,6,5,CC-BY-4.0
AVP-R-0932,train,lanl,CVE-2021-48223,CWE-200,T1557.001,NTLM Relay,1,6,7,6,CC-BY-4.0
AVP-R-0933,train,lanl,CVE-2022-35208,CWE-521,T1047;T1569.002,Tool Injection,3,10,11,10,CC-BY-4.0
AVP-R-0934,train,lmdg-synthetic,CVE-2022-33564,CWE-798,T1021.006;T1047;T1569.002,Tool Injection,4,8,9,8,CC-BY-4.0
AVP-R-0935,train,mitre-engenuity,CVE-2022-45483,CWE-200,T1078,Noisy Decoy,4,10,11,10,CC-BY-4.0
AVP-R-0936,train,lmdg-synthetic,CVE-2021-53977,CWE-306,T1047;T1059.003;T1569.002,Tool Injection,4,6,7,6,CC-BY-4.0
AVP-R-0937,train,mitre-engenuity,CVE-2023-12740,CWE-287,T1557.001,NTLM Relay,3,9,10,9,CC-BY-4.0
AVP-R-0938,train,lanl,CVE-2022-65622,CWE-613,T1078.001,Role Confusion,2,6,7,6,CC-BY-4.0
AVP-R-0939,train,lanl,CVE-2021-50278,CWE-521,T1029,Slow Exfiltration,2,9,10,9,CC-BY-4.0
AVP-R-0940,train,lanl,CVE-2021-38770,CWE-287,T1078,Noisy Decoy,1,5,6,5,CC-BY-4.0
AVP-R-0941,train,mitre-engenuity,CVE-2023-34934,CWE-798,T1078,Noisy Decoy,1,5,6,5,CC-BY-4.0
AVP-R-0942,train,lmdg-synthetic,CVE-2022-17535,CWE-384,T1049;T1078,Noisy Decoy,1,6,7,6,CC-BY-4.0
AVP-R-0943,train,lanl,CVE-2022-53703,CWE-200,T1078.001,Role Confusion,1,9,10,9,CC-BY-4.0
AVP-R-0944,train,lanl,CVE-2021-63019,CWE-620,T1557.001,NTLM Relay,3,7,8,7,CC-BY-4.0
AVP-R-0945,train,lanl,CVE-2021-10411,CWE-307,T1029,Slow Exfiltration,4,10,11,10,CC-BY-4.0
AVP-R-0946,train,lmdg-synthetic,CVE-2021-55210,CWE-287,T1049;T1078,Noisy Decoy,3,6,7,6,CC-BY-4.0
AVP-R-0947,train,lanl,CVE-2022-51648,CWE-521,T1047;T1569.002,Tool Injection,2,7,8,7,CC-BY-4.0
AVP-R-0948,train,lanl,CVE-2021-17398,CWE-521,T1557.001,NTLM Relay,2,7,8,7,CC-BY-4.0
AVP-R-0949,train,mitre-engenuity,CVE-2021-12877,CWE-306,T1078.001,Role Confusion,2,8,9,8,CC-BY-4.0
AVP-R-0950,train,lanl,CVE-2021-40003,CWE-200,T1557.001,NTLM Relay,4,10,11,10,CC-BY-4.0
AVP-R-0951,train,mitre-engenuity,CVE-2023-47264,CWE-798,T1029,Slow Exfiltration,3,9,10,9,CC-BY-4.0
AVP-R-0952,train,lanl,CVE-2021-41647,CWE-306,T1078,Noisy Decoy,2,6,7,6,CC-BY-4.0
AVP-R-0953,train,lanl,CVE-2021-35071,CWE-307,T1078,Noisy Decoy,4,9,10,9,CC-BY-4.0
AVP-R-0954,train,lanl,CVE-2021-36715,CWE-384,T1078,Noisy Decoy,4,9,10,9,CC-BY-4.0
AVP-R-0955,train,lmdg-synthetic,CVE-2021-56443,CWE-200,T1047;T1049;T1569.002,Tool Injection,1,7,8,7,CC-BY-4.0
AVP-R-0956,train,lanl,CVE-2023-38633,CWE-200,T1029,Slow Exfiltration,1,6,7,6,CC-BY-4.0
AVP-R-0957,train,lmdg-synthetic,CVE-2021-41236,CWE-640,T1047;T1059.003;T1569.002,Tool Injection,2,6,7,6,CC-BY-4.0
AVP-R-0958,train,lanl,CVE-2023-65759,CWE-620,T1047;T1569.002,Tool Injection,3,7,8,7,CC-BY-4.0
AVP-R-0959,train,mitre-engenuity,CVE-2023-48086,CWE-640,T1029,Slow Exfiltration,1,6,7,6,CC-BY-4.0
AVP-R-0960,train,lmdg-synthetic,CVE-2021-65074,CWE-798,T1049;T1078,Noisy Decoy,1,5,6,5,CC-BY-4.0
AVP-R-0961,train,lmdg-synthetic,CVE-2021-14932,CWE-613,T1047;T1049;T1569.002,Tool Injection,1,5,6,5,CC-BY-4.0
AVP-R-0962,train,lmdg-synthetic,CVE-2022-47949,CWE-620,T1018;T1078,Noisy Decoy,3,9,10,9,CC-BY-4.0
AVP-R-0963,train,lmdg-synthetic,CVE-2022-56169,CWE-620,T1021.006;T1078.001,Role Confusion,1,10,11,10,CC-BY-4.0
AVP-R-0964,train,mitre-engenuity,CVE-2023-61649,CWE-620,T1078,Noisy Decoy,2,10,11,10,CC-BY-4.0
AVP-R-0965,train,lanl,CVE-2021-33838,CWE-521,T1078.001,Role Confusion,1,5,6,5,CC-BY-4.0
AVP-R-0966,train,lanl,CVE-2021-55621,CWE-307,T1557.001,NTLM Relay,1,7,8,7,CC-BY-4.0
AVP-R-0967,train,lanl,CVE-2021-16576,CWE-640,T1047;T1569.002,Tool Injection,3,9,10,9,CC-BY-4.0
AVP-R-0968,train,mitre-engenuity,CVE-2021-10411,CWE-307,T1078.001,Role Confusion,2,5,6,5,CC-BY-4.0
AVP-R-0969,train,mitre-engenuity,CVE-2021-44113,CWE-200,T1047;T1569.002,Tool Injection,4,8,9,8,CC-BY-4.0
AVP-R-0970,train,lmdg-synthetic,CVE-2022-15480,CWE-287,T1021.006;T1047;T1569.002,Tool Injection,3,8,9,8,CC-BY-4.0
AVP-R-0971,train,lanl,CVE-2021-36715,CWE-384,T1078,Noisy Decoy,1,5,6,5,CC-BY-4.0
AVP-R-0972,train,lanl,CVE-2022-16302,CWE-613,T1029,Slow Exfiltration,2,6,7,6,CC-BY-4.0
AVP-R-0973,train,mitre-engenuity,CVE-2023-61238,CWE-521,T1078,Noisy Decoy,1,7,8,7,CC-BY-4.0
AVP-R-0974,train,mitre-engenuity,CVE-2023-57128,CWE-521,T1557.001,NTLM Relay,3,6,7,6,CC-BY-4.0
AVP-R-0975,train,lanl,CVE-2023-49730,CWE-287,T1078,Noisy Decoy,1,10,11,10,CC-BY-4.0
AVP-R-0976,train,lanl,CVE-2021-44935,CWE-384,T1557.001,NTLM Relay,2,6,7,6,CC-BY-4.0
AVP-R-0977,train,lanl,CVE-2023-13973,CWE-200,T1557.001,NTLM Relay,1,5,6,5,CC-BY-4.0
AVP-R-0978,train,lanl,CVE-2023-12329,CWE-620,T1557.001,NTLM Relay,2,8,9,8,CC-BY-4.0
AVP-R-0979,train,lmdg-synthetic,CVE-2022-53703,CWE-200,T1049;T1078.001,Role Confusion,1,10,11,10,CC-BY-4.0
AVP-R-0980,train,lmdg-synthetic,CVE-2021-45346,CWE-640,T1029;T1059.001,Slow Exfiltration,3,6,7,6,CC-BY-4.0
AVP-R-0981,train,lanl,CVE-2022-63156,CWE-640,T1078.001,Role Confusion,4,9,10,9,CC-BY-4.0
AVP-R-0982,train,mitre-engenuity,CVE-2021-64663,CWE-200,T1029,Slow Exfiltration,4,6,7,6,CC-BY-4.0
AVP-R-0983,train,mitre-engenuity,CVE-2022-39318,CWE-521,T1078,Noisy Decoy,3,6,7,6,CC-BY-4.0
AVP-R-0984,train,mitre-engenuity,CVE-2022-17124,CWE-798,T1557.001,NTLM Relay,1,9,10,9,CC-BY-4.0
AVP-R-0985,train,lanl,CVE-2023-12740,CWE-287,T1078,Noisy Decoy,1,8,9,8,CC-BY-4.0
AVP-R-0986,train,mitre-engenuity,CVE-2021-53155,CWE-384,T1557.001,NTLM Relay,2,8,9,8,CC-BY-4.0
AVP-R-0987,train,mitre-engenuity,CVE-2023-13151,CWE-307,T1557.001,NTLM Relay,3,8,9,8,CC-BY-4.0
AVP-R-0988,train,lanl,CVE-2023-40688,CWE-521,T1078.001,Role Confusion,4,7,8,7,CC-BY-4.0
AVP-R-0989,train,lanl,CVE-2023-65348,CWE-521,T1557.001,NTLM Relay,3,10,11,10,CC-BY-4.0
AVP-R-0990,train,mitre-engenuity,CVE-2023-62060,CWE-287,T1029,Slow Exfiltration,3,8,9,8,CC-BY-4.0
AVP-R-0991,train,lanl,CVE-2021-44935,CWE-384,T1078.001,Role Confusion,4,6,7,6,CC-BY-4.0
AVP-R-0992,train,lanl,CVE-2021-33427,CWE-306,T1029,Slow Exfiltration,4,8,9,8,CC-BY-4.0
AVP-R-0993,train,lanl,CVE-2022-35619,CWE-620,T1557.001,NTLM Relay,2,10,11,10,CC-BY-4.0
AVP-R-0994,train,mitre-engenuity,CVE-2022-13014,CWE-798,T1078,Noisy Decoy,1,7,8,7,CC-BY-4.0
AVP-R-0995,train,mitre-engenuity,CVE-2022-52470,CWE-287,T1078,Noisy Decoy,2,6,7,6,CC-BY-4.0
AVP-R-0996,train,mitre-engenuity,CVE-2022-36030,CWE-287,T1078,Noisy Decoy,2,8,9,8,CC-BY-4.0
AVP-R-0997,train,lanl,CVE-2023-32468,CWE-521,T1029,Slow Exfiltration,2,6,7,6,CC-BY-4.0
AVP-R-0998,train,mitre-engenuity,CVE-2023-48908,CWE-521,T1557.001,NTLM Relay,3,9,10,9,CC-BY-4.0
AVP-R-0999,train,lanl,CVE-2022-66033,CWE-200,T1557.001,NTLM Relay,2,6,7,6,CC-BY-4.0
AVP-R-1000,train,lmdg-synthetic,CVE-2021-47812,CWE-613,T1059.003;T1078,Noisy Decoy,1,9,10,9,CC-BY-4.0
AVP-R-1001,train,lanl,CVE-2022-15069,CWE-620,T1078,Noisy Decoy,1,6,7,6,CC-BY-4.0
AVP-R-1002,train,lmdg-synthetic,CVE-2021-17809,CWE-620,T1021.001;T1078.001,Role Confusion,2,5,6,5,CC-BY-4.0
AVP-R-1003,train,lanl,CVE-2021-58087,CWE-306,T1078,Noisy Decoy,1,7,8,7,CC-BY-4.0
AVP-R-1004,train,mitre-engenuity,CVE-2021-45757,CWE-306,T1557.001,NTLM Relay,3,9,10,9,CC-BY-4.0
AVP-R-1005,train,lmdg-synthetic,CVE-2021-48223,CWE-200,T1021.004;T1078.001,Role Confusion,4,10,11,10,CC-BY-4.0
AVP-R-1006,train,lmdg-synthetic,CVE-2021-44524,CWE-798,T1059.001;T1557.001,NTLM Relay,4,10,11,10,CC-BY-4.0
AVP-R-1007,train,mitre-engenuity,CVE-2023-35345,CWE-384,T1557.001,NTLM Relay,2,8,9,8,CC-BY-4.0
AVP-R-1008,train,lmdg-synthetic,CVE-2023-38633,CWE-200,T1021.006;T1557.001,NTLM Relay,1,6,7,6,CC-BY-4.0
AVP-R-1009,train,lanl,CVE-2022-53703,CWE-200,T1078,Noisy Decoy,1,10,11,10,CC-BY-4.0
AVP-R-1010,train,lmdg-synthetic,CVE-2023-50141,CWE-307,T1021.001;T1078.001,Role Confusion,2,8,9,8,CC-BY-4.0
AVP-R-1011,train,lanl,CVE-2021-36715,CWE-384,T1078,Noisy Decoy,4,6,7,6,CC-BY-4.0
AVP-R-1012,train,lanl,CVE-2021-44935,CWE-384,T1557.001,NTLM Relay,4,9,10,9,CC-BY-4.0
AVP-R-1013,train,mitre-engenuity,CVE-2022-59457,CWE-306,T1047;T1569.002,Tool Injection,2,6,7,6,CC-BY-4.0
AVP-R-1014,train,mitre-engenuity,CVE-2022-39729,CWE-620,T1047;T1569.002,Tool Injection,1,6,7,6,CC-BY-4.0
AVP-R-1015,train,lanl,CVE-2023-10685,CWE-384,T1078,Noisy Decoy,1,5,6,5,CC-BY-4.0
AVP-R-1016,train,lanl,CVE-2022-12603,CWE-200,T1078.001,Role Confusion,1,8,9,8,CC-BY-4.0
AVP-R-1017,train,lanl,CVE-2023-49319,CWE-620,T1078,Noisy Decoy,1,6,7,6,CC-BY-4.0
AVP-R-1018,train,lanl,CVE-2023-42743,CWE-200,T1078,Noisy Decoy,1,5,6,5,CC-BY-4.0
AVP-R-1019,train,lmdg-synthetic,CVE-2022-65211,CWE-307,T1059.003;T1078,Noisy Decoy,2,5,6,5,CC-BY-4.0
AVP-R-1020,train,lanl,CVE-2023-18083,CWE-200,T1557.001,NTLM Relay,2,9,10,9,CC-BY-4.0
AVP-R-1021,train,lanl,CVE-2021-66307,CWE-306,T1047;T1569.002,Tool Injection,1,5,6,5,CC-BY-4.0
AVP-R-1022,train,lmdg-synthetic,CVE-2022-63156,CWE-640,T1021.004;T1078.001,Role Confusion,3,7,8,7,CC-BY-4.0
AVP-R-1023,train,mitre-engenuity,CVE-2023-57950,CWE-287,T1078.001,Role Confusion,3,9,10,9,CC-BY-4.0
AVP-R-1024,train,lmdg-synthetic,CVE-2021-34249,CWE-620,T1021.004;T1078,Noisy Decoy,1,9,10,9,CC-BY-4.0
AVP-R-1025,train,mitre-engenuity,CVE-2022-11370,CWE-287,T1029,Slow Exfiltration,3,5,6,5,CC-BY-4.0
AVP-R-1026,train,lanl,CVE-2021-40414,CWE-798,T1557.001,NTLM Relay,2,5,6,5,CC-BY-4.0
AVP-R-1027,train,mitre-engenuity,CVE-2023-50963,CWE-200,T1078.001,Role Confusion,3,6,7,6,CC-BY-4.0
AVP-R-1028,train,lmdg-synthetic,CVE-2021-32605,CWE-384,T1059.001;T1557.001,NTLM Relay,3,5,6,5,CC-BY-4.0
AVP-R-1029,train,mitre-engenuity,CVE-2021-46990,CWE-287,T1078,Noisy Decoy,1,9,10,9,CC-BY-4.0
AVP-R-1030,train,lanl,CVE-2021-51511,CWE-307,T1047;T1569.002,Tool Injection,2,9,10,9,CC-BY-4.0
AVP-R-1031,train,lanl,CVE-2021-42469,CWE-620,T1047;T1569.002,Tool Injection,1,10,11,10,CC-BY-4.0
AVP-R-1032,train,mitre-engenuity,CVE-2023-12740,CWE-287,T1078.001,Role Confusion,1,6,7,6,CC-BY-4.0
AVP-R-1033,train,lanl,CVE-2022-53292,CWE-613,T1029,Slow Exfiltration,1,4,5,4,CC-BY-4.0
AVP-R-1034,train,mitre-engenuity,CVE-2021-54799,CWE-620,T1047;T1569.002,Tool Injection,2,9,10,9,CC-BY-4.0
AVP-R-1035,train,mitre-engenuity,CVE-2021-58087,CWE-306,T1047;T1569.002,Tool Injection,1,10,11,10,CC-BY-4.0
AVP-R-1036,train,lanl,CVE-2023-66581,CWE-307,T1029,Slow Exfiltration,2,10,11,10,CC-BY-4.0
AVP-R-1037,train,mitre-engenuity,CVE-2022-37263,CWE-200,T1029,Slow Exfiltration,1,6,7,6,CC-BY-4.0
AVP-R-1038,train,lmdg-synthetic,CVE-2021-12877,CWE-306,T1021.004;T1047;T1569.002,Tool Injection,2,9,10,9,CC-BY-4.0
AVP-R-1039,train,lmdg-synthetic,CVE-2023-39044,CWE-798,T1059.001;T1557.001,NTLM Relay,1,8,9,8,CC-BY-4.0
AVP-R-1040,train,lmdg-synthetic,CVE-2021-40003,CWE-200,T1029;T1087,Slow Exfiltration,2,9,10,9,CC-BY-4.0
AVP-R-1041,train,mitre-engenuity,CVE-2021-38770,CWE-287,T1078,Noisy Decoy,1,10,11,10,CC-BY-4.0
AVP-R-1042,train,mitre-engenuity,CVE-2023-16028,CWE-521,T1047;T1569.002,Tool Injection,1,6,7,6,CC-BY-4.0
AVP-R-1043,train,lanl,CVE-2023-43154,CWE-798,T1078.001,Role Confusion,2,7,8,7,CC-BY-4.0
AVP-R-1044,train,lmdg-synthetic,CVE-2023-38222,CWE-613,T1047;T1059.003;T1569.002,Tool Injection,2,9,10,9,CC-BY-4.0
AVP-R-1045,train,mitre-engenuity,CVE-2021-48223,CWE-200,T1029,Slow Exfiltration,1,9,10,9,CC-BY-4.0
AVP-R-1046,train,lanl,CVE-2023-33290,CWE-287,T1557.001,NTLM Relay,3,10,11,10,CC-BY-4.0
AVP-R-1047,train,mitre-engenuity,CVE-2022-43839,CWE-620,T1078,Noisy Decoy,2,10,11,10,CC-BY-4.0
AVP-R-1048,train,lanl,CVE-2022-55347,CWE-306,T1078.001,Role Confusion,2,7,8,7,CC-BY-4.0
AVP-R-1049,train,lanl,CVE-2022-16713,CWE-200,T1047;T1569.002,Tool Injection,2,5,6,5,CC-BY-4.0
AVP-R-1050,train,lmdg-synthetic,CVE-2023-37400,CWE-287,T1029;T1059.003,Slow Exfiltration,3,5,6,5,CC-BY-4.0
AVP-R-1051,train,lmdg-synthetic,CVE-2021-44113,CWE-200,T1047;T1087;T1569.002,Tool Injection,2,6,7,6,CC-BY-4.0
AVP-R-1052,train,lanl,CVE-2021-54388,CWE-521,T1029,Slow Exfiltration,4,9,10,9,CC-BY-4.0
AVP-R-1053,train,mitre-engenuity,CVE-2021-16165,CWE-384,T1029,Slow Exfiltration,2,6,7,6,CC-BY-4.0
AVP-R-1054,train,mitre-engenuity,CVE-2021-61786,CWE-640,T1029,Slow Exfiltration,1,9,10,9,CC-BY-4.0
AVP-R-1055,train,mitre-engenuity,CVE-2023-35756,CWE-640,T1047;T1569.002,Tool Injection,1,10,11,10,CC-BY-4.0
AVP-R-1056,train,lmdg-synthetic,CVE-2023-47675,CWE-384,T1021.006;T1029,Slow Exfiltration,2,5,6,5,CC-BY-4.0
AVP-R-1057,train,lanl,CVE-2022-65622,CWE-613,T1029,Slow Exfiltration,1,5,6,5,CC-BY-4.0
AVP-R-1058,train,lmdg-synthetic,CVE-2021-12055,CWE-384,T1029;T1049,Slow Exfiltration,3,7,8,7,CC-BY-4.0
AVP-R-1059,train,lmdg-synthetic,CVE-2023-10685,CWE-384,T1021.001;T1557.001,NTLM Relay,1,7,8,7,CC-BY-4.0
AVP-R-1060,train,lanl,CVE-2021-52744,CWE-798,T1557.001,NTLM Relay,1,4,5,4,CC-BY-4.0
AVP-R-1061,train,lanl,CVE-2023-51374,CWE-798,T1078.001,Role Confusion,3,8,9,8,CC-BY-4.0
AVP-R-1062,train,mitre-engenuity,CVE-2023-57950,CWE-287,T1078,Noisy Decoy,2,6,7,6,CC-BY-4.0
AVP-R-1063,train,lanl,CVE-2023-60416,CWE-640,T1047;T1569.002,Tool Injection,2,7,8,7,CC-BY-4.0
AVP-R-1064,train,mitre-engenuity,CVE-2021-11233,CWE-200,T1078.001,Role Confusion,3,10,11,10,CC-BY-4.0
AVP-R-1065,train,lmdg-synthetic,CVE-2022-45483,CWE-200,T1047;T1059.001;T1569.002,Tool Injection,2,5,6,5,CC-BY-4.0
AVP-R-1066,train,lmdg-synthetic,CVE-2023-45209,CWE-620,T1021.004;T1047;T1569.002,Tool Injection,3,8,9,8,CC-BY-4.0
AVP-R-1067,train,lanl,CVE-2022-52470,CWE-287,T1029,Slow Exfiltration,1,8,9,8,CC-BY-4.0
AVP-R-1068,train,lanl,CVE-2022-63156,CWE-640,T1078.001,Role Confusion,3,6,7,6,CC-BY-4.0
AVP-R-1069,train,lanl,CVE-2021-16987,CWE-306,T1047;T1569.002,Tool Injection,3,7,8,7,CC-BY-4.0
AVP-R-1070,train,lmdg-synthetic,CVE-2022-64800,CWE-287,T1021.006;T1078.001,Role Confusion,1,7,8,7,CC-BY-4.0
AVP-R-1071,train,lanl,CVE-2023-16028,CWE-521,T1029,Slow Exfiltration,4,6,7,6,CC-BY-4.0
AVP-R-1072,train,lmdg-synthetic,CVE-2021-55210,CWE-287,T1021.001;T1078,Noisy Decoy,2,9,10,9,CC-BY-4.0
AVP-R-1073,train,lanl,CVE-2021-10000,CWE-287,T1557.001,NTLM Relay,2,4,5,4,CC-BY-4.0
AVP-R-1074,train,mitre-engenuity,CVE-2022-54936,CWE-640,T1047;T1569.002,Tool Injection,1,5,6,5,CC-BY-4.0
AVP-R-1075,train,lanl,CVE-2023-34934,CWE-798,T1029,Slow Exfiltration,1,8,9,8,CC-BY-4.0
AVP-R-1076,train,lanl,CVE-2023-43565,CWE-384,T1557.001,NTLM Relay,4,9,10,9,CC-BY-4.0
AVP-R-1077,train,lmdg-synthetic,CVE-2023-14795,CWE-384,T1049;T1078.001,Role Confusion,2,10,11,10,CC-BY-4.0
AVP-R-1078,train,lmdg-synthetic,CVE-2021-17398,CWE-521,T1059.001;T1078.001,Role Confusion,1,8,9,8,CC-BY-4.0
AVP-R-1079,train,lanl,CVE-2022-12603,CWE-200,T1029,Slow Exfiltration,4,7,8,7,CC-BY-4.0
AVP-R-1080,train,lmdg-synthetic,CVE-2022-56169,CWE-620,T1047;T1049;T1569.002,Tool Injection,1,8,9,8,CC-BY-4.0
AVP-R-1081,train,lmdg-synthetic,CVE-2022-56991,CWE-307,T1021.004;T1078.001,Role Confusion,1,9,10,9,CC-BY-4.0
AVP-R-1082,train,lmdg-synthetic,CVE-2023-66581,CWE-307,T1059.003;T1078,Noisy Decoy,4,7,8,7,CC-BY-4.0
AVP-R-1083,train,lanl,CVE-2022-35619,CWE-620,T1078,Noisy Decoy,1,5,6,5,CC-BY-4.0
AVP-R-1084,train,lanl,CVE-2021-33016,CWE-640,T1029,Slow Exfiltration,2,5,6,5,CC-BY-4.0
AVP-R-1085,train,lanl,CVE-2021-10411,CWE-307,T1078,Noisy Decoy,2,8,9,8,CC-BY-4.0
AVP-R-1086,train,mitre-engenuity,CVE-2023-15206,CWE-640,T1029,Slow Exfiltration,2,8,9,8,CC-BY-4.0
AVP-R-1087,train,lanl,CVE-2021-36304,CWE-798,T1047;T1569.002,Tool Injection,3,6,7,6,CC-BY-4.0
AVP-R-1088,train,lanl,CVE-2022-45483,CWE-200,T1078,Noisy Decoy,4,7,8,7,CC-BY-4.0
AVP-R-1089,train,mitre-engenuity,CVE-2022-13425,CWE-384,T1557.001,NTLM Relay,3,10,11,10,CC-BY-4.0
AVP-R-1090,train,mitre-engenuity,CVE-2022-63567,CWE-306,T1557.001,NTLM Relay,1,8,9,8,CC-BY-4.0
AVP-R-1091,train,lmdg-synthetic,CVE-2021-60553,CWE-200,T1018;T1029,Slow Exfiltration,3,4,5,4,CC-BY-4.0
AVP-R-1092,train,mitre-engenuity,CVE-2021-12466,CWE-640,T1078,Noisy Decoy,2,7,8,7,CC-BY-4.0
AVP-R-1093,train,lanl,CVE-2021-63841,CWE-307,T1047;T1569.002,Tool Injection,2,8,9,8,CC-BY-4.0
AVP-R-1094,train,lanl,CVE-2021-44524,CWE-798,T1078.001,Role Confusion,3,10,11,10,CC-BY-4.0
AVP-R-1095,train,lmdg-synthetic,CVE-2023-61649,CWE-620,T1047;T1049;T1569.002,Tool Injection,2,5,6,5,CC-BY-4.0
AVP-R-1096,train,lmdg-synthetic,CVE-2023-38222,CWE-613,T1018;T1557.001,NTLM Relay,1,9,10,9,CC-BY-4.0
AVP-R-1097,train,lmdg-synthetic,CVE-2022-14658,CWE-521,T1018;T1047;T1569.002,Tool Injection,1,5,6,5,CC-BY-4.0
AVP-R-1098,train,lmdg-synthetic,CVE-2021-35071,CWE-307,T1021.004;T1078,Noisy Decoy,1,10,11,10,CC-BY-4.0
AVP-R-1099,train,lanl,CVE-2022-53703,CWE-200,T1557.001,NTLM Relay,2,5,6,5,CC-BY-4.0
AVP-R-1100,train,lmdg-synthetic,CVE-2021-37948,CWE-521,T1029;T1059.001,Slow Exfiltration,2,7,8,7,CC-BY-4.0
AVP-R-1101,train,mitre-engenuity,CVE-2022-62745,CWE-384,T1078.001,Role Confusion,2,6,7,6,CC-BY-4.0
AVP-R-1102,train,lanl,CVE-2023-49730,CWE-287,T1047;T1569.002,Tool Injection,3,6,7,6,CC-BY-4.0
AVP-R-1103,train,mitre-engenuity,CVE-2021-11644,CWE-798,T1078,Noisy Decoy,1,5,6,5,CC-BY-4.0
AVP-R-1104,train,lanl,CVE-2023-12740,CWE-287,T1078,Noisy Decoy,3,10,11,10,CC-BY-4.0
AVP-R-1105,train,lmdg-synthetic,CVE-2022-36441,CWE-307,T1018;T1047;T1569.002,Tool Injection,4,8,9,8,CC-BY-4.0
AVP-R-1106,train,mitre-engenuity,CVE-2021-63019,CWE-620,T1029,Slow Exfiltration,1,5,6,5,CC-BY-4.0
AVP-R-1107,train,lanl,CVE-2023-60416,CWE-640,T1029,Slow Exfiltration,4,9,10,9,CC-BY-4.0
AVP-R-1108,train,lanl,CVE-2021-60553,CWE-200,T1557.001,NTLM Relay,1,5,6,5,CC-BY-4.0
AVP-R-1109,train,lanl,CVE-2022-45072,CWE-613,T1557.001,NTLM Relay,1,8,9,8,CC-BY-4.0
AVP-R-1110,train,lanl,CVE-2023-48908,CWE-521,T1078.001,Role Confusion,3,10,11,10,CC-BY-4.0
AVP-R-1111,train,mitre-engenuity,CVE-2021-62197,CWE-306,T1047;T1569.002,Tool Injection,1,7,8,7,CC-BY-4.0
AVP-R-1112,train,mitre-engenuity,CVE-2023-62882,CWE-613,T1557.001,NTLM Relay,1,10,11,10,CC-BY-4.0
AVP-R-1113,train,lanl,CVE-2023-15206,CWE-640,T1557.001,NTLM Relay,2,5,6,5,CC-BY-4.0
AVP-R-1114,train,lanl,CVE-2022-43839,CWE-620,T1078.001,Role Confusion,3,6,7,6,CC-BY-4.0
AVP-R-1115,train,lanl,CVE-2021-49456,CWE-640,T1078.001,Role Confusion,1,5,6,5,CC-BY-4.0
AVP-R-1116,train,lanl,CVE-2021-48634,CWE-798,T1078.001,Role Confusion,2,9,10,9,CC-BY-4.0
AVP-R-1117,train,mitre-engenuity,CVE-2022-63978,CWE-521,T1078.001,Role Confusion,2,6,7,6,CC-BY-4.0
AVP-R-1118,train,mitre-engenuity,CVE-2021-61786,CWE-640,T1557.001,NTLM Relay,4,8,9,8,CC-BY-4.0
AVP-R-1119,train,lanl,CVE-2022-59868,CWE-521,T1029,Slow Exfiltration,2,9,10,9,CC-BY-4.0
AVP-R-1120,train,lmdg-synthetic,CVE-2021-39592,CWE-613,T1059.003;T1078.001,Role Confusion,2,6,7,6,CC-BY-4.0
AVP-R-1121,train,mitre-engenuity,CVE-2023-36989,CWE-620,T1078.001,Role Confusion,2,4,5,4,CC-BY-4.0
AVP-R-1122,train,mitre-engenuity,CVE-2021-12055,CWE-384,T1047;T1569.002,Tool Injection,1,7,8,7,CC-BY-4.0
AVP-R-1123,train,lanl,CVE-2022-40551,CWE-307,T1029,Slow Exfiltration,3,5,6,5,CC-BY-4.0
AVP-R-1124,train,mitre-engenuity,CVE-2021-60553,CWE-200,T1078,Noisy Decoy,2,7,8,7,CC-BY-4.0
AVP-R-1125,train,lanl,CVE-2023-45620,CWE-287,T1078.001,Role Confusion,1,10,11,10,CC-BY-4.0
AVP-R-1126,train,lmdg-synthetic,CVE-2021-42880,CWE-287,T1018;T1557.001,NTLM Relay,1,5,6,5,CC-BY-4.0
AVP-R-1127,train,lanl,CVE-2022-45894,CWE-798,T1078.001,Role Confusion,4,7,8,7,CC-BY-4.0
AVP-R-1128,train,lmdg-synthetic,CVE-2021-64663,CWE-200,T1021.001;T1029,Slow Exfiltration,3,5,6,5,CC-BY-4.0
AVP-R-1129,train,lmdg-synthetic,CVE-2023-43154,CWE-798,T1021.001;T1078,Noisy Decoy,1,9,10,9,CC-BY-4.0
AVP-R-1130,train,lanl,CVE-2022-49593,CWE-200,T1047;T1569.002,Tool Injection,1,7,8,7,CC-BY-4.0
AVP-R-1131,train,lanl,CVE-2023-64937,CWE-306,T1078.001,Role Confusion,3,10,11,10,CC-BY-4.0
AVP-R-1132,train,lmdg-synthetic,CVE-2023-52196,CWE-640,T1018;T1029,Slow Exfiltration,3,9,10,9,CC-BY-4.0
AVP-R-1133,train,lmdg-synthetic,CVE-2021-14110,CWE-287,T1018;T1047;T1569.002,Tool Injection,1,5,6,5,CC-BY-4.0
AVP-R-1134,train,lanl,CVE-2023-37811,CWE-307,T1047;T1569.002,Tool Injection,4,9,10,9,CC-BY-4.0
AVP-R-1135,train,lanl,CVE-2022-65622,CWE-613,T1078,Noisy Decoy,3,5,6,5,CC-BY-4.0
AVP-R-1136,train,lmdg-synthetic,CVE-2023-60416,CWE-640,T1047;T1059.003;T1569.002,Tool Injection,3,5,6,5,CC-BY-4.0
AVP-R-1137,train,mitre-engenuity,CVE-2023-53018,CWE-521,T1078,Noisy Decoy,2,5,6,5,CC-BY-4.0
AVP-R-1138,train,mitre-engenuity,CVE-2022-49593,CWE-200,T1557.001,NTLM Relay,2,10,11,10,CC-BY-4.0
AVP-R-1139,train,lmdg-synthetic,CVE-2022-40551,CWE-307,T1021.006;T1047;T1569.002,Tool Injection,4,5,6,5,CC-BY-4.0
AVP-R-1140,train,mitre-engenuity,CVE-2023-34934,CWE-798,T1047;T1569.002,Tool Injection,1,8,9,8,CC-BY-4.0
AVP-R-1141,train,lmdg-synthetic,CVE-2022-66444,CWE-798,T1018;T1078.001,Role Confusion,2,7,8,7,CC-BY-4.0
AVP-R-1142,train,lmdg-synthetic,CVE-2023-52196,CWE-640,T1049;T1078.001,Role Confusion,1,6,7,6,CC-BY-4.0
AVP-R-1143,train,lmdg-synthetic,CVE-2022-42606,CWE-640,T1018;T1078,Noisy Decoy,1,5,6,5,CC-BY-4.0
AVP-R-1144,train,lmdg-synthetic,CVE-2022-13014,CWE-798,T1021.001;T1029,Slow Exfiltration,3,9,10,9,CC-BY-4.0
AVP-R-1145,train,lanl,CVE-2021-63019,CWE-620,T1047;T1569.002,Tool Injection,1,10,11,10,CC-BY-4.0
AVP-R-1146,train,lanl,CVE-2022-10959,CWE-620,T1029,Slow Exfiltration,3,6,7,6,CC-BY-4.0
AVP-R-1147,train,lanl,CVE-2022-53292,CWE-613,T1029,Slow Exfiltration,1,5,6,5,CC-BY-4.0
AVP-R-1148,train,lanl,CVE-2022-59868,CWE-521,T1078.001,Role Confusion,1,9,10,9,CC-BY-4.0
AVP-R-1149,train,lmdg-synthetic,CVE-2021-35482,CWE-613,T1021.004;T1029,Slow Exfiltration,3,9,10,9,CC-BY-4.0
AVP-R-1150,train,lmdg-synthetic,CVE-2022-38085,CWE-384,T1018;T1078,Noisy Decoy,1,6,7,6,CC-BY-4.0
AVP-R-1151,train,lanl,CVE-2023-33290,CWE-287,T1078,Noisy Decoy,4,9,10,9,CC-BY-4.0
AVP-R-1152,train,lanl,CVE-2022-12192,CWE-613,T1078,Noisy Decoy,2,10,11,10,CC-BY-4.0
AVP-R-1153,train,lanl,CVE-2021-34660,CWE-287,T1078.001,Role Confusion,3,7,8,7,CC-BY-4.0
AVP-R-1154,train,lanl,CVE-2022-16713,CWE-200,T1047;T1569.002,Tool Injection,2,7,8,7,CC-BY-4.0
AVP-R-1155,train,lanl,CVE-2021-13699,CWE-620,T1029,Slow Exfiltration,3,10,11,10,CC-BY-4.0
AVP-R-1156,train,lmdg-synthetic,CVE-2021-49045,CWE-384,T1047;T1059.001;T1569.002,Tool Injection,1,9,10,9,CC-BY-4.0
AVP-R-1157,train,lanl,CVE-2022-15069,CWE-620,T1029,Slow Exfiltration,3,4,5,4,CC-BY-4.0
AVP-R-1158,train,lanl,CVE-2023-58361,CWE-307,T1047;T1569.002,Tool Injection,3,8,9,8,CC-BY-4.0
AVP-R-1159,train,lmdg-synthetic,CVE-2023-35345,CWE-384,T1021.001;T1078,Noisy Decoy,3,5,6,5,CC-BY-4.0
AVP-R-1160,train,lmdg-synthetic,CVE-2023-16028,CWE-521,T1047;T1049;T1569.002,Tool Injection,4,8,9,8,CC-BY-4.0
AVP-R-1161,train,lanl,CVE-2023-35756,CWE-640,T1047;T1569.002,Tool Injection,3,7,8,7,CC-BY-4.0
AVP-R-1162,train,lmdg-synthetic,CVE-2021-38770,CWE-287,T1021.001;T1029,Slow Exfiltration,1,5,6,5,CC-BY-4.0
AVP-R-1163,train,lanl,CVE-2022-50826,CWE-640,T1029,Slow Exfiltration,2,5,6,5,CC-BY-4.0
AVP-R-1164,train,lanl,CVE-2023-57539,CWE-620,T1078.001,Role Confusion,4,7,8,7,CC-BY-4.0
AVP-R-1165,train,lmdg-synthetic,CVE-2022-15891,CWE-307,T1021.004;T1029,Slow Exfiltration,1,8,9,8,CC-BY-4.0
AVP-R-1166,train,mitre-engenuity,CVE-2023-44798,CWE-521,T1078,Noisy Decoy,3,8,9,8,CC-BY-4.0
AVP-R-1167,train,mitre-engenuity,CVE-2023-44387,CWE-306,T1078,Noisy Decoy,2,9,10,9,CC-BY-4.0
AVP-R-1168,train,lanl,CVE-2022-16302,CWE-613,T1047;T1569.002,Tool Injection,3,9,10,9,CC-BY-4.0
AVP-R-1169,train,lanl,CVE-2021-33838,CWE-521,T1029,Slow Exfiltration,3,10,11,10,CC-BY-4.0
AVP-R-1170,train,mitre-engenuity,CVE-2021-42469,CWE-620,T1557.001,NTLM Relay,2,5,6,5,CC-BY-4.0
AVP-R-1171,train,lanl,CVE-2023-16850,CWE-287,T1029,Slow Exfiltration,3,8,9,8,CC-BY-4.0
AVP-R-1172,train,lmdg-synthetic,CVE-2021-65896,CWE-640,T1029;T1059.003,Slow Exfiltration,3,5,6,5,CC-BY-4.0
AVP-R-1173,train,mitre-engenuity,CVE-2022-44250,CWE-287,T1078.001,Role Confusion,3,8,9,8,CC-BY-4.0
AVP-R-1174,train,lanl,CVE-2023-60416,CWE-640,T1078.001,Role Confusion,4,7,8,7,CC-BY-4.0
AVP-R-1175,train,lanl,CVE-2022-47538,CWE-521,T1078,Noisy Decoy,3,10,11,10,CC-BY-4.0
AVP-R-1176,train,lanl,CVE-2023-13562,CWE-613,T1029,Slow Exfiltration,2,9,10,9,CC-BY-4.0
AVP-R-1177,train,lanl,CVE-2023-44798,CWE-521,T1047;T1569.002,Tool Injection,1,9,10,9,CC-BY-4.0
AVP-R-1178,train,lanl,CVE-2021-63019,CWE-620,T1029,Slow Exfiltration,2,9,10,9,CC-BY-4.0
AVP-R-1179,train,mitre-engenuity,CVE-2023-38633,CWE-200,T1078.001,Role Confusion,3,7,8,7,CC-BY-4.0
AVP-R-1180,train,mitre-engenuity,CVE-2022-15480,CWE-287,T1029,Slow Exfiltration,2,6,7,6,CC-BY-4.0
AVP-R-1181,train,mitre-engenuity,CVE-2021-48634,CWE-798,T1047;T1569.002,Tool Injection,3,5,6,5,CC-BY-4.0
AVP-R-1182,train,mitre-engenuity,CVE-2021-11233,CWE-200,T1047;T1569.002,Tool Injection,1,10,11,10,CC-BY-4.0
AVP-R-1183,train,mitre-engenuity,CVE-2023-36578,CWE-521,T1078,Noisy Decoy,1,5,6,5,CC-BY-4.0
AVP-R-1184,train,lmdg-synthetic,CVE-2022-56580,CWE-287,T1078.001;T1087,Role Confusion,2,7,8,7,CC-BY-4.0
AVP-R-1185,train,lmdg-synthetic,CVE-2022-17946,CWE-640,T1021.006;T1029,Slow Exfiltration,2,8,9,8,CC-BY-4.0
AVP-R-1186,train,mitre-engenuity,CVE-2022-16302,CWE-613,T1029,Slow Exfiltration,1,7,8,7,CC-BY-4.0
AVP-R-1187,train,mitre-engenuity,CVE-2023-39866,CWE-640,T1047;T1569.002,Tool Injection,2,8,9,8,CC-BY-4.0
AVP-R-1188,train,lanl,CVE-2021-56854,CWE-798,T1029,Slow Exfiltration,3,5,6,5,CC-BY-4.0
AVP-R-1189,train,mitre-engenuity,CVE-2023-45209,CWE-620,T1557.001,NTLM Relay,3,7,8,7,CC-BY-4.0
AVP-R-1190,train,mitre-engenuity,CVE-2021-50278,CWE-521,T1047;T1569.002,Tool Injection,3,9,10,9,CC-BY-4.0
AVP-R-1191,train,lmdg-synthetic,CVE-2021-39181,CWE-307,T1047;T1059.001;T1569.002,Tool Injection,2,10,11,10,CC-BY-4.0
AVP-R-1192,train,lanl,CVE-2021-40825,CWE-384,T1029,Slow Exfiltration,2,10,11,10,CC-BY-4.0
AVP-R-1193,train,mitre-engenuity,CVE-2023-63293,CWE-200,T1078.001,Role Confusion,3,6,7,6,CC-BY-4.0
AVP-R-1194,train,mitre-engenuity,CVE-2022-33975,CWE-384,T1557.001,NTLM Relay,3,8,9,8,CC-BY-4.0
AVP-R-1195,train,lmdg-synthetic,CVE-2023-32468,CWE-521,T1047;T1059.003;T1569.002,Tool Injection,4,8,9,8,CC-BY-4.0
AVP-R-1196,train,lanl,CVE-2022-64800,CWE-287,T1029,Slow Exfiltration,2,9,10,9,CC-BY-4.0
AVP-R-1197,train,lanl,CVE-2021-14521,CWE-307,T1078,Noisy Decoy,3,10,11,10,CC-BY-4.0
AVP-R-1198,train,mitre-engenuity,CVE-2021-38770,CWE-287,T1047;T1569.002,Tool Injection,1,6,7,6,CC-BY-4.0
AVP-R-1199,train,lmdg-synthetic,CVE-2022-48771,CWE-307,T1021.004;T1078.001,Role Confusion,3,9,10,9,CC-BY-4.0
AVP-R-1200,train,mitre-engenuity,CVE-2023-36167,CWE-306,T1557.001,NTLM Relay,3,5,6,5,CC-BY-4.0
AVP-R-1201,train,lanl,CVE-2021-65485,CWE-384,T1078,Noisy Decoy,1,9,10,9,CC-BY-4.0
AVP-R-1202,train,lmdg-synthetic,CVE-2021-10000,CWE-287,T1021.004;T1078.001,Role Confusion,1,5,6,5,CC-BY-4.0
AVP-R-1203,train,lanl,CVE-2022-16302,CWE-613,T1078.001,Role Confusion,4,9,10,9,CC-BY-4.0
AVP-R-1204,train,mitre-engenuity,CVE-2021-37537,CWE-306,T1078.001,Role Confusion,3,8,9,8,CC-BY-4.0
AVP-R-1205,train,lanl,CVE-2022-60690,CWE-287,T1029,Slow Exfiltration,3,7,8,7,CC-BY-4.0
AVP-R-1206,train,mitre-engenuity,CVE-2022-12192,CWE-613,T1078,Noisy Decoy,1,8,9,8,CC-BY-4.0
AVP-R-1207,train,mitre-engenuity,CVE-2023-63293,CWE-200,T1029,Slow Exfiltration,2,5,6,5,CC-BY-4.0
AVP-R-1208,train,lmdg-synthetic,CVE-2022-63156,CWE-640,T1059.003;T1078,Noisy Decoy,4,10,11,10,CC-BY-4.0
AVP-R-1209,train,mitre-engenuity,CVE-2021-45346,CWE-640,T1078.001,Role Confusion,1,5,6,5,CC-BY-4.0
AVP-R-1210,train,lmdg-synthetic,CVE-2023-17261,CWE-307,T1047;T1059.001;T1569.002,Tool Injection,3,6,7,6,CC-BY-4.0
AVP-R-1211,train,lanl,CVE-2021-62197,CWE-306,T1557.001,NTLM Relay,1,10,11,10,CC-BY-4.0
AVP-R-1212,train,lanl,CVE-2023-34112,CWE-613,T1047;T1569.002,Tool Injection,2,9,10,9,CC-BY-4.0
AVP-R-1213,train,mitre-engenuity,CVE-2023-50552,CWE-613,T1557.001,NTLM Relay,1,8,9,8,CC-BY-4.0
AVP-R-1214,train,lanl,CVE-2023-39455,CWE-384,T1029,Slow Exfiltration,1,8,9,8,CC-BY-4.0
AVP-R-1215,train,lanl,CVE-2023-43565,CWE-384,T1029,Slow Exfiltration,2,9,10,9,CC-BY-4.0
AVP-R-1216,train,lmdg-synthetic,CVE-2023-61238,CWE-521,T1047;T1049;T1569.002,Tool Injection,2,9,10,9,CC-BY-4.0
AVP-R-1217,train,lanl,CVE-2022-40962,CWE-613,T1078,Noisy Decoy,1,8,9,8,CC-BY-4.0
AVP-R-1218,train,lanl,CVE-2021-34249,CWE-620,T1047;T1569.002,Tool Injection,3,7,8,7,CC-BY-4.0
AVP-R-1219,train,mitre-engenuity,CVE-2022-56580,CWE-287,T1557.001,NTLM Relay,1,8,9,8,CC-BY-4.0
AVP-R-1220,train,lanl,CVE-2023-37400,CWE-287,T1078,Noisy Decoy,1,6,7,6,CC-BY-4.0
AVP-R-1221,train,mitre-engenuity,CVE-2022-17124,CWE-798,T1078.001,Role Confusion,3,7,8,7,CC-BY-4.0
AVP-R-1222,train,mitre-engenuity,CVE-2023-61649,CWE-620,T1078,Noisy Decoy,4,7,8,7,CC-BY-4.0
AVP-R-1223,train,lmdg-synthetic,CVE-2023-49319,CWE-620,T1021.006;T1078,Noisy Decoy,3,5,6,5,CC-BY-4.0
AVP-R-1224,train,lmdg-synthetic,CVE-2021-59320,CWE-287,T1029;T1049,Slow Exfiltration,2,5,6,5,CC-BY-4.0
AVP-R-1225,train,lmdg-synthetic,CVE-2022-33564,CWE-798,T1021.001;T1557.001,NTLM Relay,3,5,6,5,CC-BY-4.0
AVP-R-1226,train,lmdg-synthetic,CVE-2023-18083,CWE-200,T1021.001;T1078.001,Role Confusion,1,5,6,5,CC-BY-4.0
AVP-R-1227,train,mitre-engenuity,CVE-2022-65211,CWE-307,T1029,Slow Exfiltration,4,9,10,9,CC-BY-4.0
AVP-R-1228,train,lmdg-synthetic,CVE-2021-59320,CWE-287,T1018;T1078,Noisy Decoy,1,6,7,6,CC-BY-4.0
AVP-R-1229,train,lanl,CVE-2021-12877,CWE-306,T1078,Noisy Decoy,3,10,11,10,CC-BY-4.0
AVP-R-1230,train,mitre-engenuity,CVE-2021-51100,CWE-287,T1029,Slow Exfiltration,1,7,8,7,CC-BY-4.0
AVP-R-1231,train,mitre-engenuity,CVE-2022-46305,CWE-384,T1078,Noisy Decoy,4,6,7,6,CC-BY-4.0
AVP-R-1232,train,lanl,CVE-2022-34386,CWE-640,T1029,Slow Exfiltration,1,8,9,8,CC-BY-4.0
AVP-R-1233,train,mitre-engenuity,CVE-2023-50141,CWE-307,T1078,Noisy Decoy,1,7,8,7,CC-BY-4.0
AVP-R-1234,train,lanl,CVE-2021-61786,CWE-640,T1078,Noisy Decoy,3,6,7,6,CC-BY-4.0
AVP-R-1235,train,mitre-engenuity,CVE-2023-10685,CWE-384,T1557.001,NTLM Relay,1,9,10,9,CC-BY-4.0
AVP-R-1236,train,lmdg-synthetic,CVE-2022-10137,CWE-306,T1047;T1059.001;T1569.002,Tool Injection,3,5,6,5,CC-BY-4.0
AVP-R-1237,train,mitre-engenuity,CVE-2022-13425,CWE-384,T1557.001,NTLM Relay,3,5,6,5,CC-BY-4.0
AVP-R-1238,train,lmdg-synthetic,CVE-2023-17261,CWE-307,T1047;T1087;T1569.002,Tool Injection,2,8,9,8,CC-BY-4.0
AVP-R-1239,train,lanl,CVE-2021-15343,CWE-200,T1029,Slow Exfiltration,1,8,9,8,CC-BY-4.0
AVP-R-1240,train,lanl,CVE-2023-58361,CWE-307,T1557.001,NTLM Relay,1,8,9,8,CC-BY-4.0
AVP-R-1241,train,lanl,CVE-2023-36989,CWE-620,T1078.001,Role Confusion,1,10,11,10,CC-BY-4.0
AVP-R-1242,train,mitre-engenuity,CVE-2021-58087,CWE-306,T1078,Noisy Decoy,1,8,9,8,CC-BY-4.0
AVP-R-1243,train,lanl,CVE-2021-47812,CWE-613,T1047;T1569.002,Tool Injection,2,8,9,8,CC-BY-4.0
AVP-R-1244,train,lanl,CVE-2022-57402,CWE-613,T1078.001,Role Confusion,4,6,7,6,CC-BY-4.0
AVP-R-1245,train,mitre-engenuity,CVE-2021-16165,CWE-384,T1047;T1569.002,Tool Injection,2,7,8,7,CC-BY-4.0
AVP-R-1246,train,lanl,CVE-2023-55073,CWE-200,T1029,Slow Exfiltration,2,8,9,8,CC-BY-4.0
AVP-R-1247,train,lanl,CVE-2022-16302,CWE-613,T1078,Noisy Decoy,1,8,9,8,CC-BY-4.0
AVP-R-1248,train,lanl,CVE-2022-51648,CWE-521,T1078.001,Role Confusion,3,5,6,5,CC-BY-4.0
AVP-R-1249,train,mitre-engenuity,CVE-2022-16713,CWE-200,T1047;T1569.002,Tool Injection,1,8,9,8,CC-BY-4.0
AVP-R-1250,train,mitre-engenuity,CVE-2021-33838,CWE-521,T1047;T1569.002,Tool Injection,2,10,11,10,CC-BY-4.0
AVP-R-1251,train,lanl,CVE-2021-44113,CWE-200,T1078.001,Role Confusion,1,9,10,9,CC-BY-4.0
AVP-R-1252,train,mitre-engenuity,CVE-2021-34660,CWE-287,T1029,Slow Exfiltration,4,9,10,9,CC-BY-4.0
AVP-R-1253,train,lanl,CVE-2022-64389,CWE-620,T1078.001,Role Confusion,2,8,9,8,CC-BY-4.0
AVP-R-1254,train,lanl,CVE-2022-13425,CWE-384,T1557.001,NTLM Relay,4,8,9,8,CC-BY-4.0
AVP-R-1255,train,lmdg-synthetic,CVE-2021-55621,CWE-307,T1059.001;T1557.001,NTLM Relay,3,8,9,8,CC-BY-4.0
AVP-R-1256,train,lanl,CVE-2023-56717,CWE-306,T1078,Noisy Decoy,1,9,10,9,CC-BY-4.0
AVP-R-1257,train,lmdg-synthetic,CVE-2021-59731,CWE-307,T1047;T1087;T1569.002,Tool Injection,4,7,8,7,CC-BY-4.0
AVP-R-1258,train,lmdg-synthetic,CVE-2022-61512,CWE-613,T1021.004;T1078,Noisy Decoy,3,9,10,9,CC-BY-4.0
AVP-R-1259,train,mitre-engenuity,CVE-2023-13973,CWE-200,T1047;T1569.002,Tool Injection,1,8,9,8,CC-BY-4.0
AVP-R-1260,train,lanl,CVE-2022-62334,CWE-798,T1078.001,Role Confusion,2,5,6,5,CC-BY-4.0
AVP-R-1261,train,lmdg-synthetic,CVE-2022-12192,CWE-613,T1049;T1078.001,Role Confusion,4,8,9,8,CC-BY-4.0
AVP-R-1262,train,mitre-engenuity,CVE-2022-63567,CWE-306,T1029,Slow Exfiltration,1,8,9,8,CC-BY-4.0
AVP-R-1263,train,lanl,CVE-2021-44935,CWE-384,T1029,Slow Exfiltration,4,8,9,8,CC-BY-4.0
AVP-R-1264,train,lanl,CVE-2022-13014,CWE-798,T1047;T1569.002,Tool Injection,1,9,10,9,CC-BY-4.0
AVP-R-1265,train,mitre-engenuity,CVE-2021-44113,CWE-200,T1047;T1569.002,Tool Injection,3,9,10,9,CC-BY-4.0
AVP-R-1266,train,lanl,CVE-2023-46031,CWE-307,T1078,Noisy Decoy,1,6,7,6,CC-BY-4.0
AVP-R-1267,train,lanl,CVE-2023-49730,CWE-287,T1078,Noisy Decoy,1,9,10,9,CC-BY-4.0
AVP-R-1268,train,mitre-engenuity,CVE-2021-53566,CWE-640,T1029,Slow Exfiltration,1,7,8,7,CC-BY-4.0
AVP-R-1269,train,lanl,CVE-2022-35208,CWE-521,T1047;T1569.002,Tool Injection,2,6,7,6,CC-BY-4.0
AVP-R-1270,train,lmdg-synthetic,CVE-2021-12877,CWE-306,T1029;T1059.001,Slow Exfiltration,2,6,7,6,CC-BY-4.0
AVP-R-1271,train,lanl,CVE-2023-34112,CWE-613,T1557.001,NTLM Relay,2,7,8,7,CC-BY-4.0
AVP-R-1272,train,lmdg-synthetic,CVE-2021-55621,CWE-307,T1059.003;T1078,Noisy Decoy,2,8,9,8,CC-BY-4.0
AVP-R-1273,train,lmdg-synthetic,CVE-2021-52333,CWE-200,T1059.003;T1557.001,NTLM Relay,3,7,8,7,CC-BY-4.0
AVP-R-1274,train,mitre-engenuity,CVE-2023-14384,CWE-798,T1078.001,Role Confusion,2,6,7,6,CC-BY-4.0
AVP-R-1275,train,lanl,CVE-2023-11918,CWE-521,T1029,Slow Exfiltration,1,7,8,7,CC-BY-4.0
AVP-R-1276,train,mitre-engenuity,CVE-2023-32468,CWE-521,T1029,Slow Exfiltration,2,9,10,9,CC-BY-4.0
AVP-R-1277,train,lanl,CVE-2022-10137,CWE-306,T1078.001,Role Confusion,4,7,8,7,CC-BY-4.0
AVP-R-1278,train,mitre-engenuity,CVE-2022-54114,CWE-798,T1557.001,NTLM Relay,2,6,7,6,CC-BY-4.0
AVP-R-1279,train,lanl,CVE-2022-15891,CWE-307,T1029,Slow Exfiltration,1,5,6,5,CC-BY-4.0
AVP-R-1280,train,lanl,CVE-2022-16302,CWE-613,T1047;T1569.002,Tool Injection,4,9,10,9,CC-BY-4.0
AVP-R-1281,train,lanl,CVE-2023-13562,CWE-613,T1047;T1569.002,Tool Injection,3,9,10,9,CC-BY-4.0
AVP-R-1282,train,lanl,CVE-2023-62060,CWE-287,T1047;T1569.002,Tool Injection,1,9,10,9,CC-BY-4.0
AVP-R-1283,train,lanl,CVE-2022-35208,CWE-521,T1078,Noisy Decoy,1,5,6,5,CC-BY-4.0
AVP-R-1284,train,lanl,CVE-2023-40277,CWE-306,T1029,Slow Exfiltration,2,8,9,8,CC-BY-4.0
AVP-R-1285,train,mitre-engenuity,CVE-2022-11781,CWE-307,T1047;T1569.002,Tool Injection,3,9,10,9,CC-BY-4.0
AVP-R-1286,train,lanl,CVE-2023-59594,CWE-798,T1029,Slow Exfiltration,2,9,10,9,CC-BY-4.0
AVP-R-1287,train,lanl,CVE-2022-60690,CWE-287,T1078,Noisy Decoy,3,9,10,9,CC-BY-4.0
AVP-R-1288,train,lanl,CVE-2021-37126,CWE-640,T1047;T1569.002,Tool Injection,1,9,10,9,CC-BY-4.0
AVP-R-1289,train,lmdg-synthetic,CVE-2023-45620,CWE-287,T1078.001;T1087,Role Confusion,2,6,7,6,CC-BY-4.0
AVP-R-1290,train,lanl,CVE-2023-33290,CWE-287,T1557.001,NTLM Relay,3,6,7,6,CC-BY-4.0
AVP-R-1291,train,lmdg-synthetic,CVE-2021-55621,CWE-307,T1059.003;T1078.001,Role Confusion,1,8,9,8,CC-BY-4.0
AVP-R-1292,train,mitre-engenuity,CVE-2021-32605,CWE-384,T1047;T1569.002,Tool Injection,1,9,10,9,CC-BY-4.0
AVP-R-1293,train,lmdg-synthetic,CVE-2023-64526,CWE-640,T1021.004;T1047;T1569.002,Tool Injection,3,10,11,10,CC-BY-4.0
AVP-R-1294,train,lanl,CVE-2023-48908,CWE-521,T1078,Noisy Decoy,3,9,10,9,CC-BY-4.0
AVP-R-1295,train,mitre-engenuity,CVE-2023-18083,CWE-200,T1029,Slow Exfiltration,4,5,6,5,CC-BY-4.0
AVP-R-1296,train,mitre-engenuity,CVE-2022-65211,CWE-307,T1078,Noisy Decoy,3,5,6,5,CC-BY-4.0
AVP-R-1297,train,lanl,CVE-2023-32879,CWE-620,T1029,Slow Exfiltration,1,9,10,9,CC-BY-4.0
AVP-R-1298,train,lanl,CVE-2023-42332,CWE-613,T1078.001,Role Confusion,3,7,8,7,CC-BY-4.0
AVP-R-1299,train,mitre-engenuity,CVE-2021-12055,CWE-384,T1078.001,Role Confusion,3,8,9,8,CC-BY-4.0
AVP-R-1300,train,lmdg-synthetic,CVE-2023-17672,CWE-613,T1021.006;T1047;T1569.002,Tool Injection,4,8,9,8,CC-BY-4.0
AVP-R-1301,train,lmdg-synthetic,CVE-2021-40825,CWE-384,T1021.006;T1078.001,Role Confusion,1,9,10,9,CC-BY-4.0
AVP-R-1302,train,mitre-engenuity,CVE-2023-15617,CWE-306,T1047;T1569.002,Tool Injection,1,8,9,8,CC-BY-4.0
AVP-R-1303,train,mitre-engenuity,CVE-2021-16165,CWE-384,T1047;T1569.002,Tool Injection,2,10,11,10,CC-BY-4.0
AVP-R-1304,train,lanl,CVE-2022-52059,CWE-620,T1029,Slow Exfiltration,1,10,11,10,CC-BY-4.0
AVP-R-1305,train,mitre-engenuity,CVE-2022-38496,CWE-640,T1029,Slow Exfiltration,4,10,11,10,CC-BY-4.0
AVP-R-1306,train,lanl,CVE-2022-47538,CWE-521,T1029,Slow Exfiltration,3,7,8,7,CC-BY-4.0
AVP-R-1307,train,mitre-engenuity,CVE-2022-63978,CWE-521,T1078,Noisy Decoy,1,9,10,9,CC-BY-4.0
AVP-R-1308,train,lmdg-synthetic,CVE-2022-39318,CWE-521,T1021.004;T1047;T1569.002,Tool Injection,2,5,6,5,CC-BY-4.0
AVP-R-1309,train,mitre-engenuity,CVE-2021-38359,CWE-620,T1029,Slow Exfiltration,4,10,11,10,CC-BY-4.0
AVP-R-1310,train,mitre-engenuity,CVE-2021-57676,CWE-640,T1078.001,Role Confusion,1,10,11,10,CC-BY-4.0
AVP-R-1311,train,lmdg-synthetic,CVE-2021-51100,CWE-287,T1018;T1557.001,NTLM Relay,3,5,6,5,CC-BY-4.0
AVP-R-1312,train,lmdg-synthetic,CVE-2023-42743,CWE-200,T1059.001;T1078.001,Role Confusion,1,9,10,9,CC-BY-4.0
AVP-R-1313,train,lanl,CVE-2021-36715,CWE-384,T1078.001,Role Confusion,1,8,9,8,CC-BY-4.0
AVP-R-1314,train,lmdg-synthetic,CVE-2022-59457,CWE-306,T1018;T1078.001,Role Confusion,2,5,6,5,CC-BY-4.0
AVP-R-1315,train,lanl,CVE-2022-54525,CWE-384,T1029,Slow Exfiltration,2,10,11,10,CC-BY-4.0
AVP-R-1316,train,mitre-engenuity,CVE-2023-46031,CWE-307,T1557.001,NTLM Relay,4,7,8,7,CC-BY-4.0
AVP-R-1317,train,lmdg-synthetic,CVE-2021-41236,CWE-640,T1021.004;T1078,Noisy Decoy,2,4,5,4,CC-BY-4.0
AVP-R-1318,train,lanl,CVE-2022-15069,CWE-620,T1557.001,NTLM Relay,3,9,10,9,CC-BY-4.0
AVP-R-1319,train,lmdg-synthetic,CVE-2021-40003,CWE-200,T1021.001;T1557.001,NTLM Relay,1,6,7,6,CC-BY-4.0
AVP-R-1320,train,lanl,CVE-2021-49456,CWE-640,T1029,Slow Exfiltration,3,7,8,7,CC-BY-4.0
AVP-R-1321,train,mitre-engenuity,CVE-2021-10822,CWE-613,T1078,Noisy Decoy,3,7,8,7,CC-BY-4.0
AVP-R-1322,train,lmdg-synthetic,CVE-2023-48086,CWE-640,T1087;T1557.001,NTLM Relay,3,4,5,4,CC-BY-4.0
AVP-R-1323,train,lanl,CVE-2022-50415,CWE-384,T1557.001,NTLM Relay,3,9,10,9,CC-BY-4.0
AVP-R-1324,train,lmdg-synthetic,CVE-2022-15891,CWE-307,T1021.001;T1078.001,Role Confusion,1,10,11,10,CC-BY-4.0
AVP-R-1325,train,lmdg-synthetic,CVE-2023-56306,CWE-640,T1078.001;T1087,Role Confusion,1,10,11,10,CC-BY-4.0
AVP-R-1326,train,lanl,CVE-2022-39729,CWE-620,T1557.001,NTLM Relay,1,8,9,8,CC-BY-4.0
AVP-R-1327,train,lanl,CVE-2022-41373,CWE-200,T1029,Slow Exfiltration,4,8,9,8,CC-BY-4.0
AVP-R-1328,train,mitre-engenuity,CVE-2022-17535,CWE-384,T1047;T1569.002,Tool Injection,1,8,9,8,CC-BY-4.0
AVP-R-1329,train,lmdg-synthetic,CVE-2022-12603,CWE-200,T1021.004;T1557.001,NTLM Relay,3,10,11,10,CC-BY-4.0
AVP-R-1330,train,lmdg-synthetic,CVE-2022-47949,CWE-620,T1078;T1087,Noisy Decoy,4,5,6,5,CC-BY-4.0
AVP-R-1331,train,mitre-engenuity,CVE-2021-14521,CWE-307,T1078.001,Role Confusion,2,10,11,10,CC-BY-4.0
AVP-R-1332,train,lanl,CVE-2021-54388,CWE-521,T1047;T1569.002,Tool Injection,2,10,11,10,CC-BY-4.0
AVP-R-1333,train,mitre-engenuity,CVE-2023-53429,CWE-620,T1078,Noisy Decoy,3,5,6,5,CC-BY-4.0
AVP-R-1334,train,lmdg-synthetic,CVE-2021-32605,CWE-384,T1021.001;T1078.001,Role Confusion,1,7,8,7,CC-BY-4.0
AVP-R-1335,train,lanl,CVE-2022-37674,CWE-798,T1557.001,NTLM Relay,1,9,10,9,CC-BY-4.0
AVP-R-1336,train,lmdg-synthetic,CVE-2022-46305,CWE-384,T1021.006;T1557.001,NTLM Relay,3,9,10,9,CC-BY-4.0
AVP-R-1337,train,lanl,CVE-2023-44798,CWE-521,T1029,Slow Exfiltration,3,6,7,6,CC-BY-4.0
AVP-R-1338,train,mitre-engenuity,CVE-2023-57539,CWE-620,T1078.001,Role Confusion,3,7,8,7,CC-BY-4.0
AVP-R-1339,train,lanl,CVE-2021-14932,CWE-613,T1029,Slow Exfiltration,2,9,10,9,CC-BY-4.0
AVP-R-1340,train,mitre-engenuity,CVE-2021-46990,CWE-287,T1078.001,Role Confusion,1,10,11,10,CC-BY-4.0
AVP-R-1341,train,mitre-engenuity,CVE-2022-37674,CWE-798,T1078.001,Role Confusion,2,7,8,7,CC-BY-4.0
AVP-R-1342,train,lanl,CVE-2023-16028,CWE-521,T1078,Noisy Decoy,1,9,10,9,CC-BY-4.0
AVP-R-1343,train,lanl,CVE-2021-55621,CWE-307,T1078,Noisy Decoy,3,10,11,10,CC-BY-4.0
AVP-R-1344,train,mitre-engenuity,CVE-2023-10274,CWE-798,T1029,Slow Exfiltration,3,5,6,5,CC-BY-4.0
AVP-R-1345,train,lmdg-synthetic,CVE-2023-15617,CWE-306,T1021.001;T1029,Slow Exfiltration,3,7,8,7,CC-BY-4.0
AVP-R-1346,train,mitre-engenuity,CVE-2021-37537,CWE-306,T1029,Slow Exfiltration,4,7,8,7,CC-BY-4.0
AVP-R-1347,train,lmdg-synthetic,CVE-2023-16439,CWE-620,T1021.001;T1078.001,Role Confusion,1,9,10,9,CC-BY-4.0
AVP-R-1348,train,mitre-engenuity,CVE-2021-58498,CWE-521,T1078,Noisy Decoy,4,4,5,4,CC-BY-4.0
AVP-R-1349,train,lanl,CVE-2022-33564,CWE-798,T1557.001,NTLM Relay,3,7,8,7,CC-BY-4.0
AVP-R-1350,train,lanl,CVE-2022-11781,CWE-307,T1029,Slow Exfiltration,1,9,10,9,CC-BY-4.0
AVP-R-1351,train,lanl,CVE-2023-43976,CWE-640,T1029,Slow Exfiltration,4,7,8,7,CC-BY-4.0
AVP-R-1352,train,lanl,CVE-2023-39866,CWE-640,T1078,Noisy Decoy,1,10,11,10,CC-BY-4.0
AVP-R-1353,train,lanl,CVE-2021-42058,CWE-521,T1078,Noisy Decoy,1,9,10,9,CC-BY-4.0
AVP-R-1354,train,mitre-engenuity,CVE-2021-53977,CWE-306,T1047;T1569.002,Tool Injection,1,8,9,8,CC-BY-4.0
AVP-R-1355,train,lanl,CVE-2023-11096,CWE-640,T1557.001,NTLM Relay,2,7,8,7,CC-BY-4.0
AVP-R-1356,train,lanl,CVE-2022-60279,CWE-620,T1078,Noisy Decoy,1,10,11,10,CC-BY-4.0
AVP-R-1357,train,lanl,CVE-2021-53155,CWE-384,T1047;T1569.002,Tool Injection,3,6,7,6,CC-BY-4.0
AVP-R-1358,train,lanl,CVE-2022-54936,CWE-640,T1078.001,Role Confusion,2,8,9,8,CC-BY-4.0
AVP-R-1359,train,lmdg-synthetic,CVE-2023-36989,CWE-620,T1021.001;T1078,Noisy Decoy,1,6,7,6,CC-BY-4.0
AVP-R-1360,train,lmdg-synthetic,CVE-2021-51100,CWE-287,T1021.001;T1078.001,Role Confusion,2,6,7,6,CC-BY-4.0
AVP-R-1361,train,lanl,CVE-2021-56443,CWE-200,T1047;T1569.002,Tool Injection,2,6,7,6,CC-BY-4.0
AVP-R-1362,train,mitre-engenuity,CVE-2021-49867,CWE-306,T1557.001,NTLM Relay,4,7,8,7,CC-BY-4.0
AVP-R-1363,train,lanl,CVE-2022-51237,CWE-306,T1078,Noisy Decoy,2,8,9,8,CC-BY-4.0
AVP-R-1364,train,lanl,CVE-2022-10959,CWE-620,T1557.001,NTLM Relay,3,6,7,6,CC-BY-4.0
AVP-R-1365,train,lanl,CVE-2021-58909,CWE-620,T1047;T1569.002,Tool Injection,1,10,11,10,CC-BY-4.0
AVP-R-1366,train,mitre-engenuity,CVE-2023-53018,CWE-521,T1029,Slow Exfiltration,3,6,7,6,CC-BY-4.0
AVP-R-1367,train,mitre-engenuity,CVE-2022-53292,CWE-613,T1078.001,Role Confusion,1,7,8,7,CC-BY-4.0
AVP-R-1368,train,lanl,CVE-2021-37948,CWE-521,T1047;T1569.002,Tool Injection,3,8,9,8,CC-BY-4.0
AVP-R-1369,train,lanl,CVE-2023-43565,CWE-384,T1047;T1569.002,Tool Injection,1,9,10,9,CC-BY-4.0
AVP-R-1370,train,lmdg-synthetic,CVE-2021-41236,CWE-640,T1021.006;T1557.001,NTLM Relay,1,5,6,5,CC-BY-4.0
AVP-R-1371,train,mitre-engenuity,CVE-2021-40003,CWE-200,T1078,Noisy Decoy,3,8,9,8,CC-BY-4.0
AVP-R-1372,train,lmdg-synthetic,CVE-2023-64115,CWE-384,T1018;T1557.001,NTLM Relay,1,8,9,8,CC-BY-4.0
AVP-R-1373,train,lanl,CVE-2023-66170,CWE-287,T1557.001,NTLM Relay,1,5,6,5,CC-BY-4.0
AVP-R-1374,train,lanl,CVE-2022-54114,CWE-798,T1557.001,NTLM Relay,1,7,8,7,CC-BY-4.0
AVP-R-1375,train,mitre-engenuity,CVE-2021-50278,CWE-521,T1557.001,NTLM Relay,1,5,6,5,CC-BY-4.0
AVP-R-1376,train,lanl,CVE-2022-57813,CWE-200,T1029,Slow Exfiltration,3,8,9,8,CC-BY-4.0
AVP-R-1377,train,lmdg-synthetic,CVE-2021-53566,CWE-640,T1059.001;T1078,Noisy Decoy,3,9,10,9,CC-BY-4.0
AVP-R-1378,train,lmdg-synthetic,CVE-2023-32468,CWE-521,T1018;T1557.001,NTLM Relay,3,10,11,10,CC-BY-4.0
AVP-R-1379,train,lmdg-synthetic,CVE-2022-58224,CWE-798,T1021.001;T1557.001,NTLM Relay,2,7,8,7,CC-BY-4.0
AVP-R-1380,train,mitre-engenuity,CVE-2021-33016,CWE-640,T1557.001,NTLM Relay,2,7,8,7,CC-BY-4.0
AVP-R-1381,train,lanl,CVE-2021-53977,CWE-306,T1029,Slow Exfiltration,1,6,7,6,CC-BY-4.0
AVP-R-1382,train,lanl,CVE-2021-12055,CWE-384,T1078,Noisy Decoy,2,10,11,10,CC-BY-4.0
AVP-R-1383,train,lanl,CVE-2023-34523,CWE-200,T1078.001,Role Confusion,1,9,10,9,CC-BY-4.0
AVP-R-1384,train,lanl,CVE-2022-47538,CWE-521,T1029,Slow Exfiltration,2,9,10,9,CC-BY-4.0
AVP-R-1385,train,mitre-engenuity,CVE-2021-16576,CWE-640,T1029,Slow Exfiltration,4,10,11,10,CC-BY-4.0
AVP-R-1386,train,lanl,CVE-2021-35893,CWE-200,T1078,Noisy Decoy,1,9,10,9,CC-BY-4.0
AVP-R-1387,train,lanl,CVE-2021-37537,CWE-306,T1557.001,NTLM Relay,3,8,9,8,CC-BY-4.0
AVP-R-1388,train,lmdg-synthetic,CVE-2021-62608,CWE-521,T1059.003;T1078.001,Role Confusion,1,7,8,7,CC-BY-4.0
AVP-R-1389,train,lanl,CVE-2022-55347,CWE-306,T1047;T1569.002,Tool Injection,2,5,6,5,CC-BY-4.0
AVP-R-1390,train,mitre-engenuity,CVE-2023-39455,CWE-384,T1078,Noisy Decoy,4,9,10,9,CC-BY-4.0
AVP-R-1391,train,lmdg-synthetic,CVE-2023-63704,CWE-798,T1059.001;T1557.001,NTLM Relay,1,8,9,8,CC-BY-4.0
AVP-R-1392,train,lanl,CVE-2023-43565,CWE-384,T1078.001,Role Confusion,4,10,11,10,CC-BY-4.0
AVP-R-1393,train,mitre-engenuity,CVE-2022-38085,CWE-384,T1047;T1569.002,Tool Injection,3,9,10,9,CC-BY-4.0
AVP-R-1394,train,lanl,CVE-2023-53429,CWE-620,T1029,Slow Exfiltration,3,9,10,9,CC-BY-4.0
AVP-R-1395,train,mitre-engenuity,CVE-2022-44661,CWE-307,T1078.001,Role Confusion,2,9,10,9,CC-BY-4.0
AVP-R-1396,train,mitre-engenuity,CVE-2022-54114,CWE-798,T1078,Noisy Decoy,2,5,6,5,CC-BY-4.0
AVP-R-1397,train,lmdg-synthetic,CVE-2021-37537,CWE-306,T1018;T1557.001,NTLM Relay,2,6,7,6,CC-BY-4.0
AVP-R-1398,train,mitre-engenuity,CVE-2021-54388,CWE-521,T1029,Slow Exfiltration,3,8,9,8,CC-BY-4.0
AVP-R-1399,train,lanl,CVE-2022-37263,CWE-200,T1078.001,Role Confusion,2,8,9,8,CC-BY-4.0
AVP-R-1400,train,lmdg-synthetic,CVE-2022-64389,CWE-620,T1021.004;T1557.001,NTLM Relay,3,7,8,7,CC-BY-4.0
AVP-R-1401,train,lanl,CVE-2022-36030,CWE-287,T1557.001,NTLM Relay,1,10,11,10,CC-BY-4.0
AVP-R-1402,train,lmdg-synthetic,CVE-2023-32879,CWE-620,T1047;T1059.001;T1569.002,Tool Injection,1,8,9,8,CC-BY-4.0
AVP-R-1403,train,lanl,CVE-2022-63156,CWE-640,T1047;T1569.002,Tool Injection,3,6,7,6,CC-BY-4.0
AVP-R-1404,train,lmdg-synthetic,CVE-2023-57950,CWE-287,T1078.001;T1087,Role Confusion,3,5,6,5,CC-BY-4.0
AVP-R-1405,train,mitre-engenuity,CVE-2022-38085,CWE-384,T1078,Noisy Decoy,1,10,11,10,CC-BY-4.0
AVP-R-1406,train,lanl,CVE-2021-51922,CWE-613,T1078.001,Role Confusion,3,9,10,9,CC-BY-4.0
AVP-R-1407,train,lanl,CVE-2022-47949,CWE-620,T1029,Slow Exfiltration,3,10,11,10,CC-BY-4.0
AVP-R-1408,train,lanl,CVE-2021-53566,CWE-640,T1078,Noisy Decoy,1,9,10,9,CC-BY-4.0
AVP-R-1409,train,lanl,CVE-2021-42880,CWE-287,T1078.001,Role Confusion,4,6,7,6,CC-BY-4.0
AVP-R-1410,train,lmdg-synthetic,CVE-2023-11507,CWE-306,T1021.006;T1029,Slow Exfiltration,1,6,7,6,CC-BY-4.0
AVP-R-1411,train,lmdg-synthetic,CVE-2023-18083,CWE-200,T1059.001;T1078,Noisy Decoy,2,9,10,9,CC-BY-4.0
AVP-R-1412,train,lmdg-synthetic,CVE-2023-50963,CWE-200,T1087;T1557.001,NTLM Relay,1,8,9,8,CC-BY-4.0
AVP-R-1413,train,lanl,CVE-2022-12603,CWE-200,T1078,Noisy Decoy,1,5,6,5,CC-BY-4.0
AVP-R-1414,train,lanl,CVE-2022-40962,CWE-613,T1078,Noisy Decoy,3,10,11,10,CC-BY-4.0
AVP-R-1415,train,lmdg-synthetic,CVE-2022-34386,CWE-640,T1021.006;T1078,Noisy Decoy,2,9,10,9,CC-BY-4.0
AVP-R-1416,train,lanl,CVE-2022-47538,CWE-521,T1047;T1569.002,Tool Injection,1,9,10,9,CC-BY-4.0
AVP-R-1417,train,mitre-engenuity,CVE-2022-56169,CWE-620,T1029,Slow Exfiltration,1,7,8,7,CC-BY-4.0
AVP-R-1418,train,lanl,CVE-2023-61238,CWE-521,T1078.001,Role Confusion,1,9,10,9,CC-BY-4.0
AVP-R-1419,train,lanl,CVE-2023-43976,CWE-640,T1557.001,NTLM Relay,2,6,7,6,CC-BY-4.0
AVP-R-1420,train,mitre-engenuity,CVE-2021-34660,CWE-287,T1078.001,Role Confusion,1,7,8,7,CC-BY-4.0
AVP-R-1421,train,mitre-engenuity,CVE-2022-46305,CWE-384,T1557.001,NTLM Relay,4,6,7,6,CC-BY-4.0
AVP-R-1422,train,lanl,CVE-2022-55758,CWE-521,T1078,Noisy Decoy,2,7,8,7,CC-BY-4.0
AVP-R-1423,train,mitre-engenuity,CVE-2023-53840,CWE-287,T1029,Slow Exfiltration,2,5,6,5,CC-BY-4.0
AVP-R-1424,train,mitre-engenuity,CVE-2022-32742,CWE-613,T1047;T1569.002,Tool Injection,1,8,9,8,CC-BY-4.0
AVP-R-1425,train,mitre-engenuity,CVE-2023-12329,CWE-620,T1078,Noisy Decoy,2,8,9,8,CC-BY-4.0
AVP-R-1426,train,lanl,CVE-2023-64526,CWE-640,T1078,Noisy Decoy,1,7,8,7,CC-BY-4.0
AVP-R-1427,train,lmdg-synthetic,CVE-2023-15206,CWE-640,T1021.006;T1557.001,NTLM Relay,4,8,9,8,CC-BY-4.0
AVP-R-1428,train,lanl,CVE-2023-12740,CWE-287,T1078.001,Role Confusion,1,5,6,5,CC-BY-4.0
AVP-R-1429,train,mitre-engenuity,CVE-2021-43702,CWE-613,T1557.001,NTLM Relay,1,5,6,5,CC-BY-4.0
AVP-R-1430,train,mitre-engenuity,CVE-2022-53292,CWE-613,T1078.001,Role Confusion,1,8,9,8,CC-BY-4.0
AVP-R-1431,train,lanl,CVE-2023-40688,CWE-521,T1557.001,NTLM Relay,1,9,10,9,CC-BY-4.0
AVP-R-1432,train,lanl,CVE-2022-15891,CWE-307,T1078,Noisy Decoy,3,5,6,5,CC-BY-4.0
AVP-R-1433,train,mitre-engenuity,CVE-2022-37263,CWE-200,T1078.001,Role Confusion,1,8,9,8,CC-BY-4.0
AVP-R-1434,train,lmdg-synthetic,CVE-2023-50552,CWE-613,T1021.006;T1078.001,Role Confusion,4,8,9,8,CC-BY-4.0
AVP-R-1435,train,lmdg-synthetic,CVE-2022-52470,CWE-287,T1021.001;T1047;T1569.002,Tool Injection,4,5,6,5,CC-BY-4.0
AVP-R-1436,train,mitre-engenuity,CVE-2022-52059,CWE-620,T1078,Noisy Decoy,3,9,10,9,CC-BY-4.0
AVP-R-1437,train,mitre-engenuity,CVE-2021-12466,CWE-640,T1557.001,NTLM Relay,1,7,8,7,CC-BY-4.0
AVP-R-1438,train,lanl,CVE-2022-14658,CWE-521,T1029,Slow Exfiltration,1,8,9,8,CC-BY-4.0
AVP-R-1439,train,mitre-engenuity,CVE-2022-58224,CWE-798,T1078,Noisy Decoy,1,5,6,5,CC-BY-4.0
AVP-R-1440,train,mitre-engenuity,CVE-2022-65211,CWE-307,T1047;T1569.002,Tool Injection,4,7,8,7,CC-BY-4.0
AVP-R-1441,train,mitre-engenuity,CVE-2023-39044,CWE-798,T1078.001,Role Confusion,1,7,8,7,CC-BY-4.0
AVP-R-1442,train,mitre-engenuity,CVE-2021-48223,CWE-200,T1557.001,NTLM Relay,1,7,8,7,CC-BY-4.0
AVP-R-1443,train,lanl,CVE-2023-49319,CWE-620,T1557.001,NTLM Relay,3,6,7,6,CC-BY-4.0
AVP-R-1444,train,mitre-engenuity,CVE-2022-64800,CWE-287,T1029,Slow Exfiltration,1,9,10,9,CC-BY-4.0
AVP-R-1445,train,lmdg-synthetic,CVE-2023-15617,CWE-306,T1029;T1059.003,Slow Exfiltration,1,8,9,8,CC-BY-4.0
AVP-R-1446,train,lanl,CVE-2023-34523,CWE-200,T1047;T1569.002,Tool Injection,1,6,7,6,CC-BY-4.0
AVP-R-1447,train,mitre-engenuity,CVE-2022-66855,CWE-384,T1047;T1569.002,Tool Injection,1,7,8,7,CC-BY-4.0
AVP-R-1448,train,mitre-engenuity,CVE-2022-34386,CWE-640,T1557.001,NTLM Relay,1,7,8,7,CC-BY-4.0
AVP-R-1449,train,mitre-engenuity,CVE-2023-16028,CWE-521,T1029,Slow Exfiltration,1,6,7,6,CC-BY-4.0
AVP-R-1450,train,lanl,CVE-2022-43839,CWE-620,T1047;T1569.002,Tool Injection,4,9,10,9,CC-BY-4.0
AVP-R-1451,train,mitre-engenuity,CVE-2023-43976,CWE-640,T1029,Slow Exfiltration,3,5,6,5,CC-BY-4.0
AVP-R-1452,train,lanl,CVE-2023-60416,CWE-640,T1047;T1569.002,Tool Injection,3,5,6,5,CC-BY-4.0
AVP-R-1453,train,lanl,CVE-2022-46305,CWE-384,T1557.001,NTLM Relay,4,7,8,7,CC-BY-4.0
AVP-R-1454,train,lanl,CVE-2023-37811,CWE-307,T1078,Noisy Decoy,1,8,9,8,CC-BY-4.0
AVP-R-1455,train,mitre-engenuity,CVE-2022-32742,CWE-613,T1047;T1569.002,Tool Injection,1,7,8,7,CC-BY-4.0
AVP-R-1456,train,mitre-engenuity,CVE-2021-10822,CWE-613,T1047;T1569.002,Tool Injection,3,5,6,5,CC-BY-4.0
AVP-R-1457,train,lanl,CVE-2023-62471,CWE-307,T1557.001,NTLM Relay,1,6,7,6,CC-BY-4.0
AVP-R-1458,train,lanl,CVE-2023-64937,CWE-306,T1047;T1569.002,Tool Injection,3,7,8,7,CC-BY-4.0
AVP-R-1459,train,lmdg-synthetic,CVE-2022-39318,CWE-521,T1021.001;T1029,Slow Exfiltration,2,4,5,4,CC-BY-4.0
AVP-R-1460,train,lanl,CVE-2021-43291,CWE-307,T1078,Noisy Decoy,2,10,11,10,CC-BY-4.0
AVP-R-1461,train,lanl,CVE-2022-50826,CWE-640,T1047;T1569.002,Tool Injection,2,10,11,10,CC-BY-4.0
AVP-R-1462,train,lmdg-synthetic,CVE-2021-49456,CWE-640,T1047;T1059.001;T1569.002,Tool Injection,1,8,9,8,CC-BY-4.0
AVP-R-1463,train,lmdg-synthetic,CVE-2022-13836,CWE-640,T1059.003;T1078,Noisy Decoy,2,9,10,9,CC-BY-4.0
AVP-R-1464,train,lanl,CVE-2023-66581,CWE-307,T1557.001,NTLM Relay,2,8,9,8,CC-BY-4.0
AVP-R-1465,train,lmdg-synthetic,CVE-2021-49867,CWE-306,T1029;T1049,Slow Exfiltration,3,7,8,7,CC-BY-4.0
AVP-R-1466,train,mitre-engenuity,CVE-2021-50278,CWE-521,T1078.001,Role Confusion,1,6,7,6,CC-BY-4.0
AVP-R-1467,train,mitre-engenuity,CVE-2021-43291,CWE-307,T1078,Noisy Decoy,4,7,8,7,CC-BY-4.0
AVP-R-1468,train,mitre-engenuity,CVE-2021-56032,CWE-613,T1029,Slow Exfiltration,1,5,6,5,CC-BY-4.0
AVP-R-1469,train,lmdg-synthetic,CVE-2023-14795,CWE-384,T1021.006;T1078.001,Role Confusion,3,10,11,10,CC-BY-4.0
AVP-R-1470,train,mitre-engenuity,CVE-2021-16576,CWE-640,T1047;T1569.002,Tool Injection,1,9,10,9,CC-BY-4.0
AVP-R-1471,train,lanl,CVE-2023-52196,CWE-640,T1047;T1569.002,Tool Injection,1,6,7,6,CC-BY-4.0
AVP-R-1472,train,mitre-engenuity,CVE-2021-37126,CWE-640,T1029,Slow Exfiltration,2,6,7,6,CC-BY-4.0
AVP-R-1473,train,lmdg-synthetic,CVE-2023-55895,CWE-384,T1049;T1557.001,NTLM Relay,2,9,10,9,CC-BY-4.0
AVP-R-1474,train,mitre-engenuity,CVE-2022-42195,CWE-384,T1078,Noisy Decoy,3,8,9,8,CC-BY-4.0
AVP-R-1475,train,lmdg-synthetic,CVE-2023-42332,CWE-613,T1059.003;T1557.001,NTLM Relay,2,9,10,9,CC-BY-4.0
AVP-R-1476,train,lanl,CVE-2023-10685,CWE-384,T1078,Noisy Decoy,4,9,10,9,CC-BY-4.0
AVP-R-1477,train,lanl,CVE-2022-35208,CWE-521,T1557.001,NTLM Relay,3,9,10,9,CC-BY-4.0
AVP-R-1478,train,mitre-engenuity,CVE-2022-43839,CWE-620,T1047;T1569.002,Tool Injection,3,6,7,6,CC-BY-4.0
AVP-R-1479,train,mitre-engenuity,CVE-2022-39318,CWE-521,T1029,Slow Exfiltration,1,8,9,8,CC-BY-4.0
AVP-R-1480,train,lmdg-synthetic,CVE-2021-63841,CWE-307,T1021.006;T1029,Slow Exfiltration,2,5,6,5,CC-BY-4.0
AVP-R-1481,train,lanl,CVE-2021-43702,CWE-613,T1078,Noisy Decoy,1,5,6,5,CC-BY-4.0
AVP-R-1482,train,lmdg-synthetic,CVE-2023-39044,CWE-798,T1021.004;T1029,Slow Exfiltration,3,7,8,7,CC-BY-4.0
AVP-R-1483,train,lanl,CVE-2022-63978,CWE-521,T1047;T1569.002,Tool Injection,3,7,8,7,CC-BY-4.0
AVP-R-1484,train,lmdg-synthetic,CVE-2021-53566,CWE-640,T1021.001;T1078.001,Role Confusion,1,9,10,9,CC-BY-4.0
AVP-R-1485,train,mitre-engenuity,CVE-2022-52470,CWE-287,T1078.001,Role Confusion,3,5,6,5,CC-BY-4.0
AVP-R-1486,train,lmdg-synthetic,CVE-2021-33427,CWE-306,T1021.001;T1029,Slow Exfiltration,3,6,7,6,CC-BY-4.0
AVP-R-1487,train,lanl,CVE-2021-39181,CWE-307,T1078,Noisy Decoy,1,9,10,9,CC-BY-4.0
AVP-R-1488,train,lanl,CVE-2021-11644,CWE-798,T1047;T1569.002,Tool Injection,1,10,11,10,CC-BY-4.0
AVP-R-1489,train,mitre-engenuity,CVE-2021-47401,CWE-307,T1078,Noisy Decoy,3,8,9,8,CC-BY-4.0
AVP-R-1490,train,lanl,CVE-2023-43154,CWE-798,T1029,Slow Exfiltration,1,7,8,7,CC-BY-4.0
AVP-R-1491,train,lmdg-synthetic,CVE-2021-17809,CWE-620,T1029;T1059.001,Slow Exfiltration,3,5,6,5,CC-BY-4.0
AVP-R-1492,train,lanl,CVE-2023-11096,CWE-640,T1078,Noisy Decoy,3,5,6,5,CC-BY-4.0
AVP-R-1493,train,lanl,CVE-2022-17124,CWE-798,T1047;T1569.002,Tool Injection,1,6,7,6,CC-BY-4.0
AVP-R-1494,train,lanl,CVE-2021-35893,CWE-200,T1557.001,NTLM Relay,1,5,6,5,CC-BY-4.0
AVP-R-1495,train,mitre-engenuity,CVE-2023-50141,CWE-307,T1078.001,Role Confusion,3,9,10,9,CC-BY-4.0
AVP-R-1496,train,lanl,CVE-2022-57813,CWE-200,T1047;T1569.002,Tool Injection,3,5,6,5,CC-BY-4.0
AVP-R-1497,train,lmdg-synthetic,CVE-2023-37400,CWE-287,T1078;T1087,Noisy Decoy,3,7,8,7,CC-BY-4.0
AVP-R-1498,train,mitre-engenuity,CVE-2022-33975,CWE-384,T1047;T1569.002,Tool Injection,1,5,6,5,CC-BY-4.0
AVP-R-1499,train,lmdg-synthetic,CVE-2023-16850,CWE-287,T1018;T1078.001,Role Confusion,1,9,10,9,CC-BY-4.0
AVP-R-1500,train,lmdg-synthetic,CVE-2021-12466,CWE-640,T1059.001;T1557.001,NTLM Relay,4,7,8,7,CC-BY-4.0
AVP-R-1501,train,lanl,CVE-2023-12329,CWE-620,T1047;T1569.002,Tool Injection,1,9,10,9,CC-BY-4.0
AVP-R-1502,train,lmdg-synthetic,CVE-2021-43291,CWE-307,T1018;T1029,Slow Exfiltration,3,5,6,5,CC-BY-4.0
AVP-R-1503,train,lanl,CVE-2023-64937,CWE-306,T1047;T1569.002,Tool Injection,1,5,6,5,CC-BY-4.0
AVP-R-1504,train,lanl,CVE-2021-10000,CWE-287,T1078.001,Role Confusion,1,6,7,6,CC-BY-4.0
AVP-R-1505,train,mitre-engenuity,CVE-2023-11918,CWE-521,T1557.001,NTLM Relay,2,9,10,9,CC-BY-4.0
AVP-R-1506,train,lmdg-synthetic,CVE-2022-65211,CWE-307,T1018;T1047;T1569.002,Tool Injection,2,10,11,10,CC-BY-4.0
AVP-R-1507,train,mitre-engenuity,CVE-2022-14658,CWE-521,T1047;T1569.002,Tool Injection,3,5,6,5,CC-BY-4.0
AVP-R-1508,train,mitre-engenuity,CVE-2022-10137,CWE-306,T1078.001,Role Confusion,4,10,11,10,CC-BY-4.0
AVP-R-1509,train,lanl,CVE-2022-48771,CWE-307,T1557.001,NTLM Relay,1,9,10,9,CC-BY-4.0
AVP-R-1510,train,lanl,CVE-2022-38496,CWE-640,T1557.001,NTLM Relay,1,7,8,7,CC-BY-4.0
AVP-R-1511,train,mitre-engenuity,CVE-2023-60827,CWE-306,T1557.001,NTLM Relay,2,6,7,6,CC-BY-4.0
AVP-R-1512,train,lanl,CVE-2023-62471,CWE-307,T1029,Slow Exfiltration,1,7,8,7,CC-BY-4.0
AVP-R-1513,train,lmdg-synthetic,CVE-2021-39592,CWE-613,T1047;T1059.001;T1569.002,Tool Injection,3,6,7,6,CC-BY-4.0
AVP-R-1514,train,lmdg-synthetic,CVE-2022-40140,CWE-287,T1021.004;T1078.001,Role Confusion,2,10,11,10,CC-BY-4.0
AVP-R-1515,train,mitre-engenuity,CVE-2022-63567,CWE-306,T1078.001,Role Confusion,4,9,10,9,CC-BY-4.0
AVP-R-1516,train,lanl,CVE-2021-14110,CWE-287,T1078,Noisy Decoy,1,7,8,7,CC-BY-4.0
AVP-R-1517,train,lanl,CVE-2023-39044,CWE-798,T1029,Slow Exfiltration,4,4,5,4,CC-BY-4.0
AVP-R-1518,train,lmdg-synthetic,CVE-2021-15343,CWE-200,T1047;T1087;T1569.002,Tool Injection,3,6,7,6,CC-BY-4.0
AVP-R-1519,train,mitre-engenuity,CVE-2022-61101,CWE-307,T1078.001,Role Confusion,2,8,9,8,CC-BY-4.0
AVP-R-1520,train,lanl,CVE-2022-16713,CWE-200,T1078.001,Role Confusion,1,8,9,8,CC-BY-4.0
AVP-R-1521,train,mitre-engenuity,CVE-2022-15480,CWE-287,T1047;T1569.002,Tool Injection,1,7,8,7,CC-BY-4.0
AVP-R-1522,train,mitre-engenuity,CVE-2022-42606,CWE-640,T1557.001,NTLM Relay,2,10,11,10,CC-BY-4.0
AVP-R-1523,train,lanl,CVE-2022-65622,CWE-613,T1078,Noisy Decoy,3,5,6,5,CC-BY-4.0
AVP-R-1524,train,lmdg-synthetic,CVE-2022-35208,CWE-521,T1059.001;T1557.001,NTLM Relay,3,5,6,5,CC-BY-4.0
AVP-R-1525,train,lanl,CVE-2021-33016,CWE-640,T1557.001,NTLM Relay,4,10,11,10,CC-BY-4.0
AVP-R-1526,train,lanl,CVE-2021-61375,CWE-384,T1078.001,Role Confusion,2,7,8,7,CC-BY-4.0
AVP-R-1527,train,lanl,CVE-2021-65074,CWE-798,T1047;T1569.002,Tool Injection,2,5,6,5,CC-BY-4.0
AVP-R-1528,train,lanl,CVE-2021-57676,CWE-640,T1029,Slow Exfiltration,1,6,7,6,CC-BY-4.0
AVP-R-1529,train,lmdg-synthetic,CVE-2021-66307,CWE-306,T1029;T1059.001,Slow Exfiltration,4,6,7,6,CC-BY-4.0
AVP-R-1530,train,lanl,CVE-2022-47949,CWE-620,T1078.001,Role Confusion,4,9,10,9,CC-BY-4.0
AVP-R-1531,train,lanl,CVE-2023-55484,CWE-798,T1078,Noisy Decoy,2,5,6,5,CC-BY-4.0
AVP-R-1532,train,lanl,CVE-2023-39455,CWE-384,T1047;T1569.002,Tool Injection,1,9,10,9,CC-BY-4.0
AVP-R-1533,train,mitre-engenuity,CVE-2023-13973,CWE-200,T1078.001,Role Confusion,3,10,11,10,CC-BY-4.0
AVP-R-1534,train,mitre-engenuity,CVE-2022-12192,CWE-613,T1557.001,NTLM Relay,1,6,7,6,CC-BY-4.0
AVP-R-1535,train,lmdg-synthetic,CVE-2023-46853,CWE-200,T1029;T1059.001,Slow Exfiltration,3,5,6,5,CC-BY-4.0
AVP-R-1536,train,mitre-engenuity,CVE-2023-43976,CWE-640,T1029,Slow Exfiltration,1,7,8,7,CC-BY-4.0
AVP-R-1537,train,mitre-engenuity,CVE-2021-38770,CWE-287,T1029,Slow Exfiltration,1,8,9,8,CC-BY-4.0
AVP-R-1538,train,lanl,CVE-2021-15754,CWE-798,T1078,Noisy Decoy,1,9,10,9,CC-BY-4.0
AVP-R-1539,train,lmdg-synthetic,CVE-2022-12192,CWE-613,T1018;T1078,Noisy Decoy,2,6,7,6,CC-BY-4.0
AVP-R-1540,train,lanl,CVE-2021-40414,CWE-798,T1557.001,NTLM Relay,2,6,7,6,CC-BY-4.0
AVP-R-1541,train,lanl,CVE-2021-66718,CWE-521,T1078.001,Role Confusion,3,8,9,8,CC-BY-4.0
AVP-R-1542,train,lmdg-synthetic,CVE-2023-12740,CWE-287,T1059.001;T1557.001,NTLM Relay,2,6,7,6,CC-BY-4.0
AVP-R-1543,train,lmdg-synthetic,CVE-2021-65485,CWE-384,T1021.006;T1029,Slow Exfiltration,2,5,6,5,CC-BY-4.0
AVP-R-1544,train,lanl,CVE-2023-12329,CWE-620,T1078,Noisy Decoy,1,8,9,8,CC-BY-4.0
AVP-R-1545,train,lanl,CVE-2023-40277,CWE-306,T1078.001,Role Confusion,1,5,6,5,CC-BY-4.0
AVP-R-1546,train,lanl,CVE-2022-59046,CWE-640,T1078,Noisy Decoy,1,8,9,8,CC-BY-4.0
AVP-R-1547,train,mitre-engenuity,CVE-2022-58635,CWE-384,T1078,Noisy Decoy,1,9,10,9,CC-BY-4.0
AVP-R-1548,train,mitre-engenuity,CVE-2022-56580,CWE-287,T1078,Noisy Decoy,3,5,6,5,CC-BY-4.0
AVP-R-1549,train,lanl,CVE-2022-14247,CWE-306,T1029,Slow Exfiltration,1,4,5,4,CC-BY-4.0
AVP-R-1550,train,mitre-engenuity,CVE-2022-15069,CWE-620,T1029,Slow Exfiltration,3,7,8,7,CC-BY-4.0
AVP-R-1551,train,lanl,CVE-2022-59457,CWE-306,T1557.001,NTLM Relay,1,7,8,7,CC-BY-4.0
AVP-R-1552,train,lanl,CVE-2022-11370,CWE-287,T1557.001,NTLM Relay,2,9,10,9,CC-BY-4.0
AVP-R-1553,train,lmdg-synthetic,CVE-2022-10137,CWE-306,T1059.001;T1078.001,Role Confusion,1,8,9,8,CC-BY-4.0
AVP-R-1554,train,lmdg-synthetic,CVE-2021-42469,CWE-620,T1021.004;T1557.001,NTLM Relay,4,10,11,10,CC-BY-4.0
AVP-R-1555,train,lanl,CVE-2022-45072,CWE-613,T1557.001,NTLM Relay,1,10,11,10,CC-BY-4.0
AVP-R-1556,train,lanl,CVE-2023-56717,CWE-306,T1047;T1569.002,Tool Injection,1,6,7,6,CC-BY-4.0
AVP-R-1557,train,lanl,CVE-2022-51648,CWE-521,T1029,Slow Exfiltration,1,10,11,10,CC-BY-4.0
AVP-R-1558,train,lanl,CVE-2023-41510,CWE-287,T1078.001,Role Confusion,2,4,5,4,CC-BY-4.0
AVP-R-1559,train,mitre-engenuity,CVE-2022-15069,CWE-620,T1078,Noisy Decoy,4,6,7,6,CC-BY-4.0
AVP-R-1560,train,mitre-engenuity,CVE-2022-66033,CWE-200,T1029,Slow Exfiltration,1,6,7,6,CC-BY-4.0
AVP-R-1561,train,lanl,CVE-2023-15206,CWE-640,T1078.001,Role Confusion,3,6,7,6,CC-BY-4.0
AVP-R-1562,train,mitre-engenuity,CVE-2022-50004,CWE-798,T1078.001,Role Confusion,3,7,8,7,CC-BY-4.0
AVP-R-1563,train,mitre-engenuity,CVE-2021-61786,CWE-640,T1029,Slow Exfiltration,2,6,7,6,CC-BY-4.0
AVP-R-1564,train,mitre-engenuity,CVE-2022-62745,CWE-384,T1029,Slow Exfiltration,3,6,7,6,CC-BY-4.0
AVP-R-1565,train,mitre-engenuity,CVE-2023-54251,CWE-307,T1078.001,Role Confusion,2,8,9,8,CC-BY-4.0
AVP-R-1566,train,lanl,CVE-2023-11507,CWE-306,T1078,Noisy Decoy,3,9,10,9,CC-BY-4.0
AVP-R-1567,train,mitre-engenuity,CVE-2023-38633,CWE-200,T1078.001,Role Confusion,3,7,8,7,CC-BY-4.0
AVP-R-1568,train,lanl,CVE-2022-43428,CWE-521,T1557.001,NTLM Relay,2,9,10,9,CC-BY-4.0
AVP-R-1569,train,lanl,CVE-2023-52196,CWE-640,T1078,Noisy Decoy,1,10,11,10,CC-BY-4.0
AVP-R-1570,train,lanl,CVE-2021-14521,CWE-307,T1029,Slow Exfiltration,3,7,8,7,CC-BY-4.0
AVP-R-1571,train,lanl,CVE-2021-49867,CWE-306,T1029,Slow Exfiltration,1,6,7,6,CC-BY-4.0
AVP-R-1572,train,mitre-engenuity,CVE-2022-38496,CWE-640,T1078,Noisy Decoy,3,9,10,9,CC-BY-4.0
AVP-R-1573,train,lanl,CVE-2022-43428,CWE-521,T1078.001,Role Confusion,1,9,10,9,CC-BY-4.0
AVP-R-1574,train,lanl,CVE-2021-34660,CWE-287,T1557.001,NTLM Relay,1,5,6,5,CC-BY-4.0
AVP-R-1575,train,mitre-engenuity,CVE-2023-53840,CWE-287,T1078.001,Role Confusion,2,9,10,9,CC-BY-4.0
AVP-R-1576,train,lanl,CVE-2022-51237,CWE-306,T1078,Noisy Decoy,1,6,7,6,CC-BY-4.0
AVP-R-1577,train,mitre-engenuity,CVE-2022-46716,CWE-640,T1557.001,NTLM Relay,1,10,11,10,CC-BY-4.0
AVP-R-1578,train,mitre-engenuity,CVE-2021-45346,CWE-640,T1078.001,Role Confusion,2,8,9,8,CC-BY-4.0
AVP-R-1579,train,mitre-engenuity,CVE-2021-32605,CWE-384,T1047;T1569.002,Tool Injection,3,4,5,4,CC-BY-4.0
AVP-R-1580,train,lmdg-synthetic,CVE-2021-37126,CWE-640,T1021.004;T1029,Slow Exfiltration,4,6,7,6,CC-BY-4.0
AVP-R-1581,train,lmdg-synthetic,CVE-2021-39181,CWE-307,T1018;T1078.001,Role Confusion,2,5,6,5,CC-BY-4.0
AVP-R-1582,train,lmdg-synthetic,CVE-2021-52744,CWE-798,T1078;T1087,Noisy Decoy,1,10,11,10,CC-BY-4.0
AVP-R-1583,train,lmdg-synthetic,CVE-2021-10411,CWE-307,T1049;T1078.001,Role Confusion,4,9,10,9,CC-BY-4.0
AVP-R-1584,train,mitre-engenuity,CVE-2022-10137,CWE-306,T1047;T1569.002,Tool Injection,3,5,6,5,CC-BY-4.0
AVP-R-1585,train,lanl,CVE-2021-61375,CWE-384,T1557.001,NTLM Relay,1,5,6,5,CC-BY-4.0
AVP-R-1586,train,lmdg-synthetic,CVE-2023-49730,CWE-287,T1018;T1029,Slow Exfiltration,1,6,7,6,CC-BY-4.0
AVP-R-1587,train,lmdg-synthetic,CVE-2022-15891,CWE-307,T1021.006;T1557.001,NTLM Relay,3,6,7,6,CC-BY-4.0
AVP-R-1588,train,mitre-engenuity,CVE-2021-62197,CWE-306,T1557.001,NTLM Relay,3,10,11,10,CC-BY-4.0
AVP-R-1589,train,lanl,CVE-2022-37674,CWE-798,T1047;T1569.002,Tool Injection,2,10,11,10,CC-BY-4.0
AVP-R-1590,train,lanl,CVE-2021-59731,CWE-307,T1557.001,NTLM Relay,3,10,11,10,CC-BY-4.0
AVP-R-1591,train,lmdg-synthetic,CVE-2022-12603,CWE-200,T1021.004;T1078,Noisy Decoy,1,5,6,5,CC-BY-4.0
AVP-R-1592,train,mitre-engenuity,CVE-2023-40688,CWE-521,T1078,Noisy Decoy,1,6,7,6,CC-BY-4.0
AVP-R-1593,train,lanl,CVE-2022-64389,CWE-620,T1047;T1569.002,Tool Injection,4,8,9,8,CC-BY-4.0
AVP-R-1594,train,lanl,CVE-2023-51785,CWE-384,T1047;T1569.002,Tool Injection,1,9,10,9,CC-BY-4.0
AVP-R-1595,train,lanl,CVE-2023-48086,CWE-640,T1078,Noisy Decoy,4,5,6,5,CC-BY-4.0
AVP-R-1596,train,lanl,CVE-2022-48360,CWE-287,T1029,Slow Exfiltration,2,7,8,7,CC-BY-4.0
AVP-R-1597,train,lanl,CVE-2022-58224,CWE-798,T1078,Noisy Decoy,2,8,9,8,CC-BY-4.0
AVP-R-1598,train,lmdg-synthetic,CVE-2023-39044,CWE-798,T1018;T1029,Slow Exfiltration,1,10,11,10,CC-BY-4.0
AVP-R-1599,train,lanl,CVE-2022-40962,CWE-613,T1078.001,Role Confusion,2,4,5,4,CC-BY-4.0
AVP-R-1600,train,lmdg-synthetic,CVE-2023-16439,CWE-620,T1021.004;T1047;T1569.002,Tool Injection,2,10,11,10,CC-BY-4.0
AVP-R-1601,train,mitre-engenuity,CVE-2021-35893,CWE-200,T1047;T1569.002,Tool Injection,2,9,10,9,CC-BY-4.0
AVP-R-1602,train,lanl,CVE-2021-51511,CWE-307,T1078,Noisy Decoy,1,5,6,5,CC-BY-4.0
AVP-R-1603,train,lanl,CVE-2023-43154,CWE-798,T1078.001,Role Confusion,4,9,10,9,CC-BY-4.0
AVP-R-1604,train,lanl,CVE-2021-54799,CWE-620,T1047;T1569.002,Tool Injection,2,9,10,9,CC-BY-4.0
AVP-R-1605,train,lanl,CVE-2023-53429,CWE-620,T1557.001,NTLM Relay,2,5,6,5,CC-BY-4.0
AVP-R-1606,train,lanl,CVE-2023-39455,CWE-384,T1078,Noisy Decoy,3,5,6,5,CC-BY-4.0
AVP-R-1607,train,lanl,CVE-2021-53566,CWE-640,T1047;T1569.002,Tool Injection,4,7,8,7,CC-BY-4.0
AVP-R-1608,train,lanl,CVE-2022-17535,CWE-384,T1078,Noisy Decoy,3,6,7,6,CC-BY-4.0
AVP-R-1609,train,lmdg-synthetic,CVE-2021-63430,CWE-287,T1059.003;T1078,Noisy Decoy,1,6,7,6,CC-BY-4.0
AVP-R-1610,train,lmdg-synthetic,CVE-2022-53703,CWE-200,T1018;T1078,Noisy Decoy,3,10,11,10,CC-BY-4.0
AVP-R-1611,train,mitre-engenuity,CVE-2023-42743,CWE-200,T1029,Slow Exfiltration,4,5,6,5,CC-BY-4.0
AVP-R-1612,train,mitre-engenuity,CVE-2022-54114,CWE-798,T1078,Noisy Decoy,3,9,10,9,CC-BY-4.0
AVP-R-1613,train,mitre-engenuity,CVE-2021-65896,CWE-640,T1078,Noisy Decoy,2,7,8,7,CC-BY-4.0
AVP-R-1614,train,lmdg-synthetic,CVE-2022-50415,CWE-384,T1018;T1029,Slow Exfiltration,3,6,7,6,CC-BY-4.0
AVP-R-1615,train,lanl,CVE-2023-12740,CWE-287,T1078.001,Role Confusion,1,10,11,10,CC-BY-4.0
AVP-R-1616,train,lanl,CVE-2021-17398,CWE-521,T1557.001,NTLM Relay,2,9,10,9,CC-BY-4.0
AVP-R-1617,train,lanl,CVE-2021-12055,CWE-384,T1029,Slow Exfiltration,2,5,6,5,CC-BY-4.0
AVP-R-1618,train,lanl,CVE-2022-42195,CWE-384,T1557.001,NTLM Relay,1,9,10,9,CC-BY-4.0
AVP-R-1619,train,lanl,CVE-2023-42743,CWE-200,T1078,Noisy Decoy,2,5,6,5,CC-BY-4.0
AVP-R-1620,train,lmdg-synthetic,CVE-2023-41099,CWE-620,T1059.001;T1078.001,Role Confusion,4,8,9,8,CC-BY-4.0
AVP-R-1621,train,lanl,CVE-2022-65622,CWE-613,T1029,Slow Exfiltration,1,7,8,7,CC-BY-4.0
AVP-R-1622,train,lmdg-synthetic,CVE-2022-59457,CWE-306,T1021.006;T1078.001,Role Confusion,3,9,10,9,CC-BY-4.0
AVP-R-1623,train,mitre-engenuity,CVE-2021-47812,CWE-613,T1078.001,Role Confusion,3,6,7,6,CC-BY-4.0
AVP-R-1624,train,lmdg-synthetic,CVE-2021-49045,CWE-384,T1021.004;T1078,Noisy Decoy,4,6,7,6,CC-BY-4.0
AVP-R-1625,train,lmdg-synthetic,CVE-2022-46716,CWE-640,T1047;T1087;T1569.002,Tool Injection,3,10,11,10,CC-BY-4.0
AVP-R-1626,train,lmdg-synthetic,CVE-2022-10548,CWE-521,T1059.003;T1078.001,Role Confusion,4,7,8,7,CC-BY-4.0
AVP-R-1627,train,lanl,CVE-2022-57813,CWE-200,T1557.001,NTLM Relay,1,6,7,6,CC-BY-4.0
AVP-R-1628,train,lanl,CVE-2021-54388,CWE-521,T1029,Slow Exfiltration,1,6,7,6,CC-BY-4.0
AVP-R-1629,train,lanl,CVE-2023-54662,CWE-613,T1557.001,NTLM Relay,1,9,10,9,CC-BY-4.0
AVP-R-1630,train,lanl,CVE-2021-37126,CWE-640,T1557.001,NTLM Relay,3,10,11,10,CC-BY-4.0
AVP-R-1631,train,lmdg-synthetic,CVE-2022-45483,CWE-200,T1021.004;T1078.001,Role Confusion,1,9,10,9,CC-BY-4.0
AVP-R-1632,train,lanl,CVE-2023-46031,CWE-307,T1029,Slow Exfiltration,3,6,7,6,CC-BY-4.0
AVP-R-1633,train,lanl,CVE-2022-59046,CWE-640,T1047;T1569.002,Tool Injection,1,9,10,9,CC-BY-4.0
AVP-R-1634,train,lmdg-synthetic,CVE-2022-44250,CWE-287,T1021.006;T1029,Slow Exfiltration,1,10,11,10,CC-BY-4.0
AVP-R-1635,train,lanl,CVE-2022-44661,CWE-307,T1078,Noisy Decoy,1,10,11,10,CC-BY-4.0
AVP-R-1636,train,lanl,CVE-2021-45757,CWE-306,T1078.001,Role Confusion,3,6,7,6,CC-BY-4.0
AVP-R-1637,train,lanl,CVE-2021-48634,CWE-798,T1047;T1569.002,Tool Injection,2,8,9,8,CC-BY-4.0
AVP-R-1638,train,lanl,CVE-2021-47401,CWE-307,T1029,Slow Exfiltration,1,5,6,5,CC-BY-4.0
AVP-R-1639,train,lmdg-synthetic,CVE-2022-51648,CWE-521,T1021.006;T1047;T1569.002,Tool Injection,2,5,6,5,CC-BY-4.0
AVP-R-1640,train,mitre-engenuity,CVE-2023-36578,CWE-521,T1078,Noisy Decoy,1,7,8,7,CC-BY-4.0
AVP-R-1641,train,lmdg-synthetic,CVE-2023-48497,CWE-306,T1021.004;T1047;T1569.002,Tool Injection,1,9,10,9,CC-BY-4.0
AVP-R-1642,train,lanl,CVE-2021-52744,CWE-798,T1029,Slow Exfiltration,4,6,7,6,CC-BY-4.0
AVP-R-1643,train,lanl,CVE-2022-64800,CWE-287,T1047;T1569.002,Tool Injection,3,5,6,5,CC-BY-4.0
AVP-R-1644,train,mitre-engenuity,CVE-2022-36852,CWE-613,T1029,Slow Exfiltration,1,6,7,6,CC-BY-4.0
AVP-R-1645,train,lanl,CVE-2022-50415,CWE-384,T1047;T1569.002,Tool Injection,1,7,8,7,CC-BY-4.0
AVP-R-1646,train,mitre-engenuity,CVE-2023-54662,CWE-613,T1557.001,NTLM Relay,1,7,8,7,CC-BY-4.0
AVP-R-1647,train,lanl,CVE-2023-44387,CWE-306,T1078.001,Role Confusion,1,10,11,10,CC-BY-4.0
AVP-R-1648,train,lanl,CVE-2023-50963,CWE-200,T1557.001,NTLM Relay,1,10,11,10,CC-BY-4.0
AVP-R-1649,train,mitre-engenuity,CVE-2021-47812,CWE-613,T1047;T1569.002,Tool Injection,1,8,9,8,CC-BY-4.0
AVP-R-1650,train,lanl,CVE-2023-40277,CWE-306,T1029,Slow Exfiltration,2,10,11,10,CC-BY-4.0
AVP-R-1651,train,lanl,CVE-2022-34797,CWE-306,T1078.001,Role Confusion,2,5,6,5,CC-BY-4.0
AVP-R-1652,train,lanl,CVE-2023-47264,CWE-798,T1047;T1569.002,Tool Injection,2,7,8,7,CC-BY-4.0
AVP-R-1653,train,mitre-engenuity,CVE-2023-55895,CWE-384,T1047;T1569.002,Tool Injection,2,5,6,5,CC-BY-4.0
AVP-R-1654,train,mitre-engenuity,CVE-2021-37948,CWE-521,T1078.001,Role Confusion,1,7,8,7,CC-BY-4.0
AVP-R-1655,train,lanl,CVE-2023-16439,CWE-620,T1078,Noisy Decoy,3,9,10,9,CC-BY-4.0
AVP-R-1656,train,lmdg-synthetic,CVE-2022-43839,CWE-620,T1021.001;T1078,Noisy Decoy,1,10,11,10,CC-BY-4.0
AVP-R-1657,train,lanl,CVE-2021-15754,CWE-798,T1078,Noisy Decoy,3,10,11,10,CC-BY-4.0
AVP-R-1658,train,mitre-engenuity,CVE-2021-51100,CWE-287,T1047;T1569.002,Tool Injection,1,8,9,8,CC-BY-4.0
AVP-R-1659,train,mitre-engenuity,CVE-2023-52196,CWE-640,T1557.001,NTLM Relay,1,7,8,7,CC-BY-4.0
AVP-R-1660,train,lanl,CVE-2023-40277,CWE-306,T1029,Slow Exfiltration,2,7,8,7,CC-BY-4.0
AVP-R-1661,train,mitre-engenuity,CVE-2021-61375,CWE-384,T1557.001,NTLM Relay,4,7,8,7,CC-BY-4.0
AVP-R-1662,train,mitre-engenuity,CVE-2022-33153,CWE-200,T1557.001,NTLM Relay,1,7,8,7,CC-BY-4.0
AVP-R-1663,train,mitre-engenuity,CVE-2022-37263,CWE-200,T1047;T1569.002,Tool Injection,1,9,10,9,CC-BY-4.0
AVP-R-1664,train,lanl,CVE-2021-40825,CWE-384,T1557.001,NTLM Relay,2,5,6,5,CC-BY-4.0
AVP-R-1665,train,lanl,CVE-2023-51374,CWE-798,T1029,Slow Exfiltration,3,9,10,9,CC-BY-4.0
AVP-R-1666,train,lanl,CVE-2021-17809,CWE-620,T1047;T1569.002,Tool Injection,2,7,8,7,CC-BY-4.0
AVP-R-1667,train,mitre-engenuity,CVE-2022-56169,CWE-620,T1557.001,NTLM Relay,3,5,6,5,CC-BY-4.0
AVP-R-1668,train,mitre-engenuity,CVE-2021-49456,CWE-640,T1557.001,NTLM Relay,3,7,8,7,CC-BY-4.0
AVP-R-1669,train,mitre-engenuity,CVE-2022-51237,CWE-306,T1078,Noisy Decoy,3,7,8,7,CC-BY-4.0
AVP-R-1670,train,lmdg-synthetic,CVE-2023-62882,CWE-613,T1059.003;T1078,Noisy Decoy,1,6,7,6,CC-BY-4.0
AVP-R-1671,train,mitre-engenuity,CVE-2023-40277,CWE-306,T1078.001,Role Confusion,4,6,7,6,CC-BY-4.0
AVP-R-1672,train,lanl,CVE-2021-60964,CWE-798,T1029,Slow Exfiltration,3,5,6,5,CC-BY-4.0
AVP-R-1673,train,mitre-engenuity,CVE-2023-64937,CWE-306,T1047;T1569.002,Tool Injection,4,8,9,8,CC-BY-4.0
AVP-R-1674,train,lanl,CVE-2023-11918,CWE-521,T1029,Slow Exfiltration,1,7,8,7,CC-BY-4.0
AVP-R-1675,train,mitre-engenuity,CVE-2023-53840,CWE-287,T1078,Noisy Decoy,4,6,7,6,CC-BY-4.0
AVP-R-1676,train,mitre-engenuity,CVE-2022-45894,CWE-798,T1047;T1569.002,Tool Injection,3,5,6,5,CC-BY-4.0
AVP-R-1677,train,lanl,CVE-2022-58635,CWE-384,T1078.001,Role Confusion,1,8,9,8,CC-BY-4.0
AVP-R-1678,train,lanl,CVE-2023-42743,CWE-200,T1557.001,NTLM Relay,1,8,9,8,CC-BY-4.0
AVP-R-1679,train,lanl,CVE-2021-17398,CWE-521,T1029,Slow Exfiltration,4,7,8,7,CC-BY-4.0
AVP-R-1680,train,lanl,CVE-2021-14110,CWE-287,T1078,Noisy Decoy,4,6,7,6,CC-BY-4.0
AVP-R-1681,train,lanl,CVE-2023-38222,CWE-613,T1078.001,Role Confusion,2,7,8,7,CC-BY-4.0
AVP-R-1682,train,lmdg-synthetic,CVE-2021-59731,CWE-307,T1059.001;T1078.001,Role Confusion,3,5,6,5,CC-BY-4.0
AVP-R-1683,train,lmdg-synthetic,CVE-2022-13425,CWE-384,T1059.003;T1078.001,Role Confusion,3,8,9,8,CC-BY-4.0
AVP-R-1684,train,mitre-engenuity,CVE-2021-61375,CWE-384,T1047;T1569.002,Tool Injection,2,7,8,7,CC-BY-4.0
AVP-R-1685,train,lanl,CVE-2023-45620,CWE-287,T1029,Slow Exfiltration,3,9,10,9,CC-BY-4.0
AVP-R-1686,train,lanl,CVE-2021-35893,CWE-200,T1047;T1569.002,Tool Injection,1,8,9,8,CC-BY-4.0
AVP-R-1687,train,lanl,CVE-2023-34112,CWE-613,T1047;T1569.002,Tool Injection,3,5,6,5,CC-BY-4.0
AVP-R-1688,train,lanl,CVE-2021-16165,CWE-384,T1047;T1569.002,Tool Injection,2,5,6,5,CC-BY-4.0
AVP-R-1689,train,lanl,CVE-2023-46031,CWE-307,T1029,Slow Exfiltration,4,9,10,9,CC-BY-4.0
AVP-R-1690,train,lanl,CVE-2022-49182,CWE-613,T1029,Slow Exfiltration,1,8,9,8,CC-BY-4.0
AVP-R-1691,train,lmdg-synthetic,CVE-2021-11233,CWE-200,T1049;T1078.001,Role Confusion,4,6,7,6,CC-BY-4.0
AVP-R-1692,train,lanl,CVE-2022-60690,CWE-287,T1029,Slow Exfiltration,1,5,6,5,CC-BY-4.0
AVP-R-1693,train,lanl,CVE-2022-59457,CWE-306,T1557.001,NTLM Relay,3,6,7,6,CC-BY-4.0
AVP-R-1694,train,lmdg-synthetic,CVE-2021-63841,CWE-307,T1029;T1059.003,Slow Exfiltration,2,5,6,5,CC-BY-4.0
AVP-R-1695,train,lmdg-synthetic,CVE-2021-41647,CWE-306,T1029;T1087,Slow Exfiltration,1,10,11,10,CC-BY-4.0
AVP-R-1696,train,lanl,CVE-2021-62197,CWE-306,T1029,Slow Exfiltration,2,8,9,8,CC-BY-4.0
AVP-R-1697,train,lanl,CVE-2021-59320,CWE-287,T1557.001,NTLM Relay,1,5,6,5,CC-BY-4.0
AVP-R-1698,train,lanl,CVE-2021-11644,CWE-798,T1029,Slow Exfiltration,1,9,10,9,CC-BY-4.0
AVP-R-1699,train,lmdg-synthetic,CVE-2023-52607,CWE-306,T1021.006;T1078.001,Role Confusion,1,5,6,5,CC-BY-4.0
AVP-R-1700,train,mitre-engenuity,CVE-2021-59731,CWE-307,T1047;T1569.002,Tool Injection,1,8,9,8,CC-BY-4.0
AVP-R-1701,train,mitre-engenuity,CVE-2023-43565,CWE-384,T1029,Slow Exfiltration,2,6,7,6,CC-BY-4.0
AVP-R-1702,train,lmdg-synthetic,CVE-2023-45209,CWE-620,T1021.004;T1078.001,Role Confusion,2,7,8,7,CC-BY-4.0
AVP-R-1703,train,lmdg-synthetic,CVE-2021-56854,CWE-798,T1047;T1059.001;T1569.002,Tool Injection,3,7,8,7,CC-BY-4.0
AVP-R-1704,train,lmdg-synthetic,CVE-2022-40962,CWE-613,T1047;T1087;T1569.002,Tool Injection,3,8,9,8,CC-BY-4.0
AVP-R-1705,train,lanl,CVE-2022-33564,CWE-798,T1078.001,Role Confusion,1,7,8,7,CC-BY-4.0
AVP-R-1706,train,mitre-engenuity,CVE-2023-57128,CWE-521,T1557.001,NTLM Relay,3,10,11,10,CC-BY-4.0
AVP-R-1707,train,mitre-engenuity,CVE-2022-32742,CWE-613,T1557.001,NTLM Relay,1,4,5,4,CC-BY-4.0
AVP-R-1708,train,mitre-engenuity,CVE-2023-57950,CWE-287,T1078.001,Role Confusion,3,5,6,5,CC-BY-4.0
AVP-R-1709,train,lanl,CVE-2022-46305,CWE-384,T1078.001,Role Confusion,4,9,10,9,CC-BY-4.0
AVP-R-1710,train,mitre-engenuity,CVE-2022-41373,CWE-200,T1078,Noisy Decoy,1,8,9,8,CC-BY-4.0
AVP-R-1711,train,lanl,CVE-2021-40003,CWE-200,T1029,Slow Exfiltration,1,9,10,9,CC-BY-4.0
AVP-R-1712,train,lmdg-synthetic,CVE-2021-45346,CWE-640,T1021.004;T1029,Slow Exfiltration,2,10,11,10,CC-BY-4.0
AVP-R-1713,train,mitre-engenuity,CVE-2023-62882,CWE-613,T1557.001,NTLM Relay,2,5,6,5,CC-BY-4.0
AVP-R-1714,train,lanl,CVE-2021-33427,CWE-306,T1029,Slow Exfiltration,1,5,6,5,CC-BY-4.0
AVP-R-1715,train,mitre-engenuity,CVE-2023-42332,CWE-613,T1078,Noisy Decoy,1,6,7,6,CC-BY-4.0
AVP-R-1716,train,mitre-engenuity,CVE-2021-60142,CWE-613,T1078.001,Role Confusion,1,8,9,8,CC-BY-4.0
AVP-R-1717,train,lanl,CVE-2022-40551,CWE-307,T1029,Slow Exfiltration,3,6,7,6,CC-BY-4.0
AVP-R-1718,train,lanl,CVE-2022-38496,CWE-640,T1078.001,Role Confusion,1,6,7,6,CC-BY-4.0
AVP-R-1719,train,lanl,CVE-2021-42058,CWE-521,T1047;T1569.002,Tool Injection,2,8,9,8,CC-BY-4.0
AVP-R-1720,train,lanl,CVE-2021-56032,CWE-613,T1029,Slow Exfiltration,3,7,8,7,CC-BY-4.0
AVP-R-1721,train,lanl,CVE-2023-56717,CWE-306,T1047;T1569.002,Tool Injection,4,9,10,9,CC-BY-4.0
AVP-R-1722,train,mitre-engenuity,CVE-2021-57265,CWE-384,T1078,Noisy Decoy,1,6,7,6,CC-BY-4.0
AVP-R-1723,train,mitre-engenuity,CVE-2021-57676,CWE-640,T1047;T1569.002,Tool Injection,2,10,11,10,CC-BY-4.0
AVP-R-1724,train,lanl,CVE-2023-40688,CWE-521,T1029,Slow Exfiltration,1,9,10,9,CC-BY-4.0
AVP-R-1725,train,mitre-engenuity,CVE-2022-61923,CWE-200,T1078.001,Role Confusion,1,10,11,10,CC-BY-4.0
AVP-R-1726,train,lmdg-synthetic,CVE-2023-37400,CWE-287,T1021.001;T1047;T1569.002,Tool Injection,3,9,10,9,CC-BY-4.0
AVP-R-1727,train,lanl,CVE-2022-17124,CWE-798,T1029,Slow Exfiltration,1,9,10,9,CC-BY-4.0
AVP-R-1728,train,lanl,CVE-2021-40825,CWE-384,T1078,Noisy Decoy,1,7,8,7,CC-BY-4.0
AVP-R-1729,train,lmdg-synthetic,CVE-2021-43702,CWE-613,T1047;T1049;T1569.002,Tool Injection,4,7,8,7,CC-BY-4.0
AVP-R-1730,train,lanl,CVE-2021-47401,CWE-307,T1557.001,NTLM Relay,2,6,7,6,CC-BY-4.0
AVP-R-1731,train,mitre-engenuity,CVE-2022-36852,CWE-613,T1078,Noisy Decoy,4,8,9,8,CC-BY-4.0
AVP-R-1732,train,mitre-engenuity,CVE-2022-13425,CWE-384,T1047;T1569.002,Tool Injection,2,6,7,6,CC-BY-4.0
AVP-R-1733,train,mitre-engenuity,CVE-2021-56443,CWE-200,T1047;T1569.002,Tool Injection,1,9,10,9,CC-BY-4.0
AVP-R-1734,train,mitre-engenuity,CVE-2023-66170,CWE-287,T1078.001,Role Confusion,2,9,10,9,CC-BY-4.0
AVP-R-1735,train,lanl,CVE-2023-13973,CWE-200,T1557.001,NTLM Relay,2,7,8,7,CC-BY-4.0
AVP-R-1736,train,lanl,CVE-2022-63978,CWE-521,T1557.001,NTLM Relay,2,10,11,10,CC-BY-4.0
AVP-R-1737,train,lmdg-synthetic,CVE-2021-43291,CWE-307,T1087;T1557.001,NTLM Relay,1,10,11,10,CC-BY-4.0
AVP-R-1738,train,lanl,CVE-2022-10137,CWE-306,T1078,Noisy Decoy,2,7,8,7,CC-BY-4.0
AVP-R-1739,train,lanl,CVE-2023-47264,CWE-798,T1078.001,Role Confusion,2,6,7,6,CC-BY-4.0
AVP-R-1740,train,lanl,CVE-2023-37400,CWE-287,T1029,Slow Exfiltration,3,5,6,5,CC-BY-4.0
AVP-R-1741,train,lmdg-synthetic,CVE-2021-57265,CWE-384,T1078;T1087,Noisy Decoy,3,6,7,6,CC-BY-4.0
AVP-R-1742,train,lmdg-synthetic,CVE-2021-64663,CWE-200,T1021.004;T1078.001,Role Confusion,3,5,6,5,CC-BY-4.0
AVP-R-1743,train,mitre-engenuity,CVE-2022-16302,CWE-613,T1078.001,Role Confusion,2,6,7,6,CC-BY-4.0
AVP-R-1744,train,lanl,CVE-2021-46990,CWE-287,T1557.001,NTLM Relay,2,7,8,7,CC-BY-4.0
AVP-R-1745,train,mitre-engenuity,CVE-2021-62197,CWE-306,T1029,Slow Exfiltration,2,6,7,6,CC-BY-4.0
AVP-R-1746,train,lmdg-synthetic,CVE-2021-47401,CWE-307,T1047;T1049;T1569.002,Tool Injection,3,6,7,6,CC-BY-4.0
AVP-R-1747,train,mitre-engenuity,CVE-2022-41373,CWE-200,T1078,Noisy Decoy,1,6,7,6,CC-BY-4.0
AVP-R-1748,train,mitre-engenuity,CVE-2021-46990,CWE-287,T1557.001,NTLM Relay,1,6,7,6,CC-BY-4.0
AVP-R-1749,train,lanl,CVE-2021-39592,CWE-613,T1557.001,NTLM Relay,1,5,6,5,CC-BY-4.0
AVP-R-1750,train,lanl,CVE-2021-42469,CWE-620,T1078,Noisy Decoy,4,7,8,7,CC-BY-4.0
AVP-R-1751,train,lanl,CVE-2023-50141,CWE-307,T1078,Noisy Decoy,1,9,10,9,CC-BY-4.0
AVP-R-1752,train,lanl,CVE-2022-35208,CWE-521,T1557.001,NTLM Relay,2,10,11,10,CC-BY-4.0
AVP-R-1753,train,lmdg-synthetic,CVE-2022-62334,CWE-798,T1047;T1059.001;T1569.002,Tool Injection,2,9,10,9,CC-BY-4.0
AVP-R-1754,train,mitre-engenuity,CVE-2021-53977,CWE-306,T1078.001,Role Confusion,3,8,9,8,CC-BY-4.0
AVP-R-1755,train,lanl,CVE-2023-61238,CWE-521,T1029,Slow Exfiltration,1,9,10,9,CC-BY-4.0
AVP-R-1756,train,lanl,CVE-2021-58087,CWE-306,T1078,Noisy Decoy,2,6,7,6,CC-BY-4.0
AVP-R-1757,train,lanl,CVE-2021-65896,CWE-640,T1078,Noisy Decoy,4,7,8,7,CC-BY-4.0
AVP-R-1758,train,mitre-engenuity,CVE-2021-14521,CWE-307,T1047;T1569.002,Tool Injection,2,5,6,5,CC-BY-4.0
AVP-R-1759,train,lanl,CVE-2022-17946,CWE-640,T1557.001,NTLM Relay,3,9,10,9,CC-BY-4.0
AVP-R-1760,train,lanl,CVE-2022-12603,CWE-200,T1557.001,NTLM Relay,3,6,7,6,CC-BY-4.0
AVP-R-1761,train,mitre-engenuity,CVE-2023-56717,CWE-306,T1078,Noisy Decoy,1,8,9,8,CC-BY-4.0
AVP-R-1762,train,lanl,CVE-2022-42606,CWE-640,T1078.001,Role Confusion,3,8,9,8,CC-BY-4.0
AVP-R-1763,train,lmdg-synthetic,CVE-2022-39318,CWE-521,T1047;T1059.003;T1569.002,Tool Injection,3,9,10,9,CC-BY-4.0
AVP-R-1764,train,lmdg-synthetic,CVE-2022-57813,CWE-200,T1021.006;T1078.001,Role Confusion,1,9,10,9,CC-BY-4.0
AVP-R-1765,train,mitre-engenuity,CVE-2023-41510,CWE-287,T1047;T1569.002,Tool Injection,1,10,11,10,CC-BY-4.0
AVP-R-1766,train,lmdg-synthetic,CVE-2023-38222,CWE-613,T1018;T1029,Slow Exfiltration,2,5,6,5,CC-BY-4.0
AVP-R-1767,train,lmdg-synthetic,CVE-2023-41099,CWE-620,T1059.001;T1557.001,NTLM Relay,3,5,6,5,CC-BY-4.0
AVP-R-1768,train,mitre-engenuity,CVE-2023-41099,CWE-620,T1557.001,NTLM Relay,1,5,6,5,CC-BY-4.0
AVP-R-1769,train,lanl,CVE-2022-62745,CWE-384,T1078.001,Role Confusion,4,8,9,8,CC-BY-4.0
AVP-R-1770,train,lanl,CVE-2023-44798,CWE-521,T1029,Slow Exfiltration,1,7,8,7,CC-BY-4.0
AVP-R-1771,train,mitre-engenuity,CVE-2022-46305,CWE-384,T1047;T1569.002,Tool Injection,1,9,10,9,CC-BY-4.0
AVP-R-1772,train,lanl,CVE-2023-51374,CWE-798,T1047;T1569.002,Tool Injection,3,8,9,8,CC-BY-4.0
AVP-R-1773,train,mitre-engenuity,CVE-2021-47812,CWE-613,T1557.001,NTLM Relay,3,8,9,8,CC-BY-4.0
AVP-R-1774,train,lanl,CVE-2022-46716,CWE-640,T1078,Noisy Decoy,3,7,8,7,CC-BY-4.0
AVP-R-1775,train,lanl,CVE-2022-43839,CWE-620,T1078,Noisy Decoy,4,7,8,7,CC-BY-4.0
AVP-R-1776,train,lmdg-synthetic,CVE-2023-52607,CWE-306,T1021.006;T1557.001,NTLM Relay,2,8,9,8,CC-BY-4.0
AVP-R-1777,train,lmdg-synthetic,CVE-2023-34112,CWE-613,T1021.004;T1557.001,NTLM Relay,1,8,9,8,CC-BY-4.0
AVP-R-1778,train,mitre-engenuity,CVE-2022-60690,CWE-287,T1029,Slow Exfiltration,2,7,8,7,CC-BY-4.0
AVP-R-1779,train,mitre-engenuity,CVE-2021-40414,CWE-798,T1078,Noisy Decoy,3,5,6,5,CC-BY-4.0
AVP-R-1780,train,lanl,CVE-2021-56854,CWE-798,T1078.001,Role Confusion,3,9,10,9,CC-BY-4.0
AVP-R-1781,train,lmdg-synthetic,CVE-2023-65759,CWE-620,T1049;T1557.001,NTLM Relay,4,9,10,9,CC-BY-4.0
AVP-R-1782,train,lanl,CVE-2023-11096,CWE-640,T1078,Noisy Decoy,2,7,8,7,CC-BY-4.0
AVP-R-1783,train,lmdg-synthetic,CVE-2023-16028,CWE-521,T1078.001;T1087,Role Confusion,1,10,11,10,CC-BY-4.0
AVP-R-1784,train,mitre-engenuity,CVE-2022-33975,CWE-384,T1029,Slow Exfiltration,1,8,9,8,CC-BY-4.0
AVP-R-1785,train,lanl,CVE-2023-53429,CWE-620,T1047;T1569.002,Tool Injection,1,9,10,9,CC-BY-4.0
AVP-R-1786,train,lanl,CVE-2022-44250,CWE-287,T1078.001,Role Confusion,1,6,7,6,CC-BY-4.0
AVP-R-1787,train,lanl,CVE-2023-39044,CWE-798,T1078,Noisy Decoy,2,8,9,8,CC-BY-4.0
AVP-R-1788,train,mitre-engenuity,CVE-2023-57950,CWE-287,T1047;T1569.002,Tool Injection,1,10,11,10,CC-BY-4.0
AVP-R-1789,train,lanl,CVE-2023-33290,CWE-287,T1078,Noisy Decoy,1,6,7,6,CC-BY-4.0
AVP-R-1790,train,lanl,CVE-2023-39866,CWE-640,T1047;T1569.002,Tool Injection,2,5,6,5,CC-BY-4.0
AVP-R-1791,train,lanl,CVE-2021-56443,CWE-200,T1029,Slow Exfiltration,1,9,10,9,CC-BY-4.0
AVP-R-1792,train,mitre-engenuity,CVE-2022-41784,CWE-798,T1078,Noisy Decoy,2,6,7,6,CC-BY-4.0
AVP-R-1793,train,mitre-engenuity,CVE-2021-57676,CWE-640,T1029,Slow Exfiltration,2,10,11,10,CC-BY-4.0
AVP-R-1794,train,lanl,CVE-2021-42469,CWE-620,T1029,Slow Exfiltration,4,8,9,8,CC-BY-4.0
AVP-R-1795,train,mitre-engenuity,CVE-2022-66855,CWE-384,T1557.001,NTLM Relay,1,5,6,5,CC-BY-4.0
AVP-R-1796,train,lmdg-synthetic,CVE-2022-17535,CWE-384,T1021.001;T1078.001,Role Confusion,3,5,6,5,CC-BY-4.0
AVP-R-1797,train,lanl,CVE-2023-60005,CWE-384,T1078.001,Role Confusion,2,9,10,9,CC-BY-4.0
AVP-R-1798,train,lanl,CVE-2022-60279,CWE-620,T1078.001,Role Confusion,1,9,10,9,CC-BY-4.0
AVP-R-1799,train,lmdg-synthetic,CVE-2022-13014,CWE-798,T1021.001;T1078.001,Role Confusion,1,7,8,7,CC-BY-4.0
AVP-R-1800,train,lmdg-synthetic,CVE-2022-66444,CWE-798,T1047;T1049;T1569.002,Tool Injection,2,8,9,8,CC-BY-4.0
AVP-R-1801,train,mitre-engenuity,CVE-2022-33564,CWE-798,T1557.001,NTLM Relay,1,10,11,10,CC-BY-4.0
AVP-R-1802,train,mitre-engenuity,CVE-2022-39318,CWE-521,T1047;T1569.002,Tool Injection,2,6,7,6,CC-BY-4.0
AVP-R-1803,train,mitre-engenuity,CVE-2021-63430,CWE-287,T1078,Noisy Decoy,1,7,8,7,CC-BY-4.0
AVP-R-1804,train,mitre-engenuity,CVE-2021-13288,CWE-521,T1557.001,NTLM Relay,3,8,9,8,CC-BY-4.0
AVP-R-1805,train,lmdg-synthetic,CVE-2022-60279,CWE-620,T1059.003;T1557.001,NTLM Relay,2,5,6,5,CC-BY-4.0
AVP-R-1806,train,lanl,CVE-2022-50415,CWE-384,T1047;T1569.002,Tool Injection,3,8,9,8,CC-BY-4.0
AVP-R-1807,train,lmdg-synthetic,CVE-2023-57950,CWE-287,T1018;T1047;T1569.002,Tool Injection,3,10,11,10,CC-BY-4.0
AVP-R-1808,train,lanl,CVE-2021-52333,CWE-200,T1078,Noisy Decoy,4,10,11,10,CC-BY-4.0
AVP-R-1809,train,mitre-engenuity,CVE-2021-51511,CWE-307,T1078,Noisy Decoy,3,6,7,6,CC-BY-4.0
AVP-R-1810,train,lanl,CVE-2021-38359,CWE-620,T1029,Slow Exfiltration,3,8,9,8,CC-BY-4.0
AVP-R-1811,train,lanl,CVE-2022-55347,CWE-306,T1029,Slow Exfiltration,2,10,11,10,CC-BY-4.0
AVP-R-1812,train,mitre-engenuity,CVE-2023-65348,CWE-521,T1029,Slow Exfiltration,3,7,8,7,CC-BY-4.0
AVP-R-1813,train,mitre-engenuity,CVE-2023-35345,CWE-384,T1557.001,NTLM Relay,1,7,8,7,CC-BY-4.0
AVP-R-1814,train,mitre-engenuity,CVE-2021-11233,CWE-200,T1047;T1569.002,Tool Injection,1,6,7,6,CC-BY-4.0
AVP-R-1815,train,mitre-engenuity,CVE-2021-39592,CWE-613,T1078,Noisy Decoy,2,9,10,9,CC-BY-4.0
AVP-R-1816,train,mitre-engenuity,CVE-2023-57539,CWE-620,T1078,Noisy Decoy,1,6,7,6,CC-BY-4.0
AVP-R-1817,train,lmdg-synthetic,CVE-2023-62882,CWE-613,T1047;T1059.003;T1569.002,Tool Injection,2,10,11,10,CC-BY-4.0
AVP-R-1818,train,lanl,CVE-2023-16850,CWE-287,T1078.001,Role Confusion,3,9,10,9,CC-BY-4.0
AVP-R-1819,train,lanl,CVE-2021-46579,CWE-620,T1029,Slow Exfiltration,1,10,11,10,CC-BY-4.0
AVP-R-1820,train,lanl,CVE-2021-33016,CWE-640,T1047;T1569.002,Tool Injection,1,9,10,9,CC-BY-4.0
AVP-R-1821,train,lmdg-synthetic,CVE-2022-17535,CWE-384,T1018;T1047;T1569.002,Tool Injection,2,5,6,5,CC-BY-4.0
AVP-R-1822,train,lmdg-synthetic,CVE-2021-37948,CWE-521,T1049;T1557.001,NTLM Relay,4,6,7,6,CC-BY-4.0
AVP-R-1823,train,mitre-engenuity,CVE-2021-10000,CWE-287,T1078,Noisy Decoy,1,9,10,9,CC-BY-4.0
AVP-R-1824,train,lanl,CVE-2023-64526,CWE-640,T1047;T1569.002,Tool Injection,2,7,8,7,CC-BY-4.0
AVP-R-1825,train,lanl,CVE-2021-49045,CWE-384,T1029,Slow Exfiltration,1,5,6,5,CC-BY-4.0
AVP-R-1826,train,lanl,CVE-2021-16987,CWE-306,T1557.001,NTLM Relay,1,8,9,8,CC-BY-4.0
AVP-R-1827,train,lanl,CVE-2023-46853,CWE-200,T1078.001,Role Confusion,2,6,7,6,CC-BY-4.0
AVP-R-1828,train,lmdg-synthetic,CVE-2022-44661,CWE-307,T1018;T1078,Noisy Decoy,1,9,10,9,CC-BY-4.0
AVP-R-1829,train,lmdg-synthetic,CVE-2022-38085,CWE-384,T1087;T1557.001,NTLM Relay,1,5,6,5,CC-BY-4.0
AVP-R-1830,train,mitre-engenuity,CVE-2023-58361,CWE-307,T1557.001,NTLM Relay,2,8,9,8,CC-BY-4.0
AVP-R-1831,train,mitre-engenuity,CVE-2023-35345,CWE-384,T1078,Noisy Decoy,2,10,11,10,CC-BY-4.0
AVP-R-1832,train,lanl,CVE-2023-53018,CWE-521,T1078,Noisy Decoy,4,6,7,6,CC-BY-4.0
AVP-R-1833,train,lanl,CVE-2022-11370,CWE-287,T1557.001,NTLM Relay,3,9,10,9,CC-BY-4.0
AVP-R-1834,train,lmdg-synthetic,CVE-2021-45757,CWE-306,T1021.004;T1078,Noisy Decoy,2,6,7,6,CC-BY-4.0
AVP-R-1835,train,lanl,CVE-2022-33153,CWE-200,T1557.001,NTLM Relay,3,9,10,9,CC-BY-4.0
AVP-R-1836,train,lmdg-synthetic,CVE-2023-10274,CWE-798,T1018;T1078.001,Role Confusion,4,8,9,8,CC-BY-4.0
AVP-R-1837,train,mitre-engenuity,CVE-2022-56169,CWE-620,T1047;T1569.002,Tool Injection,3,5,6,5,CC-BY-4.0
AVP-R-1838,train,mitre-engenuity,CVE-2023-39455,CWE-384,T1047;T1569.002,Tool Injection,1,9,10,9,CC-BY-4.0
AVP-R-1839,train,mitre-engenuity,CVE-2022-13836,CWE-640,T1047;T1569.002,Tool Injection,1,10,11,10,CC-BY-4.0
AVP-R-1840,train,mitre-engenuity,CVE-2023-13562,CWE-613,T1078.001,Role Confusion,1,8,9,8,CC-BY-4.0
AVP-R-1841,train,lanl,CVE-2022-34797,CWE-306,T1557.001,NTLM Relay,2,5,6,5,CC-BY-4.0
AVP-R-1842,train,mitre-engenuity,CVE-2023-38222,CWE-613,T1047;T1569.002,Tool Injection,1,7,8,7,CC-BY-4.0
AVP-R-1843,train,lanl,CVE-2022-50826,CWE-640,T1047;T1569.002,Tool Injection,3,8,9,8,CC-BY-4.0
AVP-R-1844,train,lmdg-synthetic,CVE-2023-36167,CWE-306,T1021.006;T1047;T1569.002,Tool Injection,3,9,10,9,CC-BY-4.0
AVP-R-1845,train,lmdg-synthetic,CVE-2021-42880,CWE-287,T1047;T1049;T1569.002,Tool Injection,1,9,10,9,CC-BY-4.0
AVP-R-1846,train,lmdg-synthetic,CVE-2023-11507,CWE-306,T1029;T1049,Slow Exfiltration,1,9,10,9,CC-BY-4.0
AVP-R-1847,train,mitre-engenuity,CVE-2023-60827,CWE-306,T1078,Noisy Decoy,2,8,9,8,CC-BY-4.0
AVP-R-1848,train,lanl,CVE-2022-15480,CWE-287,T1557.001,NTLM Relay,1,5,6,5,CC-BY-4.0
AVP-R-1849,train,lanl,CVE-2023-58361,CWE-307,T1078.001,Role Confusion,1,8,9,8,CC-BY-4.0
AVP-R-1850,train,mitre-engenuity,CVE-2021-53566,CWE-640,T1078,Noisy Decoy,2,4,5,4,CC-BY-4.0
AVP-R-1851,train,lmdg-synthetic,CVE-2023-15206,CWE-640,T1029;T1059.003,Slow Exfiltration,1,5,6,5,CC-BY-4.0
AVP-R-1852,train,lanl,CVE-2021-33838,CWE-521,T1078,Noisy Decoy,1,7,8,7,CC-BY-4.0
AVP-R-1853,train,lanl,CVE-2023-66581,CWE-307,T1047;T1569.002,Tool Injection,2,7,8,7,CC-BY-4.0
AVP-R-1854,train,lanl,CVE-2021-46168,CWE-521,T1078,Noisy Decoy,3,7,8,7,CC-BY-4.0
AVP-R-1855,train,lmdg-synthetic,CVE-2021-54799,CWE-620,T1018;T1047;T1569.002,Tool Injection,3,6,7,6,CC-BY-4.0
AVP-R-1856,train,mitre-engenuity,CVE-2022-38907,CWE-306,T1557.001,NTLM Relay,3,6,7,6,CC-BY-4.0
AVP-R-1857,train,lanl,CVE-2022-55758,CWE-521,T1078.001,Role Confusion,4,7,8,7,CC-BY-4.0
AVP-R-1858,train,lanl,CVE-2021-34249,CWE-620,T1029,Slow Exfiltration,4,5,6,5,CC-BY-4.0
AVP-R-1859,train,mitre-engenuity,CVE-2021-60142,CWE-613,T1078.001,Role Confusion,3,7,8,7,CC-BY-4.0
AVP-R-1860,train,mitre-engenuity,CVE-2022-39318,CWE-521,T1047;T1569.002,Tool Injection,1,10,11,10,CC-BY-4.0
AVP-R-1861,train,lmdg-synthetic,CVE-2021-37948,CWE-521,T1029;T1059.001,Slow Exfiltration,3,4,5,4,CC-BY-4.0
AVP-R-1862,train,mitre-engenuity,CVE-2022-53703,CWE-200,T1078,Noisy Decoy,2,6,7,6,CC-BY-4.0
AVP-R-1863,train,lmdg-synthetic,CVE-2023-49730,CWE-287,T1059.001;T1557.001,NTLM Relay,1,8,9,8,CC-BY-4.0
AVP-R-1864,train,mitre-engenuity,CVE-2023-55073,CWE-200,T1029,Slow Exfiltration,4,10,11,10,CC-BY-4.0
AVP-R-1865,train,lmdg-synthetic,CVE-2021-14932,CWE-613,T1029;T1059.001,Slow Exfiltration,2,9,10,9,CC-BY-4.0
AVP-R-1866,train,mitre-engenuity,CVE-2021-54799,CWE-620,T1078,Noisy Decoy,1,6,7,6,CC-BY-4.0
AVP-R-1867,train,lmdg-synthetic,CVE-2022-13836,CWE-640,T1018;T1047;T1569.002,Tool Injection,3,5,6,5,CC-BY-4.0
AVP-R-1868,train,lmdg-synthetic,CVE-2023-60416,CWE-640,T1029;T1087,Slow Exfiltration,2,9,10,9,CC-BY-4.0
AVP-R-1869,train,lmdg-synthetic,CVE-2023-62471,CWE-307,T1021.006;T1078.001,Role Confusion,1,5,6,5,CC-BY-4.0
AVP-R-1870,train,mitre-engenuity,CVE-2023-42743,CWE-200,T1557.001,NTLM Relay,3,10,11,10,CC-BY-4.0
AVP-R-1871,train,lmdg-synthetic,CVE-2022-56991,CWE-307,T1049;T1557.001,NTLM Relay,3,7,8,7,CC-BY-4.0
AVP-R-1872,train,mitre-engenuity,CVE-2021-16576,CWE-640,T1078,Noisy Decoy,4,7,8,7,CC-BY-4.0
AVP-R-1873,train,mitre-engenuity,CVE-2021-12877,CWE-306,T1078.001,Role Confusion,1,6,7,6,CC-BY-4.0
AVP-R-1874,train,lanl,CVE-2022-15069,CWE-620,T1557.001,NTLM Relay,1,5,6,5,CC-BY-4.0
AVP-R-1875,train,lanl,CVE-2021-17809,CWE-620,T1029,Slow Exfiltration,3,7,8,7,CC-BY-4.0
AVP-R-1876,train,lanl,CVE-2021-35071,CWE-307,T1047;T1569.002,Tool Injection,2,6,7,6,CC-BY-4.0
AVP-R-1877,train,lanl,CVE-2023-39455,CWE-384,T1078,Noisy Decoy,1,9,10,9,CC-BY-4.0
AVP-R-1878,train,lanl,CVE-2021-34660,CWE-287,T1557.001,NTLM Relay,1,9,10,9,CC-BY-4.0
AVP-R-1879,train,lanl,CVE-2023-33290,CWE-287,T1029,Slow Exfiltration,4,10,11,10,CC-BY-4.0
AVP-R-1880,train,lanl,CVE-2023-32879,CWE-620,T1029,Slow Exfiltration,3,9,10,9,CC-BY-4.0
AVP-R-1881,train,lanl,CVE-2023-41921,CWE-307,T1557.001,NTLM Relay,1,8,9,8,CC-BY-4.0
AVP-R-1882,train,mitre-engenuity,CVE-2022-47949,CWE-620,T1078.001,Role Confusion,2,10,11,10,CC-BY-4.0
AVP-R-1883,train,lanl,CVE-2023-17261,CWE-307,T1078.001,Role Confusion,1,5,6,5,CC-BY-4.0
AVP-R-1884,train,lanl,CVE-2021-10822,CWE-613,T1078.001,Role Confusion,3,8,9,8,CC-BY-4.0
AVP-R-1885,train,lmdg-synthetic,CVE-2021-14521,CWE-307,T1029;T1059.001,Slow Exfiltration,1,9,10,9,CC-BY-4.0
AVP-R-1886,train,lanl,CVE-2021-65485,CWE-384,T1029,Slow Exfiltration,1,9,10,9,CC-BY-4.0
AVP-R-1887,train,lmdg-synthetic,CVE-2022-43839,CWE-620,T1078.001;T1087,Role Confusion,2,7,8,7,CC-BY-4.0
AVP-R-1888,train,lanl,CVE-2021-56854,CWE-798,T1047;T1569.002,Tool Injection,1,8,9,8,CC-BY-4.0
AVP-R-1889,train,lanl,CVE-2023-34523,CWE-200,T1047;T1569.002,Tool Injection,3,10,11,10,CC-BY-4.0
AVP-R-1890,train,mitre-engenuity,CVE-2021-15343,CWE-200,T1557.001,NTLM Relay,1,5,6,5,CC-BY-4.0
AVP-R-1891,train,lanl,CVE-2023-64937,CWE-306,T1078,Noisy Decoy,2,6,7,6,CC-BY-4.0
AVP-R-1892,train,mitre-engenuity,CVE-2023-49730,CWE-287,T1557.001,NTLM Relay,4,7,8,7,CC-BY-4.0
AVP-R-1893,train,lanl,CVE-2021-55210,CWE-287,T1078.001,Role Confusion,3,6,7,6,CC-BY-4.0
AVP-R-1894,train,lanl,CVE-2023-11918,CWE-521,T1557.001,NTLM Relay,3,9,10,9,CC-BY-4.0
AVP-R-1895,train,lanl,CVE-2023-44798,CWE-521,T1557.001,NTLM Relay,2,5,6,5,CC-BY-4.0
AVP-R-1896,train,mitre-engenuity,CVE-2021-36304,CWE-798,T1557.001,NTLM Relay,2,6,7,6,CC-BY-4.0
AVP-R-1897,train,mitre-engenuity,CVE-2021-35071,CWE-307,T1557.001,NTLM Relay,1,9,10,9,CC-BY-4.0
AVP-R-1898,train,lmdg-synthetic,CVE-2023-48086,CWE-640,T1021.001;T1029,Slow Exfiltration,1,6,7,6,CC-BY-4.0
AVP-R-1899,train,mitre-engenuity,CVE-2022-49593,CWE-200,T1029,Slow Exfiltration,1,5,6,5,CC-BY-4.0
AVP-R-1900,train,mitre-engenuity,CVE-2022-38496,CWE-640,T1078.001,Role Confusion,2,10,11,10,CC-BY-4.0
AVP-R-1901,train,lanl,CVE-2023-11507,CWE-306,T1078,Noisy Decoy,1,7,8,7,CC-BY-4.0
AVP-R-1902,train,lmdg-synthetic,CVE-2022-66855,CWE-384,T1078.001;T1087,Role Confusion,1,8,9,8,CC-BY-4.0
AVP-R-1903,train,mitre-engenuity,CVE-2021-33427,CWE-306,T1047;T1569.002,Tool Injection,3,5,6,5,CC-BY-4.0
AVP-R-1904,train,mitre-engenuity,CVE-2021-63019,CWE-620,T1047;T1569.002,Tool Injection,3,5,6,5,CC-BY-4.0
AVP-R-1905,train,mitre-engenuity,CVE-2023-51374,CWE-798,T1078.001,Role Confusion,3,8,9,8,CC-BY-4.0
AVP-R-1906,train,lanl,CVE-2023-37811,CWE-307,T1557.001,NTLM Relay,3,10,11,10,CC-BY-4.0
AVP-R-1907,train,mitre-engenuity,CVE-2022-36030,CWE-287,T1047;T1569.002,Tool Injection,1,7,8,7,CC-BY-4.0
AVP-R-1908,train,lanl,CVE-2022-55347,CWE-306,T1557.001,NTLM Relay,2,10,11,10,CC-BY-4.0
AVP-R-1909,train,lmdg-synthetic,CVE-2021-46990,CWE-287,T1059.003;T1557.001,NTLM Relay,1,6,7,6,CC-BY-4.0
AVP-R-1910,train,lmdg-synthetic,CVE-2021-10000,CWE-287,T1021.006;T1078.001,Role Confusion,2,6,7,6,CC-BY-4.0
AVP-R-1911,train,lanl,CVE-2021-56032,CWE-613,T1047;T1569.002,Tool Injection,1,8,9,8,CC-BY-4.0
AVP-R-1912,train,lmdg-synthetic,CVE-2022-45894,CWE-798,T1021.004;T1029,Slow Exfiltration,4,6,7,6,CC-BY-4.0
AVP-R-1913,train,mitre-engenuity,CVE-2022-46716,CWE-640,T1078,Noisy Decoy,2,7,8,7,CC-BY-4.0
AVP-R-1914,train,mitre-engenuity,CVE-2022-56169,CWE-620,T1047;T1569.002,Tool Injection,3,5,6,5,CC-BY-4.0
AVP-R-1915,train,lmdg-synthetic,CVE-2021-62608,CWE-521,T1021.006;T1078,Noisy Decoy,3,8,9,8,CC-BY-4.0
AVP-R-1916,train,lmdg-synthetic,CVE-2023-12329,CWE-620,T1059.001;T1557.001,NTLM Relay,2,8,9,8,CC-BY-4.0
AVP-R-1917,train,mitre-engenuity,CVE-2021-37537,CWE-306,T1029,Slow Exfiltration,1,6,7,6,CC-BY-4.0
AVP-R-1918,train,lmdg-synthetic,CVE-2022-66033,CWE-200,T1021.004;T1078,Noisy Decoy,3,8,9,8,CC-BY-4.0
AVP-R-1919,train,lanl,CVE-2022-63156,CWE-640,T1557.001,NTLM Relay,2,10,11,10,CC-BY-4.0
AVP-R-1920,train,lanl,CVE-2021-63430,CWE-287,T1078.001,Role Confusion,3,10,11,10,CC-BY-4.0
AVP-R-1921,train,lanl,CVE-2023-46442,CWE-613,T1029,Slow Exfiltration,2,7,8,7,CC-BY-4.0
AVP-R-1922,train,lanl,CVE-2021-40003,CWE-200,T1047;T1569.002,Tool Injection,2,7,8,7,CC-BY-4.0
AVP-R-1923,train,lmdg-synthetic,CVE-2022-41784,CWE-798,T1021.001;T1047;T1569.002,Tool Injection,1,5,6,5,CC-BY-4.0
AVP-R-1924,train,lanl,CVE-2023-41921,CWE-307,T1047;T1569.002,Tool Injection,3,7,8,7,CC-BY-4.0
AVP-R-1925,train,lanl,CVE-2023-59594,CWE-798,T1078,Noisy Decoy,4,9,10,9,CC-BY-4.0
AVP-R-1926,train,mitre-engenuity,CVE-2021-60142,CWE-613,T1047;T1569.002,Tool Injection,2,6,7,6,CC-BY-4.0
AVP-R-1927,train,lanl,CVE-2023-45620,CWE-287,T1078,Noisy Decoy,2,7,8,7,CC-BY-4.0
AVP-R-1928,train,lanl,CVE-2021-44935,CWE-384,T1078.001,Role Confusion,3,5,6,5,CC-BY-4.0
AVP-R-1929,train,lanl,CVE-2023-59183,CWE-200,T1557.001,NTLM Relay,1,6,7,6,CC-BY-4.0
AVP-R-1930,train,mitre-engenuity,CVE-2021-55210,CWE-287,T1078,Noisy Decoy,1,8,9,8,CC-BY-4.0
AVP-R-1931,train,lanl,CVE-2021-58909,CWE-620,T1557.001,NTLM Relay,2,7,8,7,CC-BY-4.0
AVP-R-1932,train,mitre-engenuity,CVE-2022-61101,CWE-307,T1557.001,NTLM Relay,3,9,10,9,CC-BY-4.0
AVP-R-1933,train,lanl,CVE-2023-33290,CWE-287,T1029,Slow Exfiltration,3,6,7,6,CC-BY-4.0
AVP-R-1934,train,mitre-engenuity,CVE-2023-42332,CWE-613,T1557.001,NTLM Relay,1,10,11,10,CC-BY-4.0
AVP-R-1935,train,mitre-engenuity,CVE-2023-35345,CWE-384,T1557.001,NTLM Relay,2,8,9,8,CC-BY-4.0
AVP-R-1936,train,lmdg-synthetic,CVE-2022-54936,CWE-640,T1049;T1557.001,NTLM Relay,1,10,11,10,CC-BY-4.0
AVP-R-1937,train,mitre-engenuity,CVE-2021-66307,CWE-306,T1557.001,NTLM Relay,2,9,10,9,CC-BY-4.0
AVP-R-1938,train,mitre-engenuity,CVE-2022-55347,CWE-306,T1047;T1569.002,Tool Injection,1,5,6,5,CC-BY-4.0
AVP-R-1939,train,mitre-engenuity,CVE-2021-15343,CWE-200,T1078,Noisy Decoy,2,10,11,10,CC-BY-4.0
AVP-R-1940,train,mitre-engenuity,CVE-2023-37400,CWE-287,T1029,Slow Exfiltration,3,5,6,5,CC-BY-4.0
AVP-R-1941,train,mitre-engenuity,CVE-2022-47538,CWE-521,T1029,Slow Exfiltration,4,10,11,10,CC-BY-4.0
AVP-R-1942,train,mitre-engenuity,CVE-2023-38222,CWE-613,T1078.001,Role Confusion,3,6,7,6,CC-BY-4.0
AVP-R-1943,train,lanl,CVE-2023-15617,CWE-306,T1078,Noisy Decoy,3,10,11,10,CC-BY-4.0
AVP-R-1944,train,lanl,CVE-2023-52607,CWE-306,T1047;T1569.002,Tool Injection,4,10,11,10,CC-BY-4.0
AVP-R-1945,train,mitre-engenuity,CVE-2023-17672,CWE-613,T1047;T1569.002,Tool Injection,3,6,7,6,CC-BY-4.0
AVP-R-1946,train,lanl,CVE-2021-13699,CWE-620,T1029,Slow Exfiltration,4,7,8,7,CC-BY-4.0
AVP-R-1947,train,lanl,CVE-2023-32879,CWE-620,T1029,Slow Exfiltration,3,5,6,5,CC-BY-4.0
AVP-R-1948,train,lanl,CVE-2022-52881,CWE-307,T1029,Slow Exfiltration,3,7,8,7,CC-BY-4.0
AVP-R-1949,train,mitre-engenuity,CVE-2022-33153,CWE-200,T1029,Slow Exfiltration,1,8,9,8,CC-BY-4.0
AVP-R-1950,train,lanl,CVE-2022-66444,CWE-798,T1078,Noisy Decoy,1,10,11,10,CC-BY-4.0
AVP-R-1951,train,mitre-engenuity,CVE-2022-35619,CWE-620,T1047;T1569.002,Tool Injection,1,10,11,10,CC-BY-4.0
AVP-R-1952,train,lmdg-synthetic,CVE-2023-12329,CWE-620,T1018;T1047;T1569.002,Tool Injection,2,6,7,6,CC-BY-4.0
AVP-R-1953,train,mitre-engenuity,CVE-2023-50141,CWE-307,T1078,Noisy Decoy,3,8,9,8,CC-BY-4.0
AVP-R-1954,train,lmdg-synthetic,CVE-2021-11233,CWE-200,T1047;T1059.003;T1569.002,Tool Injection,4,10,11,10,CC-BY-4.0
AVP-R-1955,train,lanl,CVE-2021-37126,CWE-640,T1078.001,Role Confusion,1,7,8,7,CC-BY-4.0
AVP-R-1956,train,lanl,CVE-2022-10137,CWE-306,T1078.001,Role Confusion,1,8,9,8,CC-BY-4.0
AVP-R-1957,train,lanl,CVE-2023-57128,CWE-521,T1078.001,Role Confusion,3,9,10,9,CC-BY-4.0
AVP-R-1958,train,lanl,CVE-2023-63704,CWE-798,T1557.001,NTLM Relay,4,7,8,7,CC-BY-4.0
AVP-R-1959,train,mitre-engenuity,CVE-2023-42332,CWE-613,T1047;T1569.002,Tool Injection,1,8,9,8,CC-BY-4.0
AVP-R-1960,train,lanl,CVE-2022-63156,CWE-640,T1078.001,Role Confusion,1,7,8,7,CC-BY-4.0
AVP-R-1961,train,lmdg-synthetic,CVE-2023-41510,CWE-287,T1059.001;T1078,Noisy Decoy,2,10,11,10,CC-BY-4.0
AVP-R-1962,train,lanl,CVE-2021-52744,CWE-798,T1078.001,Role Confusion,3,5,6,5,CC-BY-4.0
AVP-R-1963,train,lanl,CVE-2022-10548,CWE-521,T1078,Noisy Decoy,1,6,7,6,CC-BY-4.0
AVP-R-1964,train,lanl,CVE-2021-13699,CWE-620,T1078,Noisy Decoy,2,4,5,4,CC-BY-4.0
AVP-R-1965,train,lmdg-synthetic,CVE-2021-64252,CWE-613,T1021.004;T1078,Noisy Decoy,2,9,10,9,CC-BY-4.0
AVP-R-1966,train,lmdg-synthetic,CVE-2021-44524,CWE-798,T1078.001;T1087,Role Confusion,2,10,11,10,CC-BY-4.0
AVP-R-1967,train,lanl,CVE-2022-46305,CWE-384,T1557.001,NTLM Relay,1,8,9,8,CC-BY-4.0
AVP-R-1968,train,lanl,CVE-2023-52196,CWE-640,T1047;T1569.002,Tool Injection,3,9,10,9,CC-BY-4.0
AVP-R-1969,train,lanl,CVE-2023-56717,CWE-306,T1557.001,NTLM Relay,3,8,9,8,CC-BY-4.0
AVP-R-1970,train,mitre-engenuity,CVE-2021-55210,CWE-287,T1078.001,Role Confusion,1,6,7,6,CC-BY-4.0
AVP-R-1971,train,lanl,CVE-2022-16302,CWE-613,T1078.001,Role Confusion,2,7,8,7,CC-BY-4.0
AVP-R-1972,train,lanl,CVE-2022-40962,CWE-613,T1078,Noisy Decoy,2,10,11,10,CC-BY-4.0
AVP-R-1973,train,mitre-engenuity,CVE-2023-59594,CWE-798,T1047;T1569.002,Tool Injection,2,9,10,9,CC-BY-4.0
AVP-R-1974,train,lanl,CVE-2023-13562,CWE-613,T1078.001,Role Confusion,1,9,10,9,CC-BY-4.0
AVP-R-1975,train,lanl,CVE-2023-59183,CWE-200,T1557.001,NTLM Relay,2,9,10,9,CC-BY-4.0
AVP-R-1976,train,lmdg-synthetic,CVE-2022-13014,CWE-798,T1029;T1059.003,Slow Exfiltration,1,8,9,8,CC-BY-4.0
AVP-R-1977,train,mitre-engenuity,CVE-2022-33564,CWE-798,T1029,Slow Exfiltration,4,9,10,9,CC-BY-4.0
AVP-R-1978,train,lanl,CVE-2022-65211,CWE-307,T1047;T1569.002,Tool Injection,3,6,7,6,CC-BY-4.0
AVP-R-1979,train,lmdg-synthetic,CVE-2023-32468,CWE-521,T1021.001;T1557.001,NTLM Relay,1,6,7,6,CC-BY-4.0
AVP-R-1980,train,lanl,CVE-2021-66718,CWE-521,T1029,Slow Exfiltration,1,9,10,9,CC-BY-4.0
AVP-R-1981,validation,lmdg-synthetic,CVE-2022-23700,CWE-287,T1021.001;T1029,Slow Exfiltration,3,7,8,7,CC-BY-4.0
AVP-R-1982,validation,lanl,CVE-2023-29591,CWE-307,T1557.001,NTLM Relay,1,8,9,8,CC-BY-4.0
AVP-R-1983,validation,mitre-engenuity,CVE-2022-29043,CWE-200,T1047;T1569.002,Tool Injection,4,5,6,5,CC-BY-4.0
AVP-R-1984,validation,lmdg-synthetic,CVE-2023-13151,CWE-307,T1018;T1029,Slow Exfiltration,2,9,10,9,CC-BY-4.0
AVP-R-1985,validation,lanl,CVE-2022-28221,CWE-307,T1029,Slow Exfiltration,2,6,7,6,CC-BY-4.0
AVP-R-1986,validation,mitre-engenuity,CVE-2021-12877,CWE-306,T1029,Slow Exfiltration,1,10,11,10,CC-BY-4.0
AVP-R-1987,validation,mitre-engenuity,CVE-2022-31920,CWE-287,T1047;T1569.002,Tool Injection,1,5,6,5,CC-BY-4.0
AVP-R-1988,validation,lmdg-synthetic,CVE-2023-27125,CWE-384,T1021.004;T1029,Slow Exfiltration,1,9,10,9,CC-BY-4.0
AVP-R-1989,validation,lanl,CVE-2023-29180,CWE-287,T1047;T1569.002,Tool Injection,1,9,10,9,CC-BY-4.0
AVP-R-1990,validation,mitre-engenuity,CVE-2021-30961,CWE-307,T1078.001,Role Confusion,2,10,11,10,CC-BY-4.0
AVP-R-1991,validation,lmdg-synthetic,CVE-2021-10411,CWE-307,T1047;T1059.003;T1569.002,Tool Injection,1,8,9,8,CC-BY-4.0
AVP-R-1992,validation,mitre-engenuity,CVE-2022-26166,CWE-640,T1047;T1569.002,Tool Injection,1,7,8,7,CC-BY-4.0
AVP-R-1993,validation,mitre-engenuity,CVE-2021-30961,CWE-307,T1078,Noisy Decoy,1,6,7,6,CC-BY-4.0
AVP-R-1994,validation,lanl,CVE-2023-27947,CWE-306,T1078,Noisy Decoy,2,6,7,6,CC-BY-4.0
AVP-R-1995,validation,mitre-engenuity,CVE-2023-11096,CWE-640,T1557.001,NTLM Relay,3,8,9,8,CC-BY-4.0
AVP-R-1996,validation,mitre-engenuity,CVE-2022-23700,CWE-287,T1047;T1569.002,Tool Injection,2,6,7,6,CC-BY-4.0
AVP-R-1997,validation,lanl,CVE-2021-29317,CWE-306,T1078.001,Role Confusion,2,6,7,6,CC-BY-4.0
AVP-R-1998,validation,mitre-engenuity,CVE-2021-30139,CWE-620,T1047;T1569.002,Tool Injection,2,6,7,6,CC-BY-4.0
AVP-R-1999,validation,lanl,CVE-2023-30413,CWE-200,T1557.001,NTLM Relay,4,7,8,7,CC-BY-4.0
AVP-R-2000,validation,mitre-engenuity,CVE-2021-25618,CWE-521,T1029,Slow Exfiltration,3,10,11,10,CC-BY-4.0
AVP-R-2001,validation,lanl,CVE-2023-10274,CWE-798,T1078.001,Role Confusion,2,7,8,7,CC-BY-4.0
AVP-R-2002,validation,mitre-engenuity,CVE-2021-26029,CWE-620,T1557.001,NTLM Relay,2,5,6,5,CC-BY-4.0
AVP-R-2003,validation,lanl,CVE-2021-10822,CWE-613,T1029,Slow Exfiltration,3,6,7,6,CC-BY-4.0
AVP-R-2004,validation,lmdg-synthetic,CVE-2021-12877,CWE-306,T1047;T1049;T1569.002,Tool Injection,3,5,6,5,CC-BY-4.0
AVP-R-2005,validation,mitre-engenuity,CVE-2022-10959,CWE-620,T1557.001,NTLM Relay,3,10,11,10,CC-BY-4.0
AVP-R-2006,validation,lanl,CVE-2023-31235,CWE-384,T1557.001,NTLM Relay,1,8,9,8,CC-BY-4.0
AVP-R-2007,validation,lmdg-synthetic,CVE-2021-23974,CWE-798,T1087;T1557.001,NTLM Relay,2,8,9,8,CC-BY-4.0
AVP-R-2008,validation,lanl,CVE-2022-32331,CWE-307,T1557.001,NTLM Relay,2,8,9,8,CC-BY-4.0
AVP-R-2009,validation,mitre-engenuity,CVE-2021-11233,CWE-200,T1557.001,NTLM Relay,1,5,6,5,CC-BY-4.0
AVP-R-2010,validation,lanl,CVE-2021-10000,CWE-287,T1078.001,Role Confusion,2,7,8,7,CC-BY-4.0
AVP-R-2011,validation,lanl,CVE-2022-23700,CWE-287,T1557.001,NTLM Relay,4,7,8,7,CC-BY-4.0
AVP-R-2012,validation,mitre-engenuity,CVE-2021-10411,CWE-307,T1029,Slow Exfiltration,2,10,11,10,CC-BY-4.0
AVP-R-2013,validation,mitre-engenuity,CVE-2023-31235,CWE-384,T1078.001,Role Confusion,4,5,6,5,CC-BY-4.0
AVP-R-2014,validation,mitre-engenuity,CVE-2022-32331,CWE-307,T1078.001,Role Confusion,4,5,6,5,CC-BY-4.0
AVP-R-2015,validation,lmdg-synthetic,CVE-2023-13151,CWE-307,T1087;T1557.001,NTLM Relay,3,6,7,6,CC-BY-4.0
AVP-R-2016,validation,mitre-engenuity,CVE-2021-12055,CWE-384,T1557.001,NTLM Relay,2,5,6,5,CC-BY-4.0
AVP-R-2017,validation,mitre-engenuity,CVE-2022-11370,CWE-287,T1078.001,Role Confusion,3,10,11,10,CC-BY-4.0
AVP-R-2018,validation,lanl,CVE-2021-28495,CWE-384,T1029,Slow Exfiltration,3,7,8,7,CC-BY-4.0
AVP-R-2019,validation,mitre-engenuity,CVE-2023-32057,CWE-306,T1557.001,NTLM Relay,2,7,8,7,CC-BY-4.0
AVP-R-2020,validation,lanl,CVE-2021-26029,CWE-620,T1078.001,Role Confusion,2,10,11,10,CC-BY-4.0
AVP-R-2021,validation,lanl,CVE-2022-26988,CWE-521,T1078,Noisy Decoy,1,6,7,6,CC-BY-4.0
AVP-R-2022,validation,lmdg-synthetic,CVE-2021-30139,CWE-620,T1021.004;T1557.001,NTLM Relay,3,5,6,5,CC-BY-4.0
AVP-R-2023,validation,lanl,CVE-2021-30139,CWE-620,T1557.001,NTLM Relay,1,10,11,10,CC-BY-4.0
AVP-R-2024,validation,lanl,CVE-2021-26851,CWE-307,T1029,Slow Exfiltration,3,6,7,6,CC-BY-4.0
AVP-R-2025,validation,lanl,CVE-2022-29454,CWE-798,T1047;T1569.002,Tool Injection,2,9,10,9,CC-BY-4.0
AVP-R-2026,validation,mitre-engenuity,CVE-2023-29591,CWE-307,T1078,Noisy Decoy,4,8,9,8,CC-BY-4.0
AVP-R-2027,validation,lmdg-synthetic,CVE-2021-25207,CWE-306,T1021.004;T1078,Noisy Decoy,4,9,10,9,CC-BY-4.0
AVP-R-2028,validation,mitre-engenuity,CVE-2021-28084,CWE-798,T1557.001,NTLM Relay,4,9,10,9,CC-BY-4.0
AVP-R-2029,validation,lmdg-synthetic,CVE-2021-29317,CWE-306,T1021.006;T1078.001,Role Confusion,1,10,11,10,CC-BY-4.0
AVP-R-2030,validation,lanl,CVE-2022-28221,CWE-307,T1078.001,Role Confusion,2,6,7,6,CC-BY-4.0
AVP-R-2031,validation,mitre-engenuity,CVE-2023-24659,CWE-620,T1078.001,Role Confusion,1,8,9,8,CC-BY-4.0
AVP-R-2032,validation,lmdg-synthetic,CVE-2023-28358,CWE-521,T1018;T1557.001,NTLM Relay,2,7,8,7,CC-BY-4.0
AVP-R-2033,validation,lanl,CVE-2021-24796,CWE-640,T1047;T1569.002,Tool Injection,2,8,9,8,CC-BY-4.0
AVP-R-2034,validation,mitre-engenuity,CVE-2023-27536,CWE-640,T1029,Slow Exfiltration,3,5,6,5,CC-BY-4.0
AVP-R-2035,validation,mitre-engenuity,CVE-2023-10274,CWE-798,T1078,Noisy Decoy,2,8,9,8,CC-BY-4.0
AVP-R-2036,validation,lanl,CVE-2021-30550,CWE-287,T1029,Slow Exfiltration,2,5,6,5,CC-BY-4.0
AVP-R-2037,validation,lanl,CVE-2021-29728,CWE-521,T1557.001,NTLM Relay,4,4,5,4,CC-BY-4.0
AVP-R-2038,validation,mitre-engenuity,CVE-2022-31920,CWE-287,T1047;T1569.002,Tool Injection,3,9,10,9,CC-BY-4.0
AVP-R-2039,validation,mitre-engenuity,CVE-2023-10685,CWE-384,T1557.001,NTLM Relay,1,5,6,5,CC-BY-4.0
AVP-R-2040,validation,mitre-engenuity,CVE-2023-11918,CWE-521,T1557.001,NTLM Relay,3,9,10,9,CC-BY-4.0
AVP-R-2041,validation,lanl,CVE-2021-12877,CWE-306,T1078.001,Role Confusion,2,5,6,5,CC-BY-4.0
AVP-R-2042,validation,lmdg-synthetic,CVE-2022-31920,CWE-287,T1021.001;T1557.001,NTLM Relay,3,9,10,9,CC-BY-4.0
AVP-R-2043,validation,lanl,CVE-2023-27125,CWE-384,T1029,Slow Exfiltration,2,9,10,9,CC-BY-4.0
AVP-R-2044,validation,lanl,CVE-2023-26714,CWE-798,T1029,Slow Exfiltration,2,10,11,10,CC-BY-4.0
AVP-R-2045,validation,mitre-engenuity,CVE-2023-10274,CWE-798,T1078.001,Role Confusion,1,9,10,9,CC-BY-4.0
AVP-R-2046,validation,lanl,CVE-2023-27125,CWE-384,T1078,Noisy Decoy,4,5,6,5,CC-BY-4.0
AVP-R-2047,validation,mitre-engenuity,CVE-2022-12603,CWE-200,T1078,Noisy Decoy,2,10,11,10,CC-BY-4.0
AVP-R-2048,validation,lanl,CVE-2022-26166,CWE-640,T1047;T1569.002,Tool Injection,3,7,8,7,CC-BY-4.0
AVP-R-2049,validation,lanl,CVE-2021-24385,CWE-384,T1047;T1569.002,Tool Injection,3,5,6,5,CC-BY-4.0
AVP-R-2050,validation,lanl,CVE-2023-11507,CWE-306,T1078.001,Role Confusion,2,8,9,8,CC-BY-4.0
AVP-R-2051,validation,lmdg-synthetic,CVE-2023-30002,CWE-613,T1047;T1049;T1569.002,Tool Injection,1,6,7,6,CC-BY-4.0
AVP-R-2052,validation,lanl,CVE-2022-32331,CWE-307,T1078.001,Role Confusion,4,7,8,7,CC-BY-4.0
AVP-R-2053,validation,mitre-engenuity,CVE-2021-31372,CWE-613,T1078.001,Role Confusion,2,7,8,7,CC-BY-4.0
AVP-R-2054,validation,lmdg-synthetic,CVE-2021-27262,CWE-613,T1021.001;T1078,Noisy Decoy,3,6,7,6,CC-BY-4.0
AVP-R-2055,validation,lmdg-synthetic,CVE-2021-10411,CWE-307,T1029;T1049,Slow Exfiltration,2,8,9,8,CC-BY-4.0
AVP-R-2056,validation,lanl,CVE-2023-11507,CWE-306,T1047;T1569.002,Tool Injection,2,9,10,9,CC-BY-4.0
AVP-R-2057,validation,lanl,CVE-2021-10000,CWE-287,T1047;T1569.002,Tool Injection,4,9,10,9,CC-BY-4.0
AVP-R-2058,validation,lanl,CVE-2022-32331,CWE-307,T1078,Noisy Decoy,4,7,8,7,CC-BY-4.0
AVP-R-2059,validation,mitre-engenuity,CVE-2023-23837,CWE-306,T1078.001,Role Confusion,2,10,11,10,CC-BY-4.0
AVP-R-2060,validation,mitre-engenuity,CVE-2023-28358,CWE-521,T1078,Noisy Decoy,1,9,10,9,CC-BY-4.0
AVP-R-2061,validation,lanl,CVE-2022-28632,CWE-613,T1047;T1569.002,Tool Injection,3,4,5,4,CC-BY-4.0
AVP-R-2062,validation,mitre-engenuity,CVE-2021-10411,CWE-307,T1078,Noisy Decoy,1,10,11,10,CC-BY-4.0
AVP-R-2063,validation,lmdg-synthetic,CVE-2023-26714,CWE-798,T1021.001;T1078.001,Role Confusion,4,7,8,7,CC-BY-4.0
AVP-R-2064,validation,lmdg-synthetic,CVE-2023-13151,CWE-307,T1029;T1087,Slow Exfiltration,1,6,7,6,CC-BY-4.0
AVP-R-2065,validation,lmdg-synthetic,CVE-2022-31098,CWE-521,T1021.004;T1078.001,Role Confusion,3,7,8,7,CC-BY-4.0
AVP-R-2066,validation,lmdg-synthetic,CVE-2021-29317,CWE-306,T1021.004;T1047;T1569.002,Tool Injection,2,7,8,7,CC-BY-4.0
AVP-R-2067,validation,mitre-engenuity,CVE-2023-26303,CWE-200,T1047;T1569.002,Tool Injection,1,6,7,6,CC-BY-4.0
AVP-R-2068,validation,lanl,CVE-2021-11233,CWE-200,T1557.001,NTLM Relay,4,9,10,9,CC-BY-4.0
AVP-R-2069,validation,lmdg-synthetic,CVE-2023-24248,CWE-521,T1021.001;T1078.001,Role Confusion,2,4,5,4,CC-BY-4.0
AVP-R-2070,validation,lmdg-synthetic,CVE-2023-10274,CWE-798,T1059.003;T1078.001,Role Confusion,1,6,7,6,CC-BY-4.0
AVP-R-2071,validation,lmdg-synthetic,CVE-2022-12192,CWE-613,T1059.001;T1078.001,Role Confusion,1,9,10,9,CC-BY-4.0
AVP-R-2072,validation,lanl,CVE-2022-26166,CWE-640,T1078,Noisy Decoy,1,10,11,10,CC-BY-4.0
AVP-R-2073,validation,lanl,CVE-2021-28084,CWE-798,T1078,Noisy Decoy,1,7,8,7,CC-BY-4.0
AVP-R-2074,validation,lanl,CVE-2023-30002,CWE-613,T1078,Noisy Decoy,4,5,6,5,CC-BY-4.0
AVP-R-2075,validation,lmdg-synthetic,CVE-2023-29591,CWE-307,T1029;T1059.003,Slow Exfiltration,3,9,10,9,CC-BY-4.0
AVP-R-2076,validation,lmdg-synthetic,CVE-2021-25618,CWE-521,T1018;T1557.001,NTLM Relay,4,9,10,9,CC-BY-4.0
AVP-R-2077,validation,lmdg-synthetic,CVE-2023-29591,CWE-307,T1021.001;T1047;T1569.002,Tool Injection,4,9,10,9,CC-BY-4.0
AVP-R-2078,validation,mitre-engenuity,CVE-2021-30961,CWE-307,T1078.001,Role Confusion,4,5,6,5,CC-BY-4.0
AVP-R-2079,validation,lanl,CVE-2022-28632,CWE-613,T1078,Noisy Decoy,1,5,6,5,CC-BY-4.0
AVP-R-2080,validation,mitre-engenuity,CVE-2023-11918,CWE-521,T1078.001,Role Confusion,3,9,10,9,CC-BY-4.0
AVP-R-2081,validation,lanl,CVE-2022-28221,CWE-307,T1078.001,Role Confusion,1,5,6,5,CC-BY-4.0
AVP-R-2082,validation,lmdg-synthetic,CVE-2022-27399,CWE-620,T1087;T1557.001,NTLM Relay,4,9,10,9,CC-BY-4.0
AVP-R-2083,validation,lanl,CVE-2022-31098,CWE-521,T1047;T1569.002,Tool Injection,1,6,7,6,CC-BY-4.0
AVP-R-2084,validation,lanl,CVE-2023-25892,CWE-613,T1047;T1569.002,Tool Injection,1,9,10,9,CC-BY-4.0
AVP-R-2085,validation,lmdg-synthetic,CVE-2023-12740,CWE-287,T1029;T1059.001,Slow Exfiltration,1,8,9,8,CC-BY-4.0
AVP-R-2086,validation,lanl,CVE-2022-24933,CWE-200,T1078,Noisy Decoy,1,9,10,9,CC-BY-4.0
AVP-R-2087,validation,lanl,CVE-2021-10000,CWE-287,T1029,Slow Exfiltration,2,7,8,7,CC-BY-4.0
AVP-R-2088,validation,lmdg-synthetic,CVE-2021-10822,CWE-613,T1078.001;T1087,Role Confusion,2,5,6,5,CC-BY-4.0
AVP-R-2089,validation,mitre-engenuity,CVE-2023-24248,CWE-521,T1078,Noisy Decoy,1,5,6,5,CC-BY-4.0
AVP-R-2090,validation,lanl,CVE-2023-31646,CWE-640,T1029,Slow Exfiltration,3,5,6,5,CC-BY-4.0
AVP-R-2091,validation,lmdg-synthetic,CVE-2023-11096,CWE-640,T1049;T1078,Noisy Decoy,4,5,6,5,CC-BY-4.0
AVP-R-2092,validation,lanl,CVE-2022-28632,CWE-613,T1029,Slow Exfiltration,1,8,9,8,CC-BY-4.0
AVP-R-2093,validation,lmdg-synthetic,CVE-2022-10959,CWE-620,T1049;T1078.001,Role Confusion,2,6,7,6,CC-BY-4.0
AVP-R-2094,validation,lanl,CVE-2023-25892,CWE-613,T1078.001,Role Confusion,1,5,6,5,CC-BY-4.0
AVP-R-2095,validation,lanl,CVE-2023-11096,CWE-640,T1078.001,Role Confusion,1,5,6,5,CC-BY-4.0
AVP-R-2096,validation,lmdg-synthetic,CVE-2023-28769,CWE-620,T1047;T1059.001;T1569.002,Tool Injection,3,10,11,10,CC-BY-4.0
AVP-R-2097,validation,lanl,CVE-2023-30413,CWE-200,T1029,Slow Exfiltration,1,10,11,10,CC-BY-4.0
AVP-R-2098,validation,lmdg-synthetic,CVE-2021-26851,CWE-307,T1018;T1078,Noisy Decoy,3,9,10,9,CC-BY-4.0
AVP-R-2099,validation,lanl,CVE-2021-29317,CWE-306,T1557.001,NTLM Relay,1,5,6,5,CC-BY-4.0
AVP-R-2100,validation,mitre-engenuity,CVE-2021-26440,CWE-287,T1029,Slow Exfiltration,1,7,8,7,CC-BY-4.0
AVP-R-2101,validation,mitre-engenuity,CVE-2021-28906,CWE-640,T1557.001,NTLM Relay,2,6,7,6,CC-BY-4.0
AVP-R-2102,validation,mitre-engenuity,CVE-2023-25892,CWE-613,T1557.001,NTLM Relay,2,9,10,9,CC-BY-4.0
AVP-R-2103,validation,mitre-engenuity,CVE-2021-27673,CWE-200,T1078,Noisy Decoy,2,8,9,8,CC-BY-4.0
AVP-R-2104,validation,mitre-engenuity,CVE-2021-28084,CWE-798,T1078.001,Role Confusion,2,8,9,8,CC-BY-4.0
AVP-R-2105,validation,mitre-engenuity,CVE-2021-26440,CWE-287,T1557.001,NTLM Relay,3,8,9,8,CC-BY-4.0
AVP-R-2106,validation,lmdg-synthetic,CVE-2023-25481,CWE-307,T1078.001;T1087,Role Confusion,1,9,10,9,CC-BY-4.0
AVP-R-2107,validation,lmdg-synthetic,CVE-2022-29865,CWE-384,T1059.003;T1078,Noisy Decoy,2,10,11,10,CC-BY-4.0
AVP-R-2108,validation,lanl,CVE-2021-30550,CWE-287,T1078.001,Role Confusion,1,7,8,7,CC-BY-4.0
AVP-R-2109,validation,lanl,CVE-2021-26029,CWE-620,T1078.001,Role Confusion,2,8,9,8,CC-BY-4.0
AVP-R-2110,validation,lanl,CVE-2023-27125,CWE-384,T1078.001,Role Confusion,2,8,9,8,CC-BY-4.0
AVP-R-2111,validation,lmdg-synthetic,CVE-2021-27262,CWE-613,T1047;T1059.001;T1569.002,Tool Injection,4,6,7,6,CC-BY-4.0
AVP-R-2112,validation,mitre-engenuity,CVE-2022-13014,CWE-798,T1047;T1569.002,Tool Injection,2,9,10,9,CC-BY-4.0
AVP-R-2113,validation,mitre-engenuity,CVE-2021-30961,CWE-307,T1078.001,Role Confusion,2,4,5,4,CC-BY-4.0
AVP-R-2114,validation,lanl,CVE-2023-26303,CWE-200,T1047;T1569.002,Tool Injection,4,5,6,5,CC-BY-4.0
AVP-R-2115,validation,lmdg-synthetic,CVE-2022-24111,CWE-307,T1021.004;T1078,Noisy Decoy,3,9,10,9,CC-BY-4.0
AVP-R-2116,validation,lmdg-synthetic,CVE-2023-24248,CWE-521,T1021.006;T1557.001,NTLM Relay,1,7,8,7,CC-BY-4.0
AVP-R-2117,validation,lmdg-synthetic,CVE-2021-12466,CWE-640,T1049;T1557.001,NTLM Relay,2,10,11,10,CC-BY-4.0
AVP-R-2118,validation,lanl,CVE-2023-12740,CWE-287,T1078,Noisy Decoy,3,6,7,6,CC-BY-4.0
AVP-R-2119,validation,lanl,CVE-2023-23837,CWE-306,T1029,Slow Exfiltration,3,8,9,8,CC-BY-4.0
AVP-R-2120,validation,lanl,CVE-2023-11096,CWE-640,T1078.001,Role Confusion,1,6,7,6,CC-BY-4.0
AVP-R-2121,validation,lmdg-synthetic,CVE-2021-26029,CWE-620,T1018;T1078,Noisy Decoy,1,5,6,5,CC-BY-4.0
AVP-R-2122,validation,lanl,CVE-2022-27399,CWE-620,T1557.001,NTLM Relay,3,9,10,9,CC-BY-4.0
AVP-R-2123,validation,lanl,CVE-2022-29865,CWE-384,T1047;T1569.002,Tool Injection,2,4,5,4,CC-BY-4.0
AVP-R-2124,validation,lmdg-synthetic,CVE-2023-28769,CWE-620,T1018;T1078,Noisy Decoy,3,8,9,8,CC-BY-4.0
AVP-R-2125,validation,lanl,CVE-2021-28084,CWE-798,T1029,Slow Exfiltration,4,9,10,9,CC-BY-4.0
AVP-R-2126,validation,mitre-engenuity,CVE-2022-28221,CWE-307,T1078,Noisy Decoy,4,6,7,6,CC-BY-4.0
AVP-R-2127,validation,lmdg-synthetic,CVE-2022-26166,CWE-640,T1047;T1087;T1569.002,Tool Injection,2,8,9,8,CC-BY-4.0
AVP-R-2128,validation,mitre-engenuity,CVE-2021-28084,CWE-798,T1078.001,Role Confusion,2,7,8,7,CC-BY-4.0
AVP-R-2129,validation,mitre-engenuity,CVE-2023-11096,CWE-640,T1078,Noisy Decoy,2,4,5,4,CC-BY-4.0
AVP-R-2130,validation,lanl,CVE-2022-27810,CWE-287,T1078,Noisy Decoy,1,10,11,10,CC-BY-4.0
AVP-R-2131,validation,mitre-engenuity,CVE-2023-12740,CWE-287,T1078.001,Role Confusion,4,5,6,5,CC-BY-4.0
AVP-R-2132,validation,mitre-engenuity,CVE-2021-11233,CWE-200,T1557.001,NTLM Relay,3,6,7,6,CC-BY-4.0
AVP-R-2133,validation,lanl,CVE-2021-26029,CWE-620,T1078,Noisy Decoy,1,7,8,7,CC-BY-4.0
AVP-R-2134,validation,lanl,CVE-2022-29043,CWE-200,T1078,Noisy Decoy,3,6,7,6,CC-BY-4.0
AVP-R-2135,validation,lmdg-synthetic,CVE-2022-11781,CWE-307,T1021.004;T1078,Noisy Decoy,3,7,8,7,CC-BY-4.0
AVP-R-2136,validation,lanl,CVE-2023-31646,CWE-640,T1047;T1569.002,Tool Injection,3,8,9,8,CC-BY-4.0
AVP-R-2137,validation,lanl,CVE-2021-27262,CWE-613,T1078,Noisy Decoy,1,5,6,5,CC-BY-4.0
AVP-R-2138,validation,lmdg-synthetic,CVE-2023-30002,CWE-613,T1049;T1557.001,NTLM Relay,1,5,6,5,CC-BY-4.0
AVP-R-2139,validation,lanl,CVE-2022-31098,CWE-521,T1078.001,Role Confusion,2,6,7,6,CC-BY-4.0
AVP-R-2140,validation,mitre-engenuity,CVE-2023-28769,CWE-620,T1078,Noisy Decoy,1,8,9,8,CC-BY-4.0
AVP-R-2141,validation,lanl,CVE-2023-11918,CWE-521,T1047;T1569.002,Tool Injection,1,6,7,6,CC-BY-4.0
AVP-R-2142,validation,lanl,CVE-2023-30824,CWE-798,T1078.001,Role Confusion,2,5,6,5,CC-BY-4.0
AVP-R-2143,validation,lmdg-synthetic,CVE-2021-24796,CWE-640,T1021.001;T1557.001,NTLM Relay,1,9,10,9,CC-BY-4.0
AVP-R-2144,validation,lanl,CVE-2022-30276,CWE-640,T1078,Noisy Decoy,3,7,8,7,CC-BY-4.0
AVP-R-2145,validation,lanl,CVE-2022-32331,CWE-307,T1557.001,NTLM Relay,2,8,9,8,CC-BY-4.0
AVP-R-2146,validation,lmdg-synthetic,CVE-2023-25070,CWE-287,T1047;T1049;T1569.002,Tool Injection,1,5,6,5,CC-BY-4.0
AVP-R-2147,validation,lanl,CVE-2022-12192,CWE-613,T1029,Slow Exfiltration,3,9,10,9,CC-BY-4.0
AVP-R-2148,validation,mitre-engenuity,CVE-2021-11233,CWE-200,T1078.001,Role Confusion,1,8,9,8,CC-BY-4.0
AVP-R-2149,validation,lmdg-synthetic,CVE-2023-25070,CWE-287,T1021.004;T1029,Slow Exfiltration,3,8,9,8,CC-BY-4.0
AVP-R-2150,validation,mitre-engenuity,CVE-2023-11096,CWE-640,T1029,Slow Exfiltration,3,10,11,10,CC-BY-4.0
AVP-R-2151,validation,lmdg-synthetic,CVE-2023-25070,CWE-287,T1087;T1557.001,NTLM Relay,2,9,10,9,CC-BY-4.0
AVP-R-2152,validation,lanl,CVE-2022-28221,CWE-307,T1047;T1569.002,Tool Injection,1,9,10,9,CC-BY-4.0
AVP-R-2153,validation,lanl,CVE-2022-29454,CWE-798,T1078,Noisy Decoy,2,8,9,8,CC-BY-4.0
AVP-R-2154,validation,lanl,CVE-2021-30550,CWE-287,T1078,Noisy Decoy,2,8,9,8,CC-BY-4.0
AVP-R-2155,validation,lmdg-synthetic,CVE-2022-32331,CWE-307,T1049;T1078,Noisy Decoy,1,6,7,6,CC-BY-4.0
AVP-R-2156,validation,lanl,CVE-2023-30002,CWE-613,T1078,Noisy Decoy,3,9,10,9,CC-BY-4.0
AVP-R-2157,validation,lanl,CVE-2023-10685,CWE-384,T1029,Slow Exfiltration,3,6,7,6,CC-BY-4.0
AVP-R-2158,validation,mitre-engenuity,CVE-2022-26166,CWE-640,T1029,Slow Exfiltration,3,8,9,8,CC-BY-4.0
AVP-R-2159,validation,lanl,CVE-2022-24933,CWE-200,T1557.001,NTLM Relay,3,5,6,5,CC-BY-4.0
AVP-R-2160,validation,mitre-engenuity,CVE-2021-30139,CWE-620,T1047;T1569.002,Tool Injection,4,10,11,10,CC-BY-4.0
AVP-R-2161,validation,mitre-engenuity,CVE-2023-12740,CWE-287,T1078,Noisy Decoy,1,7,8,7,CC-BY-4.0
AVP-R-2162,validation,mitre-engenuity,CVE-2022-30687,CWE-306,T1029,Slow Exfiltration,1,5,6,5,CC-BY-4.0
AVP-R-2163,validation,mitre-engenuity,CVE-2023-11918,CWE-521,T1557.001,NTLM Relay,1,8,9,8,CC-BY-4.0
AVP-R-2164,validation,lmdg-synthetic,CVE-2022-31098,CWE-521,T1021.006;T1078,Noisy Decoy,2,8,9,8,CC-BY-4.0
AVP-R-2165,validation,lmdg-synthetic,CVE-2023-24659,CWE-620,T1029;T1059.003,Slow Exfiltration,2,9,10,9,CC-BY-4.0
AVP-R-2166,validation,lanl,CVE-2021-13288,CWE-521,T1029,Slow Exfiltration,4,7,8,7,CC-BY-4.0
AVP-R-2167,validation,lmdg-synthetic,CVE-2021-10411,CWE-307,T1021.001;T1029,Slow Exfiltration,4,9,10,9,CC-BY-4.0
AVP-R-2168,validation,mitre-engenuity,CVE-2021-30139,CWE-620,T1078,Noisy Decoy,2,6,7,6,CC-BY-4.0
AVP-R-2169,validation,mitre-engenuity,CVE-2023-31646,CWE-640,T1047;T1569.002,Tool Injection,3,7,8,7,CC-BY-4.0
AVP-R-2170,validation,lanl,CVE-2021-27262,CWE-613,T1078.001,Role Confusion,3,6,7,6,CC-BY-4.0
AVP-R-2171,validation,lanl,CVE-2021-13288,CWE-521,T1047;T1569.002,Tool Injection,3,8,9,8,CC-BY-4.0
AVP-R-2172,validation,mitre-engenuity,CVE-2022-24111,CWE-307,T1078,Noisy Decoy,3,6,7,6,CC-BY-4.0
AVP-R-2173,validation,lmdg-synthetic,CVE-2021-28906,CWE-640,T1029;T1059.003,Slow Exfiltration,4,7,8,7,CC-BY-4.0
AVP-R-2174,validation,mitre-engenuity,CVE-2021-25207,CWE-306,T1047;T1569.002,Tool Injection,3,8,9,8,CC-BY-4.0
AVP-R-2175,validation,lanl,CVE-2021-28495,CWE-384,T1047;T1569.002,Tool Injection,1,9,10,9,CC-BY-4.0
AVP-R-2176,validation,lanl,CVE-2023-28769,CWE-620,T1047;T1569.002,Tool Injection,3,9,10,9,CC-BY-4.0
AVP-R-2177,validation,lmdg-synthetic,CVE-2021-27262,CWE-613,T1021.001;T1047;T1569.002,Tool Injection,4,8,9,8,CC-BY-4.0
AVP-R-2178,validation,mitre-engenuity,CVE-2023-12740,CWE-287,T1078,Noisy Decoy,4,9,10,9,CC-BY-4.0
AVP-R-2179,validation,mitre-engenuity,CVE-2021-31372,CWE-613,T1078.001,Role Confusion,2,8,9,8,CC-BY-4.0
AVP-R-2180,validation,mitre-engenuity,CVE-2021-27673,CWE-200,T1029,Slow Exfiltration,3,4,5,4,CC-BY-4.0
AVP-R-2181,validation,lanl,CVE-2021-26440,CWE-287,T1557.001,NTLM Relay,2,8,9,8,CC-BY-4.0
AVP-R-2182,validation,lanl,CVE-2023-27125,CWE-384,T1557.001,NTLM Relay,1,5,6,5,CC-BY-4.0
AVP-R-2183,validation,lanl,CVE-2023-26714,CWE-798,T1078.001,Role Confusion,3,4,5,4,CC-BY-4.0
AVP-R-2184,validation,lanl,CVE-2021-30961,CWE-307,T1078.001,Role Confusion,1,5,6,5,CC-BY-4.0
AVP-R-2185,validation,mitre-engenuity,CVE-2021-10000,CWE-287,T1047;T1569.002,Tool Injection,2,8,9,8,CC-BY-4.0
AVP-R-2186,validation,lanl,CVE-2023-27536,CWE-640,T1047;T1569.002,Tool Injection,4,4,5,4,CC-BY-4.0
AVP-R-2187,validation,lanl,CVE-2021-10411,CWE-307,T1047;T1569.002,Tool Injection,3,5,6,5,CC-BY-4.0
AVP-R-2188,validation,lanl,CVE-2021-31372,CWE-613,T1078.001,Role Confusion,1,5,6,5,CC-BY-4.0
AVP-R-2189,validation,mitre-engenuity,CVE-2021-24796,CWE-640,T1078.001,Role Confusion,2,8,9,8,CC-BY-4.0
AVP-R-2190,validation,lanl,CVE-2021-29728,CWE-521,T1029,Slow Exfiltration,1,9,10,9,CC-BY-4.0
AVP-R-2191,validation,lmdg-synthetic,CVE-2023-31646,CWE-640,T1018;T1029,Slow Exfiltration,4,6,7,6,CC-BY-4.0
AVP-R-2192,validation,lmdg-synthetic,CVE-2023-23837,CWE-306,T1059.001;T1078.001,Role Confusion,1,9,10,9,CC-BY-4.0
AVP-R-2193,validation,lanl,CVE-2023-27125,CWE-384,T1078,Noisy Decoy,1,8,9,8,CC-BY-4.0
AVP-R-2194,validation,lanl,CVE-2021-13288,CWE-521,T1047;T1569.002,Tool Injection,3,8,9,8,CC-BY-4.0
AVP-R-2195,validation,lmdg-synthetic,CVE-2023-26714,CWE-798,T1021.001;T1078.001,Role Confusion,1,4,5,4,CC-BY-4.0
AVP-R-2196,validation,lmdg-synthetic,CVE-2022-10137,CWE-306,T1018;T1078,Noisy Decoy,4,7,8,7,CC-BY-4.0
AVP-R-2197,validation,mitre-engenuity,CVE-2021-10822,CWE-613,T1047;T1569.002,Tool Injection,2,6,7,6,CC-BY-4.0
AVP-R-2198,validation,mitre-engenuity,CVE-2022-31509,CWE-620,T1078,Noisy Decoy,1,5,6,5,CC-BY-4.0
AVP-R-2199,validation,lmdg-synthetic,CVE-2023-29591,CWE-307,T1018;T1047;T1569.002,Tool Injection,1,5,6,5,CC-BY-4.0
AVP-R-2200,validation,lanl,CVE-2023-12329,CWE-620,T1078.001,Role Confusion,4,10,11,10,CC-BY-4.0
AVP-R-2201,validation,lanl,CVE-2022-31509,CWE-620,T1047;T1569.002,Tool Injection,4,8,9,8,CC-BY-4.0
AVP-R-2202,validation,lanl,CVE-2023-26303,CWE-200,T1029,Slow Exfiltration,4,10,11,10,CC-BY-4.0
AVP-R-2203,validation,lanl,CVE-2021-31372,CWE-613,T1557.001,NTLM Relay,1,10,11,10,CC-BY-4.0
AVP-R-2204,validation,lmdg-synthetic,CVE-2023-25892,CWE-613,T1049;T1078,Noisy Decoy,1,10,11,10,CC-BY-4.0
AVP-R-2205,validation,mitre-engenuity,CVE-2021-24385,CWE-384,T1078.001,Role Confusion,3,7,8,7,CC-BY-4.0
AVP-R-2206,validation,lanl,CVE-2021-26029,CWE-620,T1078,Noisy Decoy,3,4,5,4,CC-BY-4.0
AVP-R-2207,validation,lmdg-synthetic,CVE-2022-28221,CWE-307,T1059.001;T1078,Noisy Decoy,1,7,8,7,CC-BY-4.0
AVP-R-2208,validation,lanl,CVE-2023-25070,CWE-287,T1047;T1569.002,Tool Injection,1,8,9,8,CC-BY-4.0
AVP-R-2209,validation,mitre-engenuity,CVE-2023-13151,CWE-307,T1078.001,Role Confusion,1,8,9,8,CC-BY-4.0
AVP-R-2210,validation,lanl,CVE-2022-24111,CWE-307,T1047;T1569.002,Tool Injection,2,7,8,7,CC-BY-4.0
AVP-R-2211,validation,mitre-engenuity,CVE-2021-32194,CWE-798,T1078,Noisy Decoy,1,7,8,7,CC-BY-4.0
AVP-R-2212,validation,lanl,CVE-2022-24111,CWE-307,T1078.001,Role Confusion,4,9,10,9,CC-BY-4.0
AVP-R-2213,validation,mitre-engenuity,CVE-2021-27673,CWE-200,T1078.001,Role Confusion,2,10,11,10,CC-BY-4.0
AVP-R-2214,validation,lmdg-synthetic,CVE-2022-29043,CWE-200,T1029;T1087,Slow Exfiltration,2,4,5,4,CC-BY-4.0
AVP-R-2215,validation,mitre-engenuity,CVE-2023-28769,CWE-620,T1078.001,Role Confusion,4,6,7,6,CC-BY-4.0
AVP-R-2216,validation,mitre-engenuity,CVE-2022-31098,CWE-521,T1557.001,NTLM Relay,1,6,7,6,CC-BY-4.0
AVP-R-2217,validation,lanl,CVE-2023-31646,CWE-640,T1078,Noisy Decoy,1,5,6,5,CC-BY-4.0
AVP-R-2218,validation,lanl,CVE-2022-31920,CWE-287,T1078.001,Role Confusion,1,5,6,5,CC-BY-4.0
AVP-R-2219,validation,lmdg-synthetic,CVE-2021-10000,CWE-287,T1021.006;T1029,Slow Exfiltration,3,8,9,8,CC-BY-4.0
AVP-R-2220,validation,lmdg-synthetic,CVE-2023-26714,CWE-798,T1021.004;T1029,Slow Exfiltration,3,6,7,6,CC-BY-4.0
AVP-R-2221,validation,lanl,CVE-2022-32331,CWE-307,T1078,Noisy Decoy,2,10,11,10,CC-BY-4.0
AVP-R-2222,validation,lanl,CVE-2023-25070,CWE-287,T1078,Noisy Decoy,3,10,11,10,CC-BY-4.0
AVP-R-2223,validation,lanl,CVE-2023-29591,CWE-307,T1078,Noisy Decoy,1,8,9,8,CC-BY-4.0
AVP-R-2224,validation,lanl,CVE-2021-24385,CWE-384,T1078,Noisy Decoy,3,6,7,6,CC-BY-4.0
AVP-R-2225,validation,lmdg-synthetic,CVE-2022-29043,CWE-200,T1018;T1029,Slow Exfiltration,2,9,10,9,CC-BY-4.0
AVP-R-2226,validation,lmdg-synthetic,CVE-2022-32331,CWE-307,T1078;T1087,Noisy Decoy,2,10,11,10,CC-BY-4.0
AVP-R-2227,validation,lanl,CVE-2023-31235,CWE-384,T1047;T1569.002,Tool Injection,3,8,9,8,CC-BY-4.0
AVP-R-2228,validation,lanl,CVE-2021-28906,CWE-640,T1029,Slow Exfiltration,2,10,11,10,CC-BY-4.0
AVP-R-2229,validation,mitre-engenuity,CVE-2021-10411,CWE-307,T1047;T1569.002,Tool Injection,4,7,8,7,CC-BY-4.0
AVP-R-2230,validation,lanl,CVE-2021-28906,CWE-640,T1078.001,Role Confusion,3,6,7,6,CC-BY-4.0
AVP-R-2231,validation,lanl,CVE-2022-30276,CWE-640,T1557.001,NTLM Relay,2,10,11,10,CC-BY-4.0
AVP-R-2232,validation,lmdg-synthetic,CVE-2023-24659,CWE-620,T1021.004;T1047;T1569.002,Tool Injection,1,4,5,4,CC-BY-4.0
AVP-R-2233,validation,lmdg-synthetic,CVE-2021-27673,CWE-200,T1018;T1047;T1569.002,Tool Injection,2,5,6,5,CC-BY-4.0
AVP-R-2234,validation,lanl,CVE-2021-32194,CWE-798,T1047;T1569.002,Tool Injection,3,5,6,5,CC-BY-4.0
AVP-R-2235,validation,lmdg-synthetic,CVE-2022-32331,CWE-307,T1021.001;T1029,Slow Exfiltration,2,5,6,5,CC-BY-4.0
AVP-R-2236,validation,lanl,CVE-2021-30961,CWE-307,T1078.001,Role Confusion,3,8,9,8,CC-BY-4.0
AVP-R-2237,validation,lanl,CVE-2021-10822,CWE-613,T1078.001,Role Confusion,2,5,6,5,CC-BY-4.0
AVP-R-2238,validation,lmdg-synthetic,CVE-2022-26166,CWE-640,T1087;T1557.001,NTLM Relay,2,10,11,10,CC-BY-4.0
AVP-R-2239,validation,lmdg-synthetic,CVE-2021-28084,CWE-798,T1029;T1049,Slow Exfiltration,1,5,6,5,CC-BY-4.0
AVP-R-2240,validation,lanl,CVE-2021-32194,CWE-798,T1557.001,NTLM Relay,1,6,7,6,CC-BY-4.0
AVP-R-2241,validation,lmdg-synthetic,CVE-2022-11781,CWE-307,T1059.003;T1078,Noisy Decoy,4,5,6,5,CC-BY-4.0
AVP-R-2242,validation,lmdg-synthetic,CVE-2021-25207,CWE-306,T1021.001;T1557.001,NTLM Relay,4,7,8,7,CC-BY-4.0
AVP-R-2243,validation,mitre-engenuity,CVE-2022-30276,CWE-640,T1078.001,Role Confusion,1,9,10,9,CC-BY-4.0
AVP-R-2244,validation,lanl,CVE-2022-24111,CWE-307,T1557.001,NTLM Relay,2,8,9,8,CC-BY-4.0
AVP-R-2245,validation,lanl,CVE-2023-25481,CWE-307,T1047;T1569.002,Tool Injection,2,10,11,10,CC-BY-4.0
AVP-R-2246,validation,lanl,CVE-2023-10274,CWE-798,T1557.001,NTLM Relay,2,10,11,10,CC-BY-4.0
AVP-R-2247,validation,mitre-engenuity,CVE-2022-10548,CWE-521,T1047;T1569.002,Tool Injection,1,8,9,8,CC-BY-4.0
AVP-R-2248,validation,mitre-engenuity,CVE-2021-29728,CWE-521,T1078,Noisy Decoy,1,6,7,6,CC-BY-4.0
AVP-R-2249,validation,lanl,CVE-2022-23700,CWE-287,T1078.001,Role Confusion,3,6,7,6,CC-BY-4.0
AVP-R-2250,validation,lanl,CVE-2021-12055,CWE-384,T1078,Noisy Decoy,1,9,10,9,CC-BY-4.0
AVP-R-2251,validation,lmdg-synthetic,CVE-2023-28769,CWE-620,T1018;T1029,Slow Exfiltration,1,4,5,4,CC-BY-4.0
AVP-R-2252,validation,lanl,CVE-2022-27810,CWE-287,T1078,Noisy Decoy,1,6,7,6,CC-BY-4.0
AVP-R-2253,validation,lmdg-synthetic,CVE-2022-27399,CWE-620,T1021.001;T1029,Slow Exfiltration,2,8,9,8,CC-BY-4.0
AVP-R-2254,validation,mitre-engenuity,CVE-2021-25618,CWE-521,T1029,Slow Exfiltration,3,7,8,7,CC-BY-4.0
AVP-R-2255,validation,lmdg-synthetic,CVE-2022-26577,CWE-306,T1018;T1078,Noisy Decoy,1,6,7,6,CC-BY-4.0
AVP-R-2256,validation,mitre-engenuity,CVE-2022-24933,CWE-200,T1078.001,Role Confusion,1,5,6,5,CC-BY-4.0
AVP-R-2257,validation,mitre-engenuity,CVE-2021-10000,CWE-287,T1029,Slow Exfiltration,3,9,10,9,CC-BY-4.0
AVP-R-2258,validation,lmdg-synthetic,CVE-2023-30824,CWE-798,T1047;T1059.003;T1569.002,Tool Injection,2,9,10,9,CC-BY-4.0
AVP-R-2259,validation,lanl,CVE-2021-25618,CWE-521,T1047;T1569.002,Tool Injection,1,6,7,6,CC-BY-4.0
AVP-R-2260,validation,lanl,CVE-2022-30687,CWE-306,T1078.001,Role Confusion,3,9,10,9,CC-BY-4.0
AVP-R-2261,validation,lanl,CVE-2022-10137,CWE-306,T1047;T1569.002,Tool Injection,4,5,6,5,CC-BY-4.0
AVP-R-2262,validation,mitre-engenuity,CVE-2022-31509,CWE-620,T1078,Noisy Decoy,2,7,8,7,CC-BY-4.0
AVP-R-2263,validation,mitre-engenuity,CVE-2022-30687,CWE-306,T1078,Noisy Decoy,1,6,7,6,CC-BY-4.0
AVP-R-2264,validation,lmdg-synthetic,CVE-2022-26988,CWE-521,T1059.001;T1557.001,NTLM Relay,3,10,11,10,CC-BY-4.0
AVP-R-2265,validation,mitre-engenuity,CVE-2023-31646,CWE-640,T1029,Slow Exfiltration,4,5,6,5,CC-BY-4.0
AVP-R-2266,validation,lanl,CVE-2023-29180,CWE-287,T1557.001,NTLM Relay,3,9,10,9,CC-BY-4.0
AVP-R-2267,validation,mitre-engenuity,CVE-2023-29180,CWE-287,T1047;T1569.002,Tool Injection,2,6,7,6,CC-BY-4.0
AVP-R-2268,validation,mitre-engenuity,CVE-2021-31372,CWE-613,T1047;T1569.002,Tool Injection,1,6,7,6,CC-BY-4.0
AVP-R-2269,validation,mitre-engenuity,CVE-2021-12877,CWE-306,T1078.001,Role Confusion,2,7,8,7,CC-BY-4.0
AVP-R-2270,validation,mitre-engenuity,CVE-2023-31235,CWE-384,T1078,Noisy Decoy,1,5,6,5,CC-BY-4.0
AVP-R-2271,validation,lanl,CVE-2021-11233,CWE-200,T1557.001,NTLM Relay,1,9,10,9,CC-BY-4.0
AVP-R-2272,validation,lanl,CVE-2021-26851,CWE-307,T1078.001,Role Confusion,1,7,8,7,CC-BY-4.0
AVP-R-2273,validation,lanl,CVE-2023-27536,CWE-640,T1029,Slow Exfiltration,2,7,8,7,CC-BY-4.0
AVP-R-2274,validation,lmdg-synthetic,CVE-2022-24522,CWE-613,T1021.004;T1029,Slow Exfiltration,1,8,9,8,CC-BY-4.0
AVP-R-2275,validation,lanl,CVE-2022-25755,CWE-384,T1047;T1569.002,Tool Injection,4,9,10,9,CC-BY-4.0
AVP-R-2276,validation,lanl,CVE-2023-28769,CWE-620,T1078,Noisy Decoy,4,5,6,5,CC-BY-4.0
AVP-R-2277,validation,mitre-engenuity,CVE-2022-29043,CWE-200,T1078.001,Role Confusion,1,7,8,7,CC-BY-4.0
AVP-R-2278,validation,lanl,CVE-2023-30413,CWE-200,T1047;T1569.002,Tool Injection,2,8,9,8,CC-BY-4.0
AVP-R-2279,validation,lmdg-synthetic,CVE-2022-28221,CWE-307,T1059.003;T1078,Noisy Decoy,2,8,9,8,CC-BY-4.0
AVP-R-2280,validation,lmdg-synthetic,CVE-2021-28084,CWE-798,T1059.003;T1078,Noisy Decoy,1,10,11,10,CC-BY-4.0
AVP-R-2281,validation,lanl,CVE-2023-24659,CWE-620,T1029,Slow Exfiltration,3,8,9,8,CC-BY-4.0
AVP-R-2282,validation,lanl,CVE-2022-30687,CWE-306,T1078.001,Role Confusion,1,6,7,6,CC-BY-4.0
AVP-R-2283,validation,lanl,CVE-2022-29454,CWE-798,T1078,Noisy Decoy,4,7,8,7,CC-BY-4.0
AVP-R-2284,validation,lmdg-synthetic,CVE-2021-31783,CWE-200,T1021.001;T1047;T1569.002,Tool Injection,3,10,11,10,CC-BY-4.0
AVP-R-2285,validation,lanl,CVE-2022-26577,CWE-306,T1557.001,NTLM Relay,2,8,9,8,CC-BY-4.0
AVP-R-2286,validation,lanl,CVE-2022-25344,CWE-798,T1078.001,Role Confusion,2,7,8,7,CC-BY-4.0
AVP-R-2287,validation,mitre-engenuity,CVE-2022-28221,CWE-307,T1047;T1569.002,Tool Injection,1,6,7,6,CC-BY-4.0
AVP-R-2288,validation,mitre-engenuity,CVE-2021-28084,CWE-798,T1029,Slow Exfiltration,4,9,10,9,CC-BY-4.0
AVP-R-2289,validation,lmdg-synthetic,CVE-2021-11644,CWE-798,T1029;T1059.003,Slow Exfiltration,3,8,9,8,CC-BY-4.0
AVP-R-2290,validation,mitre-engenuity,CVE-2023-10274,CWE-798,T1047;T1569.002,Tool Injection,4,8,9,8,CC-BY-4.0
AVP-R-2291,validation,lanl,CVE-2023-25070,CWE-287,T1047;T1569.002,Tool Injection,1,10,11,10,CC-BY-4.0
AVP-R-2292,validation,mitre-engenuity,CVE-2022-12192,CWE-613,T1078.001,Role Confusion,3,6,7,6,CC-BY-4.0
AVP-R-2293,validation,lanl,CVE-2021-28495,CWE-384,T1047;T1569.002,Tool Injection,3,9,10,9,CC-BY-4.0
AVP-R-2294,validation,lanl,CVE-2021-24796,CWE-640,T1557.001,NTLM Relay,1,7,8,7,CC-BY-4.0
AVP-R-2295,validation,mitre-engenuity,CVE-2022-29865,CWE-384,T1078,Noisy Decoy,2,6,7,6,CC-BY-4.0
AVP-R-2296,validation,lanl,CVE-2021-26440,CWE-287,T1557.001,NTLM Relay,2,10,11,10,CC-BY-4.0
AVP-R-2297,validation,lmdg-synthetic,CVE-2022-11781,CWE-307,T1049;T1557.001,NTLM Relay,3,4,5,4,CC-BY-4.0
AVP-R-2298,validation,lanl,CVE-2023-25481,CWE-307,T1557.001,NTLM Relay,3,5,6,5,CC-BY-4.0
AVP-R-2299,validation,lmdg-synthetic,CVE-2022-11370,CWE-287,T1018;T1078,Noisy Decoy,3,6,7,6,CC-BY-4.0
AVP-R-2300,validation,lanl,CVE-2022-24522,CWE-613,T1047;T1569.002,Tool Injection,2,5,6,5,CC-BY-4.0
AVP-R-2301,validation,lanl,CVE-2022-11781,CWE-307,T1078.001,Role Confusion,2,8,9,8,CC-BY-4.0
AVP-R-2302,validation,lmdg-synthetic,CVE-2021-28495,CWE-384,T1021.006;T1078,Noisy Decoy,3,9,10,9,CC-BY-4.0
AVP-R-2303,validation,mitre-engenuity,CVE-2022-31509,CWE-620,T1047;T1569.002,Tool Injection,1,8,9,8,CC-BY-4.0
AVP-R-2304,validation,lanl,CVE-2021-25207,CWE-306,T1078.001,Role Confusion,1,5,6,5,CC-BY-4.0
AVP-R-2305,validation,lmdg-synthetic,CVE-2023-32057,CWE-306,T1018;T1078,Noisy Decoy,1,8,9,8,CC-BY-4.0
AVP-R-2306,validation,mitre-engenuity,CVE-2023-10685,CWE-384,T1029,Slow Exfiltration,2,7,8,7,CC-BY-4.0
AVP-R-2307,validation,lmdg-synthetic,CVE-2022-31098,CWE-521,T1021.001;T1029,Slow Exfiltration,3,7,8,7,CC-BY-4.0
AVP-R-2308,validation,mitre-engenuity,CVE-2021-26440,CWE-287,T1029,Slow Exfiltration,2,10,11,10,CC-BY-4.0
AVP-R-2309,validation,lanl,CVE-2021-26029,CWE-620,T1029,Slow Exfiltration,2,8,9,8,CC-BY-4.0
AVP-R-2310,validation,mitre-engenuity,CVE-2022-26988,CWE-521,T1078,Noisy Decoy,2,9,10,9,CC-BY-4.0
AVP-R-2311,validation,mitre-engenuity,CVE-2022-11781,CWE-307,T1078.001,Role Confusion,3,9,10,9,CC-BY-4.0
AVP-R-2312,validation,lanl,CVE-2021-29728,CWE-521,T1029,Slow Exfiltration,2,8,9,8,CC-BY-4.0
AVP-R-2313,validation,lanl,CVE-2023-27947,CWE-306,T1047;T1569.002,Tool Injection,2,5,6,5,CC-BY-4.0
AVP-R-2314,validation,mitre-engenuity,CVE-2021-27262,CWE-613,T1078,Noisy Decoy,1,5,6,5,CC-BY-4.0
AVP-R-2315,validation,lanl,CVE-2023-12329,CWE-620,T1078,Noisy Decoy,1,6,7,6,CC-BY-4.0
AVP-R-2316,validation,mitre-engenuity,CVE-2023-12329,CWE-620,T1078,Noisy Decoy,1,10,11,10,CC-BY-4.0
AVP-R-2317,validation,lanl,CVE-2023-12329,CWE-620,T1078.001,Role Confusion,1,6,7,6,CC-BY-4.0
AVP-R-2318,validation,lmdg-synthetic,CVE-2021-29728,CWE-521,T1021.001;T1557.001,NTLM Relay,2,9,10,9,CC-BY-4.0
AVP-R-2319,validation,lanl,CVE-2021-30550,CWE-287,T1557.001,NTLM Relay,2,9,10,9,CC-BY-4.0
AVP-R-2320,validation,lmdg-synthetic,CVE-2022-31098,CWE-521,T1029;T1059.003,Slow Exfiltration,1,5,6,5,CC-BY-4.0
AVP-R-2321,validation,lmdg-synthetic,CVE-2023-13151,CWE-307,T1021.006;T1557.001,NTLM Relay,2,6,7,6,CC-BY-4.0
AVP-R-2322,validation,lmdg-synthetic,CVE-2022-28632,CWE-613,T1018;T1078.001,Role Confusion,3,5,6,5,CC-BY-4.0
AVP-R-2323,validation,lanl,CVE-2021-25618,CWE-521,T1078.001,Role Confusion,3,5,6,5,CC-BY-4.0
AVP-R-2324,validation,mitre-engenuity,CVE-2021-28495,CWE-384,T1078.001,Role Confusion,3,9,10,9,CC-BY-4.0
AVP-R-2325,validation,mitre-engenuity,CVE-2023-26714,CWE-798,T1029,Slow Exfiltration,2,7,8,7,CC-BY-4.0
AVP-R-2326,validation,lanl,CVE-2021-13288,CWE-521,T1078,Noisy Decoy,1,7,8,7,CC-BY-4.0
AVP-R-2327,validation,lmdg-synthetic,CVE-2021-10411,CWE-307,T1021.004;T1029,Slow Exfiltration,1,6,7,6,CC-BY-4.0
AVP-R-2328,validation,lanl,CVE-2022-26988,CWE-521,T1047;T1569.002,Tool Injection,1,5,6,5,CC-BY-4.0
AVP-R-2329,validation,mitre-engenuity,CVE-2021-31372,CWE-613,T1029,Slow Exfiltration,3,4,5,4,CC-BY-4.0
AVP-R-2330,validation,lanl,CVE-2022-31509,CWE-620,T1078.001,Role Confusion,1,4,5,4,CC-BY-4.0
AVP-R-2331,validation,lanl,CVE-2021-26440,CWE-287,T1078,Noisy Decoy,3,6,7,6,CC-BY-4.0
AVP-R-2332,validation,lanl,CVE-2023-23837,CWE-306,T1029,Slow Exfiltration,1,7,8,7,CC-BY-4.0
AVP-R-2333,validation,mitre-engenuity,CVE-2021-10822,CWE-613,T1078.001,Role Confusion,1,5,6,5,CC-BY-4.0
AVP-R-2334,validation,lmdg-synthetic,CVE-2021-28906,CWE-640,T1059.001;T1078,Noisy Decoy,3,9,10,9,CC-BY-4.0
AVP-R-2335,validation,lmdg-synthetic,CVE-2023-30824,CWE-798,T1021.006;T1078,Noisy Decoy,2,8,9,8,CC-BY-4.0
AVP-R-2336,validation,lanl,CVE-2021-23974,CWE-798,T1557.001,NTLM Relay,3,8,9,8,CC-BY-4.0
AVP-R-2337,validation,lanl,CVE-2023-10685,CWE-384,T1557.001,NTLM Relay,4,8,9,8,CC-BY-4.0
AVP-R-2338,validation,mitre-engenuity,CVE-2021-24796,CWE-640,T1078.001,Role Confusion,2,6,7,6,CC-BY-4.0
AVP-R-2339,validation,lanl,CVE-2023-28358,CWE-521,T1078.001,Role Confusion,2,9,10,9,CC-BY-4.0
AVP-R-2340,validation,lmdg-synthetic,CVE-2022-29043,CWE-200,T1018;T1078.001,Role Confusion,1,8,9,8,CC-BY-4.0
AVP-R-2341,validation,lanl,CVE-2021-12466,CWE-640,T1078,Noisy Decoy,1,6,7,6,CC-BY-4.0
AVP-R-2342,validation,lanl,CVE-2021-27262,CWE-613,T1078.001,Role Confusion,1,8,9,8,CC-BY-4.0
AVP-R-2343,validation,mitre-engenuity,CVE-2021-29317,CWE-306,T1047;T1569.002,Tool Injection,4,5,6,5,CC-BY-4.0
AVP-R-2344,validation,lanl,CVE-2021-13288,CWE-521,T1557.001,NTLM Relay,2,5,6,5,CC-BY-4.0
AVP-R-2345,validation,mitre-engenuity,CVE-2023-30824,CWE-798,T1029,Slow Exfiltration,4,10,11,10,CC-BY-4.0
AVP-R-2346,validation,mitre-engenuity,CVE-2022-25755,CWE-384,T1047;T1569.002,Tool Injection,3,8,9,8,CC-BY-4.0
AVP-R-2347,validation,lmdg-synthetic,CVE-2023-31235,CWE-384,T1021.004;T1078,Noisy Decoy,2,6,7,6,CC-BY-4.0
AVP-R-2348,validation,mitre-engenuity,CVE-2021-12055,CWE-384,T1047;T1569.002,Tool Injection,3,6,7,6,CC-BY-4.0
AVP-R-2349,validation,lanl,CVE-2021-26440,CWE-287,T1078.001,Role Confusion,4,9,10,9,CC-BY-4.0
AVP-R-2350,validation,mitre-engenuity,CVE-2021-28906,CWE-640,T1047;T1569.002,Tool Injection,1,6,7,6,CC-BY-4.0
AVP-R-2351,validation,lmdg-synthetic,CVE-2021-30961,CWE-307,T1021.006;T1047;T1569.002,Tool Injection,2,6,7,6,CC-BY-4.0
AVP-R-2352,validation,mitre-engenuity,CVE-2021-29317,CWE-306,T1029,Slow Exfiltration,2,6,7,6,CC-BY-4.0
AVP-R-2353,validation,mitre-engenuity,CVE-2023-28358,CWE-521,T1029,Slow Exfiltration,3,7,8,7,CC-BY-4.0
AVP-R-2354,validation,lanl,CVE-2021-29317,CWE-306,T1029,Slow Exfiltration,1,4,5,4,CC-BY-4.0
AVP-R-2355,validation,mitre-engenuity,CVE-2023-13151,CWE-307,T1029,Slow Exfiltration,1,5,6,5,CC-BY-4.0
AVP-R-2356,validation,lmdg-synthetic,CVE-2022-26166,CWE-640,T1021.006;T1078,Noisy Decoy,2,6,7,6,CC-BY-4.0
AVP-R-2357,validation,mitre-engenuity,CVE-2021-26851,CWE-307,T1047;T1569.002,Tool Injection,1,10,11,10,CC-BY-4.0
AVP-R-2358,validation,mitre-engenuity,CVE-2023-10685,CWE-384,T1078,Noisy Decoy,2,6,7,6,CC-BY-4.0
AVP-R-2359,validation,mitre-engenuity,CVE-2022-11370,CWE-287,T1047;T1569.002,Tool Injection,3,4,5,4,CC-BY-4.0
AVP-R-2360,validation,lanl,CVE-2022-26988,CWE-521,T1047;T1569.002,Tool Injection,2,7,8,7,CC-BY-4.0
AVP-R-2361,validation,lmdg-synthetic,CVE-2021-31372,CWE-613,T1029;T1059.001,Slow Exfiltration,1,6,7,6,CC-BY-4.0
AVP-R-2362,validation,lanl,CVE-2021-10822,CWE-613,T1078.001,Role Confusion,2,7,8,7,CC-BY-4.0
AVP-R-2363,validation,mitre-engenuity,CVE-2022-32331,CWE-307,T1047;T1569.002,Tool Injection,4,5,6,5,CC-BY-4.0
AVP-R-2364,validation,mitre-engenuity,CVE-2021-10411,CWE-307,T1029,Slow Exfiltration,2,4,5,4,CC-BY-4.0
AVP-R-2365,validation,mitre-engenuity,CVE-2021-12055,CWE-384,T1078,Noisy Decoy,1,4,5,4,CC-BY-4.0
AVP-R-2366,validation,mitre-engenuity,CVE-2023-12329,CWE-620,T1078,Noisy Decoy,3,7,8,7,CC-BY-4.0
AVP-R-2367,validation,lmdg-synthetic,CVE-2022-30687,CWE-306,T1078;T1087,Noisy Decoy,3,6,7,6,CC-BY-4.0
AVP-R-2368,validation,mitre-engenuity,CVE-2023-27536,CWE-640,T1557.001,NTLM Relay,3,9,10,9,CC-BY-4.0
AVP-R-2369,validation,lanl,CVE-2023-10274,CWE-798,T1078,Noisy Decoy,1,6,7,6,CC-BY-4.0
AVP-R-2370,validation,lanl,CVE-2023-23837,CWE-306,T1078,Noisy Decoy,1,9,10,9,CC-BY-4.0
AVP-R-2371,validation,mitre-engenuity,CVE-2021-29317,CWE-306,T1029,Slow Exfiltration,2,5,6,5,CC-BY-4.0
AVP-R-2372,validation,lanl,CVE-2021-24385,CWE-384,T1557.001,NTLM Relay,2,7,8,7,CC-BY-4.0
AVP-R-2373,validation,lanl,CVE-2022-28221,CWE-307,T1557.001,NTLM Relay,4,5,6,5,CC-BY-4.0
AVP-R-2374,validation,mitre-engenuity,CVE-2023-28769,CWE-620,T1078,Noisy Decoy,1,6,7,6,CC-BY-4.0
AVP-R-2375,validation,mitre-engenuity,CVE-2022-29454,CWE-798,T1078,Noisy Decoy,4,8,9,8,CC-BY-4.0
AVP-R-2376,validation,lanl,CVE-2023-12329,CWE-620,T1029,Slow Exfiltration,2,5,6,5,CC-BY-4.0
AVP-R-2377,validation,lanl,CVE-2022-10548,CWE-521,T1029,Slow Exfiltration,2,6,7,6,CC-BY-4.0
AVP-R-2378,validation,mitre-engenuity,CVE-2023-30824,CWE-798,T1078.001,Role Confusion,2,9,10,9,CC-BY-4.0
AVP-R-2379,validation,lanl,CVE-2023-11507,CWE-306,T1078,Noisy Decoy,2,7,8,7,CC-BY-4.0
AVP-R-2380,validation,lmdg-synthetic,CVE-2023-11918,CWE-521,T1021.006;T1557.001,NTLM Relay,2,4,5,4,CC-BY-4.0
AVP-R-2381,validation,mitre-engenuity,CVE-2022-31920,CWE-287,T1078,Noisy Decoy,4,6,7,6,CC-BY-4.0
AVP-R-2382,validation,lanl,CVE-2023-12329,CWE-620,T1078,Noisy Decoy,1,7,8,7,CC-BY-4.0
AVP-R-2383,validation,mitre-engenuity,CVE-2021-29728,CWE-521,T1078,Noisy Decoy,2,5,6,5,CC-BY-4.0
AVP-R-2384,validation,lanl,CVE-2021-28084,CWE-798,T1029,Slow Exfiltration,2,5,6,5,CC-BY-4.0
AVP-R-2385,validation,lanl,CVE-2023-11507,CWE-306,T1029,Slow Exfiltration,2,5,6,5,CC-BY-4.0
AVP-R-2386,validation,mitre-engenuity,CVE-2023-24248,CWE-521,T1029,Slow Exfiltration,4,5,6,5,CC-BY-4.0
AVP-R-2387,validation,lanl,CVE-2022-11781,CWE-307,T1078,Noisy Decoy,3,5,6,5,CC-BY-4.0
AVP-R-2388,validation,lanl,CVE-2023-12740,CWE-287,T1047;T1569.002,Tool Injection,2,7,8,7,CC-BY-4.0
AVP-R-2389,validation,mitre-engenuity,CVE-2023-27125,CWE-384,T1029,Slow Exfiltration,3,9,10,9,CC-BY-4.0
AVP-R-2390,validation,mitre-engenuity,CVE-2021-12877,CWE-306,T1078.001,Role Confusion,3,6,7,6,CC-BY-4.0
AVP-R-2391,validation,lmdg-synthetic,CVE-2022-12603,CWE-200,T1078;T1087,Noisy Decoy,1,7,8,7,CC-BY-4.0
AVP-R-2392,validation,lmdg-synthetic,CVE-2023-25481,CWE-307,T1021.004;T1047;T1569.002,Tool Injection,1,7,8,7,CC-BY-4.0
AVP-R-2393,validation,lanl,CVE-2022-11370,CWE-287,T1557.001,NTLM Relay,1,6,7,6,CC-BY-4.0
AVP-R-2394,validation,lanl,CVE-2023-12329,CWE-620,T1029,Slow Exfiltration,4,10,11,10,CC-BY-4.0
AVP-R-2395,validation,mitre-engenuity,CVE-2023-12329,CWE-620,T1029,Slow Exfiltration,1,8,9,8,CC-BY-4.0
AVP-R-2396,validation,lmdg-synthetic,CVE-2022-31098,CWE-521,T1049;T1078.001,Role Confusion,1,6,7,6,CC-BY-4.0
AVP-R-2397,validation,lanl,CVE-2022-24933,CWE-200,T1078,Noisy Decoy,1,7,8,7,CC-BY-4.0
AVP-R-2398,validation,lmdg-synthetic,CVE-2022-25344,CWE-798,T1047;T1059.003;T1569.002,Tool Injection,2,9,10,9,CC-BY-4.0
AVP-R-2399,validation,lmdg-synthetic,CVE-2023-27947,CWE-306,T1047;T1087;T1569.002,Tool Injection,3,4,5,4,CC-BY-4.0
AVP-R-2400,validation,mitre-engenuity,CVE-2023-30002,CWE-613,T1047;T1569.002,Tool Injection,1,5,6,5,CC-BY-4.0
AVP-R-2401,validation,lanl,CVE-2021-30961,CWE-307,T1047;T1569.002,Tool Injection,3,10,11,10,CC-BY-4.0
AVP-R-2402,validation,mitre-engenuity,CVE-2021-29317,CWE-306,T1557.001,NTLM Relay,4,9,10,9,CC-BY-4.0
AVP-R-2403,validation,mitre-engenuity,CVE-2021-25207,CWE-306,T1557.001,NTLM Relay,1,7,8,7,CC-BY-4.0
AVP-R-2404,validation,mitre-engenuity,CVE-2021-10000,CWE-287,T1557.001,NTLM Relay,3,7,8,7,CC-BY-4.0
AVP-R-2405,validation,lmdg-synthetic,CVE-2021-11644,CWE-798,T1018;T1047;T1569.002,Tool Injection,1,4,5,4,CC-BY-4.0
AVP-R-2406,validation,lanl,CVE-2022-25344,CWE-798,T1078.001,Role Confusion,3,9,10,9,CC-BY-4.0
AVP-R-2407,validation,mitre-engenuity,CVE-2023-30824,CWE-798,T1029,Slow Exfiltration,1,6,7,6,CC-BY-4.0
AVP-R-2408,test-standard,lanl,CVE-2022-20823,CWE-200,T1557.001,NTLM Relay,2,5,6,5,CC-BY-4.0
AVP-R-2409,test-standard,lmdg-synthetic,CVE-2021-18220,CWE-287,T1018;T1557.001,NTLM Relay,1,9,10,9,CC-BY-4.0
AVP-R-2410,test-standard,mitre-engenuity,CVE-2023-15617,CWE-306,T1557.001,NTLM Relay,2,6,7,6,CC-BY-4.0
AVP-R-2411,test-standard,lanl,CVE-2021-10000,CWE-287,T1029,Slow Exfiltration,1,7,8,7,CC-BY-4.0
AVP-R-2412,test-standard,mitre-engenuity,CVE-2021-19042,CWE-613,T1078.001,Role Confusion,1,6,7,6,CC-BY-4.0
AVP-R-2413,test-standard,lmdg-synthetic,CVE-2022-21234,CWE-798,T1021.006;T1047;T1569.002,Tool Injection,2,5,6,5,CC-BY-4.0
AVP-R-2414,test-standard,lanl,CVE-2022-19179,CWE-620,T1078,Noisy Decoy,3,8,9,8,CC-BY-4.0
AVP-R-2415,test-standard,mitre-engenuity,CVE-2022-11370,CWE-287,T1078,Noisy Decoy,3,10,11,10,CC-BY-4.0
AVP-R-2416,test-standard,lanl,CVE-2023-10274,CWE-798,T1078,Noisy Decoy,3,5,6,5,CC-BY-4.0
AVP-R-2417,test-standard,mitre-engenuity,CVE-2022-18357,CWE-306,T1078,Noisy Decoy,4,6,7,6,CC-BY-4.0
AVP-R-2418,test-standard,lmdg-synthetic,CVE-2023-21371,CWE-307,T1059.003;T1557.001,NTLM Relay,3,6,7,6,CC-BY-4.0
AVP-R-2419,test-standard,lmdg-synthetic,CVE-2022-15891,CWE-307,T1021.001;T1047;T1569.002,Tool Injection,2,10,11,10,CC-BY-4.0
AVP-R-2420,test-standard,lanl,CVE-2021-20686,CWE-640,T1078.001,Role Confusion,1,8,9,8,CC-BY-4.0
AVP-R-2421,test-standard,mitre-engenuity,CVE-2021-11644,CWE-798,T1047;T1569.002,Tool Injection,3,6,7,6,CC-BY-4.0
AVP-R-2422,test-standard,mitre-engenuity,CVE-2022-19179,CWE-620,T1029,Slow Exfiltration,4,5,6,5,CC-BY-4.0
AVP-R-2423,test-standard,lanl,CVE-2021-15754,CWE-798,T1078,Noisy Decoy,3,8,9,8,CC-BY-4.0
AVP-R-2424,test-standard,mitre-engenuity,CVE-2022-22878,CWE-521,T1029,Slow Exfiltration,3,8,9,8,CC-BY-4.0
AVP-R-2425,test-standard,lanl,CVE-2023-21782,CWE-613,T1047;T1569.002,Tool Injection,1,8,9,8,CC-BY-4.0
AVP-R-2426,test-standard,lanl,CVE-2023-17261,CWE-307,T1047;T1569.002,Tool Injection,4,5,6,5,CC-BY-4.0
AVP-R-2427,test-standard,lanl,CVE-2023-17672,CWE-613,T1029,Slow Exfiltration,2,6,7,6,CC-BY-4.0
AVP-R-2428,test-standard,lanl,CVE-2023-23426,CWE-640,T1047;T1569.002,Tool Injection,2,11,12,11,CC-BY-4.0
AVP-R-2429,test-standard,lanl,CVE-2023-10274,CWE-798,T1047;T1569.002,Tool Injection,1,8,9,8,CC-BY-4.0
AVP-R-2430,test-standard,lmdg-synthetic,CVE-2021-19042,CWE-613,T1047;T1087;T1569.002,Tool Injection,3,7,8,7,CC-BY-4.0
AVP-R-2431,test-standard,mitre-engenuity,CVE-2022-11781,CWE-307,T1557.001,NTLM Relay,3,10,11,10,CC-BY-4.0
AVP-R-2432,test-standard,lmdg-synthetic,CVE-2021-21097,CWE-306,T1047;T1087;T1569.002,Tool Injection,1,10,11,10,CC-BY-4.0
AVP-R-2433,test-standard,lanl,CVE-2023-16439,CWE-620,T1029,Slow Exfiltration,2,6,7,6,CC-BY-4.0
AVP-R-2434,test-standard,lmdg-synthetic,CVE-2022-20823,CWE-200,T1029;T1059.001,Slow Exfiltration,1,5,6,5,CC-BY-4.0
AVP-R-2435,test-standard,lanl,CVE-2021-19042,CWE-613,T1029,Slow Exfiltration,2,9,10,9,CC-BY-4.0
AVP-R-2436,test-standard,lanl,CVE-2023-11096,CWE-640,T1047;T1569.002,Tool Injection,1,5,6,5,CC-BY-4.0
AVP-R-2437,test-standard,lanl,CVE-2023-18083,CWE-200,T1029,Slow Exfiltration,1,6,7,6,CC-BY-4.0
AVP-R-2438,test-standard,lanl,CVE-2022-17124,CWE-798,T1078,Noisy Decoy,1,8,9,8,CC-BY-4.0
AVP-R-2439,test-standard,lmdg-synthetic,CVE-2021-21508,CWE-521,T1078;T1087,Noisy Decoy,3,10,11,10,CC-BY-4.0
AVP-R-2440,test-standard,mitre-engenuity,CVE-2022-21645,CWE-384,T1029,Slow Exfiltration,1,6,7,6,CC-BY-4.0
AVP-R-2441,test-standard,mitre-engenuity,CVE-2022-19590,CWE-287,T1557.001,NTLM Relay,1,10,11,10,CC-BY-4.0
AVP-R-2442,test-standard,lmdg-synthetic,CVE-2023-11507,CWE-306,T1078;T1087,Noisy Decoy,3,5,6,5,CC-BY-4.0
AVP-R-2443,test-standard,lanl,CVE-2022-20823,CWE-200,T1557.001,NTLM Relay,1,5,6,5,CC-BY-4.0
AVP-R-2444,test-standard,mitre-engenuity,CVE-2021-18220,CWE-287,T1078.001,Role Confusion,1,10,11,10,CC-BY-4.0
AVP-R-2445,test-standard,mitre-engenuity,CVE-2023-20960,CWE-287,T1078,Noisy Decoy,2,9,10,9,CC-BY-4.0
AVP-R-2446,test-standard,lmdg-synthetic,CVE-2022-10548,CWE-521,T1021.006;T1047;T1569.002,Tool Injection,1,10,11,10,CC-BY-4.0
AVP-R-2447,test-standard,mitre-engenuity,CVE-2021-22330,CWE-287,T1047;T1569.002,Tool Injection,1,8,9,8,CC-BY-4.0
AVP-R-2448,test-standard,mitre-engenuity,CVE-2022-11370,CWE-287,T1029,Slow Exfiltration,2,10,11,10,CC-BY-4.0
AVP-R-2449,test-standard,lanl,CVE-2022-16302,CWE-613,T1029,Slow Exfiltration,2,7,8,7,CC-BY-4.0
AVP-R-2450,test-standard,mitre-engenuity,CVE-2023-18494,CWE-798,T1078,Noisy Decoy,1,6,7,6,CC-BY-4.0
AVP-R-2451,test-standard,lanl,CVE-2021-10000,CWE-287,T1078.001,Role Confusion,2,10,11,10,CC-BY-4.0
AVP-R-2452,test-standard,lanl,CVE-2023-16439,CWE-620,T1078,Noisy Decoy,1,7,8,7,CC-BY-4.0
AVP-R-2453,test-standard,lmdg-synthetic,CVE-2022-16302,CWE-613,T1021.006;T1078,Noisy Decoy,1,5,6,5,CC-BY-4.0
AVP-R-2454,test-standard,lmdg-synthetic,CVE-2022-17124,CWE-798,T1059.001;T1557.001,NTLM Relay,2,8,9,8,CC-BY-4.0
AVP-R-2455,test-standard,lanl,CVE-2021-20275,CWE-384,T1557.001,NTLM Relay,4,5,6,5,CC-BY-4.0
AVP-R-2456,test-standard,lanl,CVE-2023-21371,CWE-307,T1078,Noisy Decoy,1,5,6,5,CC-BY-4.0
AVP-R-2457,test-standard,lanl,CVE-2021-16165,CWE-384,T1078,Noisy Decoy,1,7,8,7,CC-BY-4.0
AVP-R-2458,test-standard,lanl,CVE-2021-16987,CWE-306,T1078.001,Role Confusion,1,6,7,6,CC-BY-4.0
AVP-R-2459,test-standard,lanl,CVE-2021-17398,CWE-521,T1078,Noisy Decoy,2,9,10,9,CC-BY-4.0
AVP-R-2460,test-standard,lanl,CVE-2022-10548,CWE-521,T1029,Slow Exfiltration,1,7,8,7,CC-BY-4.0
AVP-R-2461,test-standard,lanl,CVE-2023-16850,CWE-287,T1078.001,Role Confusion,2,9,10,9,CC-BY-4.0
AVP-R-2462,test-standard,lmdg-synthetic,CVE-2022-20412,CWE-613,T1049;T1078,Noisy Decoy,3,7,8,7,CC-BY-4.0
AVP-R-2463,test-standard,mitre-engenuity,CVE-2023-11507,CWE-306,T1029,Slow Exfiltration,3,5,6,5,CC-BY-4.0
AVP-R-2464,test-standard,mitre-engenuity,CVE-2023-20549,CWE-620,T1078,Noisy Decoy,4,10,11,10,CC-BY-4.0
AVP-R-2465,test-standard,mitre-engenuity,CVE-2021-10000,CWE-287,T1078,Noisy Decoy,1,8,9,8,CC-BY-4.0
AVP-R-2466,test-standard,lmdg-synthetic,CVE-2021-16576,CWE-640,T1021.006;T1078.001,Role Confusion,4,6,7,6,CC-BY-4.0
AVP-R-2467,test-standard,lmdg-synthetic,CVE-2023-23015,CWE-384,T1021.004;T1078.001,Role Confusion,2,9,10,9,CC-BY-4.0
AVP-R-2468,test-standard,lanl,CVE-2022-11781,CWE-307,T1078.001,Role Confusion,3,6,7,6,CC-BY-4.0
AVP-R-2469,test-standard,lanl,CVE-2023-11096,CWE-640,T1078.001,Role Confusion,3,6,7,6,CC-BY-4.0
AVP-R-2470,test-standard,mitre-engenuity,CVE-2023-17672,CWE-613,T1047;T1569.002,Tool Injection,3,8,9,8,CC-BY-4.0
AVP-R-2471,test-standard,lmdg-synthetic,CVE-2022-15891,CWE-307,T1059.001;T1557.001,NTLM Relay,1,8,9,8,CC-BY-4.0
AVP-R-2472,test-standard,lmdg-synthetic,CVE-2021-23563,CWE-200,T1059.003;T1078.001,Role Confusion,1,5,6,5,CC-BY-4.0
AVP-R-2473,test-standard,mitre-engenuity,CVE-2021-17809,CWE-620,T1078.001,Role Confusion,1,7,8,7,CC-BY-4.0
AVP-R-2474,test-standard,lanl,CVE-2023-19727,CWE-306,T1047;T1569.002,Tool Injection,1,7,8,7,CC-BY-4.0
AVP-R-2475,test-standard,lmdg-synthetic,CVE-2023-21371,CWE-307,T1029;T1049,Slow Exfiltration,1,10,11,10,CC-BY-4.0
AVP-R-2476,test-standard,mitre-engenuity,CVE-2021-17809,CWE-620,T1078.001,Role Confusion,2,10,11,10,CC-BY-4.0
AVP-R-2477,test-standard,mitre-engenuity,CVE-2021-19453,CWE-200,T1078,Noisy Decoy,1,9,10,9,CC-BY-4.0
AVP-R-2478,test-standard,lmdg-synthetic,CVE-2021-11233,CWE-200,T1029;T1087,Slow Exfiltration,1,10,11,10,CC-BY-4.0
AVP-R-2479,test-standard,mitre-engenuity,CVE-2022-11370,CWE-287,T1078,Noisy Decoy,3,9,10,9,CC-BY-4.0
AVP-R-2480,test-standard,lmdg-synthetic,CVE-2022-15891,CWE-307,T1049;T1557.001,NTLM Relay,3,10,11,10,CC-BY-4.0
AVP-R-2481,test-standard,lanl,CVE-2021-19453,CWE-200,T1557.001,NTLM Relay,2,9,10,9,CC-BY-4.0
AVP-R-2482,test-standard,lmdg-synthetic,CVE-2023-22193,CWE-200,T1059.001;T1078,Noisy Decoy,1,5,6,5,CC-BY-4.0
AVP-R-2483,test-standard,lmdg-synthetic,CVE-2023-22193,CWE-200,T1047;T1087;T1569.002,Tool Injection,2,11,12,11,CC-BY-4.0
AVP-R-2484,test-standard,mitre-engenuity,CVE-2021-16987,CWE-306,T1078.001,Role Confusion,2,5,6,5,CC-BY-4.0
AVP-R-2485,test-standard,lanl,CVE-2022-19590,CWE-287,T1047;T1569.002,Tool Injection,3,9,10,9,CC-BY-4.0
AVP-R-2486,test-standard,lanl,CVE-2022-23289,CWE-620,T1078,Noisy Decoy,2,6,7,6,CC-BY-4.0
AVP-R-2487,test-standard,mitre-engenuity,CVE-2021-19864,CWE-798,T1029,Slow Exfiltration,3,7,8,7,CC-BY-4.0
AVP-R-2488,test-standard,lanl,CVE-2023-16850,CWE-287,T1557.001,NTLM Relay,1,8,9,8,CC-BY-4.0
AVP-R-2489,test-standard,lmdg-synthetic,CVE-2022-11781,CWE-307,T1018;T1078,Noisy Decoy,2,10,11,10,CC-BY-4.0
AVP-R-2490,test-standard,mitre-engenuity,CVE-2021-10000,CWE-287,T1078.001,Role Confusion,2,5,6,5,CC-BY-4.0
AVP-R-2491,test-standard,mitre-engenuity,CVE-2023-19727,CWE-306,T1029,Slow Exfiltration,1,9,10,9,CC-BY-4.0
AVP-R-2492,test-standard,lanl,CVE-2023-17672,CWE-613,T1078,Noisy Decoy,2,9,10,9,CC-BY-4.0
AVP-R-2493,test-standard,lmdg-synthetic,CVE-2023-10685,CWE-384,T1021.001;T1078,Noisy Decoy,1,9,10,9,CC-BY-4.0
AVP-R-2494,test-standard,lmdg-synthetic,CVE-2023-11096,CWE-640,T1021.001;T1047;T1569.002,Tool Injection,1,8,9,8,CC-BY-4.0
AVP-R-2495,test-standard,lmdg-synthetic,CVE-2022-23289,CWE-620,T1029;T1087,Slow Exfiltration,3,7,8,7,CC-BY-4.0
AVP-R-2496,test-standard,mitre-engenuity,CVE-2023-16439,CWE-620,T1078,Noisy Decoy,3,9,10,9,CC-BY-4.0
AVP-R-2497,test-standard,mitre-engenuity,CVE-2023-18083,CWE-200,T1029,Slow Exfiltration,3,10,11,10,CC-BY-4.0
AVP-R-2498,test-standard,lmdg-synthetic,CVE-2022-11781,CWE-307,T1021.004;T1047;T1569.002,Tool Injection,1,10,11,10,CC-BY-4.0
AVP-R-2499,test-standard,mitre-engenuity,CVE-2022-18768,CWE-521,T1557.001,NTLM Relay,3,5,6,5,CC-BY-4.0
AVP-R-2500,test-standard,lanl,CVE-2021-16987,CWE-306,T1557.001,NTLM Relay,2,9,10,9,CC-BY-4.0
AVP-R-2501,test-standard,lanl,CVE-2023-22193,CWE-200,T1047;T1569.002,Tool Injection,1,11,12,11,CC-BY-4.0
AVP-R-2502,test-standard,mitre-engenuity,CVE-2021-17809,CWE-620,T1078,Noisy Decoy,3,6,7,6,CC-BY-4.0
AVP-R-2503,test-standard,lanl,CVE-2022-16713,CWE-200,T1047;T1569.002,Tool Injection,2,11,12,11,CC-BY-4.0
AVP-R-2504,test-standard,mitre-engenuity,CVE-2023-17261,CWE-307,T1029,Slow Exfiltration,1,10,11,10,CC-BY-4.0
AVP-R-2505,test-standard,lanl,CVE-2023-19727,CWE-306,T1029,Slow Exfiltration,2,10,11,10,CC-BY-4.0
AVP-R-2506,test-standard,mitre-engenuity,CVE-2021-19864,CWE-798,T1557.001,NTLM Relay,1,10,11,10,CC-BY-4.0
AVP-R-2507,test-standard,lmdg-synthetic,CVE-2023-20138,CWE-521,T1029;T1087,Slow Exfiltration,2,10,11,10,CC-BY-4.0
AVP-R-2508,test-standard,lanl,CVE-2021-21097,CWE-306,T1078,Noisy Decoy,2,5,6,5,CC-BY-4.0
AVP-R-2509,test-standard,lanl,CVE-2021-18220,CWE-287,T1557.001,NTLM Relay,2,6,7,6,CC-BY-4.0
AVP-R-2510,test-standard,lanl,CVE-2021-10000,CWE-287,T1078.001,Role Confusion,2,8,9,8,CC-BY-4.0
AVP-R-2511,test-standard,lmdg-synthetic,CVE-2023-20960,CWE-287,T1029;T1059.003,Slow Exfiltration,2,9,10,9,CC-BY-4.0
AVP-R-2512,test-standard,lmdg-synthetic,CVE-2023-22604,CWE-798,T1021.004;T1047;T1569.002,Tool Injection,2,7,8,7,CC-BY-4.0
AVP-R-2513,test-standard,lanl,CVE-2021-20686,CWE-640,T1029,Slow Exfiltration,3,7,8,7,CC-BY-4.0
AVP-R-2514,test-standard,lanl,CVE-2022-21645,CWE-384,T1029,Slow Exfiltration,2,8,9,8,CC-BY-4.0
AVP-R-2515,test-standard,mitre-engenuity,CVE-2023-20549,CWE-620,T1557.001,NTLM Relay,1,8,9,8,CC-BY-4.0
AVP-R-2516,test-standard,lanl,CVE-2021-21919,CWE-620,T1557.001,NTLM Relay,1,8,9,8,CC-BY-4.0
AVP-R-2517,test-standard,lmdg-synthetic,CVE-2022-19179,CWE-620,T1059.003;T1078.001,Role Confusion,1,9,10,9,CC-BY-4.0
AVP-R-2518,test-standard,mitre-engenuity,CVE-2022-10137,CWE-306,T1078.001,Role Confusion,2,6,7,6,CC-BY-4.0
AVP-R-2519,test-standard,mitre-engenuity,CVE-2022-11370,CWE-287,T1029,Slow Exfiltration,2,10,11,10,CC-BY-4.0
AVP-R-2520,test-standard,lmdg-synthetic,CVE-2023-21371,CWE-307,T1059.003;T1078.001,Role Confusion,1,9,10,9,CC-BY-4.0
AVP-R-2521,test-standard,lmdg-synthetic,CVE-2023-23426,CWE-640,T1021.004;T1557.001,NTLM Relay,1,5,6,5,CC-BY-4.0
AVP-R-2522,test-standard,mitre-engenuity,CVE-2022-17946,CWE-640,T1557.001,NTLM Relay,2,9,10,9,CC-BY-4.0
AVP-R-2523,test-standard,lanl,CVE-2021-10822,CWE-613,T1047;T1569.002,Tool Injection,1,10,11,10,CC-BY-4.0
AVP-R-2524,test-standard,lanl,CVE-2021-20275,CWE-384,T1557.001,NTLM Relay,1,6,7,6,CC-BY-4.0
AVP-R-2525,test-standard,lanl,CVE-2022-10548,CWE-521,T1047;T1569.002,Tool Injection,1,9,10,9,CC-BY-4.0
AVP-R-2526,test-standard,mitre-engenuity,CVE-2023-11918,CWE-521,T1078,Noisy Decoy,2,8,9,8,CC-BY-4.0
AVP-R-2527,test-standard,lanl,CVE-2022-15891,CWE-307,T1078,Noisy Decoy,1,6,7,6,CC-BY-4.0
AVP-R-2528,test-standard,lanl,CVE-2022-15891,CWE-307,T1078.001,Role Confusion,1,8,9,8,CC-BY-4.0
AVP-R-2529,test-standard,lmdg-synthetic,CVE-2021-16576,CWE-640,T1021.001;T1047;T1569.002,Tool Injection,4,6,7,6,CC-BY-4.0
AVP-R-2530,test-standard,lanl,CVE-2022-22467,CWE-306,T1029,Slow Exfiltration,2,5,6,5,CC-BY-4.0
AVP-R-2531,test-standard,lanl,CVE-2022-20001,CWE-307,T1029,Slow Exfiltration,3,9,10,9,CC-BY-4.0
AVP-R-2532,test-standard,lanl,CVE-2021-19453,CWE-200,T1078,Noisy Decoy,4,5,6,5,CC-BY-4.0
AVP-R-2533,test-standard,mitre-engenuity,CVE-2021-16987,CWE-306,T1029,Slow Exfiltration,1,10,11,10,CC-BY-4.0
AVP-R-2534,test-standard,lanl,CVE-2022-16713,CWE-200,T1047;T1569.002,Tool Injection,2,8,9,8,CC-BY-4.0
AVP-R-2535,test-standard,mitre-engenuity,CVE-2022-21645,CWE-384,T1047;T1569.002,Tool Injection,3,7,8,7,CC-BY-4.0
AVP-R-2536,test-standard,mitre-engenuity,CVE-2023-19316,CWE-640,T1078,Noisy Decoy,3,11,12,11,CC-BY-4.0
AVP-R-2537,test-standard,lmdg-synthetic,CVE-2022-22878,CWE-521,T1021.004;T1047;T1569.002,Tool Injection,2,10,11,10,CC-BY-4.0
AVP-R-2538,test-standard,mitre-engenuity,CVE-2023-19727,CWE-306,T1047;T1569.002,Tool Injection,3,11,12,11,CC-BY-4.0
AVP-R-2539,test-standard,lanl,CVE-2022-22056,CWE-640,T1557.001,NTLM Relay,3,10,11,10,CC-BY-4.0
AVP-R-2540,test-standard,mitre-engenuity,CVE-2021-11644,CWE-798,T1557.001,NTLM Relay,3,6,7,6,CC-BY-4.0
AVP-R-2541,test-standard,lanl,CVE-2023-16439,CWE-620,T1029,Slow Exfiltration,1,9,10,9,CC-BY-4.0
AVP-R-2542,test-standard,lanl,CVE-2022-16713,CWE-200,T1557.001,NTLM Relay,2,10,11,10,CC-BY-4.0
AVP-R-2543,test-standard,mitre-engenuity,CVE-2023-23426,CWE-640,T1557.001,NTLM Relay,3,8,9,8,CC-BY-4.0
AVP-R-2544,test-standard,mitre-engenuity,CVE-2023-23426,CWE-640,T1078,Noisy Decoy,2,7,8,7,CC-BY-4.0
AVP-R-2545,test-standard,mitre-engenuity,CVE-2021-20686,CWE-640,T1557.001,NTLM Relay,1,6,7,6,CC-BY-4.0
AVP-R-2546,test-standard,mitre-engenuity,CVE-2022-21645,CWE-384,T1078,Noisy Decoy,3,7,8,7,CC-BY-4.0
AVP-R-2547,test-standard,lanl,CVE-2021-18220,CWE-287,T1029,Slow Exfiltration,1,10,11,10,CC-BY-4.0
AVP-R-2548,test-standard,lanl,CVE-2022-11370,CWE-287,T1078.001,Role Confusion,1,10,11,10,CC-BY-4.0
AVP-R-2549,test-standard,lanl,CVE-2023-17261,CWE-307,T1029,Slow Exfiltration,1,6,7,6,CC-BY-4.0
AVP-R-2550,test-standard,lmdg-synthetic,CVE-2021-10822,CWE-613,T1021.006;T1029,Slow Exfiltration,1,10,11,10,CC-BY-4.0
AVP-R-2551,test-standard,mitre-engenuity,CVE-2023-21371,CWE-307,T1078,Noisy Decoy,3,8,9,8,CC-BY-4.0
AVP-R-2552,test-standard,mitre-engenuity,CVE-2022-19590,CWE-287,T1029,Slow Exfiltration,1,6,7,6,CC-BY-4.0
AVP-R-2553,test-standard,lmdg-synthetic,CVE-2023-15617,CWE-306,T1018;T1557.001,NTLM Relay,1,11,12,11,CC-BY-4.0
AVP-R-2554,test-standard,lmdg-synthetic,CVE-2023-16439,CWE-620,T1018;T1557.001,NTLM Relay,1,10,11,10,CC-BY-4.0
AVP-R-2555,test-standard,mitre-engenuity,CVE-2022-21645,CWE-384,T1078.001,Role Confusion,4,6,7,6,CC-BY-4.0
AVP-R-2556,test-standard,mitre-engenuity,CVE-2023-11918,CWE-521,T1078.001,Role Confusion,1,9,10,9,CC-BY-4.0
AVP-R-2557,test-standard,lanl,CVE-2021-17809,CWE-620,T1078,Noisy Decoy,4,5,6,5,CC-BY-4.0
AVP-R-2558,test-standard,lmdg-synthetic,CVE-2021-23152,CWE-613,T1021.001;T1078.001,Role Confusion,1,7,8,7,CC-BY-4.0
AVP-R-2559,test-standard,mitre-engenuity,CVE-2021-23152,CWE-613,T1557.001,NTLM Relay,1,5,6,5,CC-BY-4.0
AVP-R-2560,test-standard,mitre-engenuity,CVE-2022-22467,CWE-306,T1557.001,NTLM Relay,3,9,10,9,CC-BY-4.0
AVP-R-2561,test-standard,lanl,CVE-2022-16302,CWE-613,T1047;T1569.002,Tool Injection,1,9,10,9,CC-BY-4.0
AVP-R-2562,test-standard,lanl,CVE-2023-16439,CWE-620,T1078,Noisy Decoy,3,8,9,8,CC-BY-4.0
AVP-R-2563,test-standard,lanl,CVE-2022-18357,CWE-306,T1078.001,Role Confusion,3,9,10,9,CC-BY-4.0
AVP-R-2564,test-standard,mitre-engenuity,CVE-2021-18220,CWE-287,T1029,Slow Exfiltration,3,5,6,5,CC-BY-4.0
AVP-R-2565,test-standard,mitre-engenuity,CVE-2022-17535,CWE-384,T1029,Slow Exfiltration,2,6,7,6,CC-BY-4.0
AVP-R-2566,test-standard,lmdg-synthetic,CVE-2021-23152,CWE-613,T1047;T1087;T1569.002,Tool Injection,1,7,8,7,CC-BY-4.0
AVP-R-2567,test-standard,lanl,CVE-2022-21645,CWE-384,T1557.001,NTLM Relay,3,6,7,6,CC-BY-4.0
AVP-R-2568,test-standard,lanl,CVE-2021-20275,CWE-384,T1078,Noisy Decoy,2,6,7,6,CC-BY-4.0
AVP-R-2569,test-standard,lanl,CVE-2023-10685,CWE-384,T1078,Noisy Decoy,3,9,10,9,CC-BY-4.0
AVP-R-2570,test-standard,mitre-engenuity,CVE-2022-15891,CWE-307,T1078.001,Role Confusion,2,8,9,8,CC-BY-4.0
AVP-R-2571,test-standard,lmdg-synthetic,CVE-2022-11370,CWE-287,T1021.004;T1047;T1569.002,Tool Injection,4,8,9,8,CC-BY-4.0
AVP-R-2572,test-standard,lmdg-synthetic,CVE-2023-16850,CWE-287,T1087;T1557.001,NTLM Relay,2,6,7,6,CC-BY-4.0
AVP-R-2573,test-standard,mitre-engenuity,CVE-2023-21782,CWE-613,T1029,Slow Exfiltration,3,9,10,9,CC-BY-4.0
AVP-R-2574,test-standard,mitre-engenuity,CVE-2022-17946,CWE-640,T1047;T1569.002,Tool Injection,1,5,6,5,CC-BY-4.0
AVP-R-2575,test-standard,mitre-engenuity,CVE-2022-21645,CWE-384,T1047;T1569.002,Tool Injection,4,7,8,7,CC-BY-4.0
AVP-R-2576,test-standard,lanl,CVE-2023-16850,CWE-287,T1029,Slow Exfiltration,1,10,11,10,CC-BY-4.0
AVP-R-2577,test-standard,mitre-engenuity,CVE-2023-10274,CWE-798,T1029,Slow Exfiltration,1,10,11,10,CC-BY-4.0
AVP-R-2578,test-standard,mitre-engenuity,CVE-2022-22056,CWE-640,T1078.001,Role Confusion,1,7,8,7,CC-BY-4.0
AVP-R-2579,test-standard,lanl,CVE-2021-16165,CWE-384,T1078,Noisy Decoy,3,6,7,6,CC-BY-4.0
AVP-R-2580,test-standard,lanl,CVE-2022-23289,CWE-620,T1047;T1569.002,Tool Injection,2,7,8,7,CC-BY-4.0
AVP-R-2581,test-standard,lanl,CVE-2021-18631,CWE-307,T1078,Noisy Decoy,4,6,7,6,CC-BY-4.0
AVP-R-2582,test-standard,lanl,CVE-2022-11370,CWE-287,T1078.001,Role Confusion,3,7,8,7,CC-BY-4.0
AVP-R-2583,test-standard,lmdg-synthetic,CVE-2023-16028,CWE-521,T1021.001;T1047;T1569.002,Tool Injection,1,8,9,8,CC-BY-4.0
AVP-R-2584,test-standard,lanl,CVE-2023-22193,CWE-200,T1029,Slow Exfiltration,1,11,12,11,CC-BY-4.0
AVP-R-2585,test-standard,lanl,CVE-2021-11233,CWE-200,T1078.001,Role Confusion,1,9,10,9,CC-BY-4.0
AVP-R-2586,test-standard,lmdg-synthetic,CVE-2022-23289,CWE-620,T1059.003;T1557.001,NTLM Relay,1,5,6,5,CC-BY-4.0
AVP-R-2587,test-standard,lanl,CVE-2021-22741,CWE-307,T1557.001,NTLM Relay,1,9,10,9,CC-BY-4.0
AVP-R-2588,test-standard,mitre-engenuity,CVE-2023-10274,CWE-798,T1078.001,Role Confusion,2,6,7,6,CC-BY-4.0
AVP-R-2589,test-standard,mitre-engenuity,CVE-2022-16713,CWE-200,T1078.001,Role Confusion,4,6,7,6,CC-BY-4.0
AVP-R-2590,test-standard,lanl,CVE-2022-16713,CWE-200,T1078,Noisy Decoy,1,8,9,8,CC-BY-4.0
AVP-R-2591,test-standard,lmdg-synthetic,CVE-2021-17809,CWE-620,T1047;T1049;T1569.002,Tool Injection,2,5,6,5,CC-BY-4.0
AVP-R-2592,test-standard,mitre-engenuity,CVE-2022-11781,CWE-307,T1557.001,NTLM Relay,1,8,9,8,CC-BY-4.0
AVP-R-2593,test-standard,mitre-engenuity,CVE-2021-21919,CWE-620,T1047;T1569.002,Tool Injection,1,10,11,10,CC-BY-4.0
AVP-R-2594,test-standard,lanl,CVE-2021-20275,CWE-384,T1557.001,NTLM Relay,3,9,10,9,CC-BY-4.0
AVP-R-2595,test-standard,lmdg-synthetic,CVE-2021-19864,CWE-798,T1049;T1557.001,NTLM Relay,3,7,8,7,CC-BY-4.0
AVP-R-2596,test-standard,lanl,CVE-2023-20549,CWE-620,T1557.001,NTLM Relay,2,8,9,8,CC-BY-4.0
AVP-R-2597,test-standard,lmdg-synthetic,CVE-2022-11370,CWE-287,T1021.004;T1047;T1569.002,Tool Injection,3,7,8,7,CC-BY-4.0
AVP-R-2598,test-standard,lanl,CVE-2022-10548,CWE-521,T1557.001,NTLM Relay,1,10,11,10,CC-BY-4.0
AVP-R-2599,test-standard,mitre-engenuity,CVE-2021-16987,CWE-306,T1557.001,NTLM Relay,3,8,9,8,CC-BY-4.0
AVP-R-2600,test-standard,lanl,CVE-2022-18768,CWE-521,T1557.001,NTLM Relay,2,6,7,6,CC-BY-4.0
AVP-R-2601,test-standard,lanl,CVE-2021-19864,CWE-798,T1047;T1569.002,Tool Injection,1,10,11,10,CC-BY-4.0
AVP-R-2602,test-standard,lanl,CVE-2023-15617,CWE-306,T1078,Noisy Decoy,1,10,11,10,CC-BY-4.0
AVP-R-2603,test-standard,mitre-engenuity,CVE-2022-10137,CWE-306,T1557.001,NTLM Relay,3,10,11,10,CC-BY-4.0
AVP-R-2604,test-standard,mitre-engenuity,CVE-2023-18083,CWE-200,T1047;T1569.002,Tool Injection,1,6,7,6,CC-BY-4.0
AVP-R-2605,test-standard,lmdg-synthetic,CVE-2021-18631,CWE-307,T1021.001;T1047;T1569.002,Tool Injection,4,6,7,6,CC-BY-4.0
AVP-R-2606,test-standard,mitre-engenuity,CVE-2022-21234,CWE-798,T1557.001,NTLM Relay,3,8,9,8,CC-BY-4.0
AVP-R-2607,test-standard,mitre-engenuity,CVE-2021-21508,CWE-521,T1078.001,Role Confusion,1,8,9,8,CC-BY-4.0
AVP-R-2608,test-standard,mitre-engenuity,CVE-2022-16302,CWE-613,T1078.001,Role Confusion,2,9,10,9,CC-BY-4.0
AVP-R-2609,test-standard,mitre-engenuity,CVE-2023-17672,CWE-613,T1029,Slow Exfiltration,2,5,6,5,CC-BY-4.0
AVP-R-2610,test-standard,lmdg-synthetic,CVE-2023-22604,CWE-798,T1029;T1049,Slow Exfiltration,2,6,7,6,CC-BY-4.0
AVP-R-2611,test-standard,lanl,CVE-2021-10000,CWE-287,T1557.001,NTLM Relay,3,5,6,5,CC-BY-4.0
AVP-R-2612,test-standard,mitre-engenuity,CVE-2023-11918,CWE-521,T1047;T1569.002,Tool Injection,3,10,11,10,CC-BY-4.0
AVP-R-2613,test-standard,lanl,CVE-2023-21782,CWE-613,T1557.001,NTLM Relay,1,7,8,7,CC-BY-4.0
AVP-R-2614,test-standard,lanl,CVE-2022-16713,CWE-200,T1047;T1569.002,Tool Injection,1,6,7,6,CC-BY-4.0
AVP-R-2615,test-standard,lmdg-synthetic,CVE-2021-16165,CWE-384,T1018;T1557.001,NTLM Relay,2,10,11,10,CC-BY-4.0
AVP-R-2616,test-standard,mitre-engenuity,CVE-2021-17398,CWE-521,T1078,Noisy Decoy,2,8,9,8,CC-BY-4.0
AVP-R-2617,test-standard,mitre-engenuity,CVE-2022-20412,CWE-613,T1557.001,NTLM Relay,3,10,11,10,CC-BY-4.0
AVP-R-2618,test-standard,mitre-engenuity,CVE-2022-22878,CWE-521,T1047;T1569.002,Tool Injection,1,8,9,8,CC-BY-4.0
AVP-R-2619,test-standard,lanl,CVE-2023-18905,CWE-384,T1557.001,NTLM Relay,3,7,8,7,CC-BY-4.0
AVP-R-2620,test-standard,lmdg-synthetic,CVE-2021-21097,CWE-306,T1029;T1059.001,Slow Exfiltration,1,8,9,8,CC-BY-4.0
AVP-R-2621,test-standard,mitre-engenuity,CVE-2021-11233,CWE-200,T1557.001,NTLM Relay,3,6,7,6,CC-BY-4.0
AVP-R-2622,test-standard,mitre-engenuity,CVE-2021-16165,CWE-384,T1029,Slow Exfiltration,1,9,10,9,CC-BY-4.0
AVP-R-2623,test-standard,lanl,CVE-2023-11096,CWE-640,T1047;T1569.002,Tool Injection,1,9,10,9,CC-BY-4.0
AVP-R-2624,test-standard,lanl,CVE-2021-19864,CWE-798,T1078.001,Role Confusion,2,9,10,9,CC-BY-4.0
AVP-R-2625,test-standard,lanl,CVE-2023-18905,CWE-384,T1047;T1569.002,Tool Injection,1,8,9,8,CC-BY-4.0
AVP-R-2626,test-standard,lanl,CVE-2021-19453,CWE-200,T1078,Noisy Decoy,2,8,9,8,CC-BY-4.0
AVP-R-2627,test-standard,mitre-engenuity,CVE-2021-11233,CWE-200,T1029,Slow Exfiltration,1,5,6,5,CC-BY-4.0
AVP-R-2628,test-standard,lmdg-synthetic,CVE-2022-10959,CWE-620,T1047;T1059.001;T1569.002,Tool Injection,3,6,7,6,CC-BY-4.0
AVP-R-2629,test-standard,lanl,CVE-2023-20960,CWE-287,T1029,Slow Exfiltration,2,7,8,7,CC-BY-4.0
AVP-R-2630,test-standard,lmdg-synthetic,CVE-2023-22604,CWE-798,T1059.001;T1557.001,NTLM Relay,2,9,10,9,CC-BY-4.0
AVP-R-2631,test-standard,mitre-engenuity,CVE-2021-17398,CWE-521,T1047;T1569.002,Tool Injection,1,9,10,9,CC-BY-4.0
AVP-R-2632,test-standard,mitre-engenuity,CVE-2021-22741,CWE-307,T1078.001,Role Confusion,2,5,6,5,CC-BY-4.0
AVP-R-2633,test-standard,mitre-engenuity,CVE-2022-10548,CWE-521,T1029,Slow Exfiltration,3,7,8,7,CC-BY-4.0
AVP-R-2634,test-standard,mitre-engenuity,CVE-2021-16576,CWE-640,T1078.001,Role Confusion,2,10,11,10,CC-BY-4.0
AVP-R-2635,test-standard,lanl,CVE-2022-10548,CWE-521,T1029,Slow Exfiltration,1,6,7,6,CC-BY-4.0
AVP-R-2636,test-standard,mitre-engenuity,CVE-2021-23563,CWE-200,T1029,Slow Exfiltration,3,7,8,7,CC-BY-4.0
AVP-R-2637,test-standard,lanl,CVE-2022-20823,CWE-200,T1078.001,Role Confusion,3,10,11,10,CC-BY-4.0
AVP-R-2638,test-standard,mitre-engenuity,CVE-2022-10137,CWE-306,T1557.001,NTLM Relay,2,7,8,7,CC-BY-4.0
AVP-R-2639,test-standard,lanl,CVE-2022-10959,CWE-620,T1078,Noisy Decoy,3,7,8,7,CC-BY-4.0
AVP-R-2640,test-standard,mitre-engenuity,CVE-2023-15617,CWE-306,T1078,Noisy Decoy,1,7,8,7,CC-BY-4.0
AVP-R-2641,test-standard,mitre-engenuity,CVE-2021-20275,CWE-384,T1078.001,Role Confusion,2,6,7,6,CC-BY-4.0
AVP-R-2642,test-standard,mitre-engenuity,CVE-2023-11507,CWE-306,T1557.001,NTLM Relay,1,9,10,9,CC-BY-4.0
AVP-R-2643,test-standard,lanl,CVE-2021-11644,CWE-798,T1029,Slow Exfiltration,2,8,9,8,CC-BY-4.0
AVP-R-2644,test-standard,mitre-engenuity,CVE-2022-17124,CWE-798,T1029,Slow Exfiltration,3,8,9,8,CC-BY-4.0
AVP-R-2645,test-standard,lanl,CVE-2021-10822,CWE-613,T1557.001,NTLM Relay,1,9,10,9,CC-BY-4.0
AVP-R-2646,test-standard,lmdg-synthetic,CVE-2023-19316,CWE-640,T1021.006;T1047;T1569.002,Tool Injection,1,8,9,8,CC-BY-4.0
AVP-R-2647,test-standard,mitre-engenuity,CVE-2023-11096,CWE-640,T1557.001,NTLM Relay,2,10,11,10,CC-BY-4.0
AVP-R-2648,test-standard,lmdg-synthetic,CVE-2023-20549,CWE-620,T1029;T1059.003,Slow Exfiltration,3,7,8,7,CC-BY-4.0
AVP-R-2649,test-standard,mitre-engenuity,CVE-2022-11370,CWE-287,T1078,Noisy Decoy,3,8,9,8,CC-BY-4.0
AVP-R-2650,test-standard,lanl,CVE-2022-19179,CWE-620,T1557.001,NTLM Relay,3,7,8,7,CC-BY-4.0
AVP-R-2651,test-standard,mitre-engenuity,CVE-2022-23289,CWE-620,T1078,Noisy Decoy,3,7,8,7,CC-BY-4.0
AVP-R-2652,test-standard,mitre-engenuity,CVE-2023-21782,CWE-613,T1029,Slow Exfiltration,3,11,12,11,CC-BY-4.0
AVP-R-2653,test-standard,lanl,CVE-2021-21508,CWE-521,T1078.001,Role Confusion,1,8,9,8,CC-BY-4.0
AVP-R-2654,test-standard,lanl,CVE-2021-23563,CWE-200,T1029,Slow Exfiltration,3,7,8,7,CC-BY-4.0
AVP-R-2655,test-standard,lanl,CVE-2023-16850,CWE-287,T1029,Slow Exfiltration,1,10,11,10,CC-BY-4.0
AVP-R-2656,test-standard,lanl,CVE-2023-18905,CWE-384,T1047;T1569.002,Tool Injection,1,9,10,9,CC-BY-4.0
AVP-R-2657,test-standard,lmdg-synthetic,CVE-2022-21645,CWE-384,T1021.001;T1557.001,NTLM Relay,2,9,10,9,CC-BY-4.0
AVP-R-2658,test-standard,lanl,CVE-2021-19864,CWE-798,T1029,Slow Exfiltration,2,7,8,7,CC-BY-4.0
AVP-R-2659,test-standard,lanl,CVE-2021-16987,CWE-306,T1557.001,NTLM Relay,3,5,6,5,CC-BY-4.0
AVP-R-2660,test-standard,lanl,CVE-2023-11507,CWE-306,T1557.001,NTLM Relay,1,5,6,5,CC-BY-4.0
AVP-R-2661,test-standard,lanl,CVE-2021-15754,CWE-798,T1029,Slow Exfiltration,4,9,10,9,CC-BY-4.0
AVP-R-2662,test-standard,lmdg-synthetic,CVE-2021-22741,CWE-307,T1059.003;T1078.001,Role Confusion,1,10,11,10,CC-BY-4.0
AVP-R-2663,test-standard,lanl,CVE-2022-22056,CWE-640,T1047;T1569.002,Tool Injection,3,7,8,7,CC-BY-4.0
AVP-R-2664,test-standard,mitre-engenuity,CVE-2022-18357,CWE-306,T1029,Slow Exfiltration,2,8,9,8,CC-BY-4.0
AVP-R-2665,test-standard,lanl,CVE-2021-16987,CWE-306,T1078.001,Role Confusion,4,6,7,6,CC-BY-4.0
AVP-R-2666,test-standard,lanl,CVE-2022-19179,CWE-620,T1047;T1569.002,Tool Injection,1,6,7,6,CC-BY-4.0
AVP-R-2667,test-standard,mitre-engenuity,CVE-2022-17124,CWE-798,T1047;T1569.002,Tool Injection,2,5,6,5,CC-BY-4.0
AVP-R-2668,test-standard,mitre-engenuity,CVE-2021-20275,CWE-384,T1029,Slow Exfiltration,2,10,11,10,CC-BY-4.0
AVP-R-2669,test-standard,lanl,CVE-2022-17535,CWE-384,T1078.001,Role Confusion,1,6,7,6,CC-BY-4.0
AVP-R-2670,test-standard,lanl,CVE-2023-20960,CWE-287,T1078,Noisy Decoy,2,7,8,7,CC-BY-4.0
AVP-R-2671,test-standard,mitre-engenuity,CVE-2021-22741,CWE-307,T1557.001,NTLM Relay,2,11,12,11,CC-BY-4.0
AVP-R-2672,test-standard,mitre-engenuity,CVE-2021-16576,CWE-640,T1078.001,Role Confusion,3,7,8,7,CC-BY-4.0
AVP-R-2673,test-standard,lanl,CVE-2021-21097,CWE-306,T1078,Noisy Decoy,2,8,9,8,CC-BY-4.0
AVP-R-2674,test-standard,mitre-engenuity,CVE-2022-19179,CWE-620,T1557.001,NTLM Relay,1,6,7,6,CC-BY-4.0
AVP-R-2675,test-standard,mitre-engenuity,CVE-2022-11370,CWE-287,T1557.001,NTLM Relay,4,10,11,10,CC-BY-4.0
AVP-R-2676,test-standard,lanl,CVE-2023-18083,CWE-200,T1557.001,NTLM Relay,1,9,10,9,CC-BY-4.0
AVP-R-2677,test-standard,lanl,CVE-2022-10959,CWE-620,T1029,Slow Exfiltration,2,7,8,7,CC-BY-4.0
AVP-R-2678,test-standard,lmdg-synthetic,CVE-2023-17261,CWE-307,T1021.004;T1078,Noisy Decoy,3,7,8,7,CC-BY-4.0
AVP-R-2679,test-standard,lmdg-synthetic,CVE-2023-18494,CWE-798,T1087;T1557.001,NTLM Relay,1,9,10,9,CC-BY-4.0
AVP-R-2680,test-standard,lanl,CVE-2021-21919,CWE-620,T1078,Noisy Decoy,3,10,11,10,CC-BY-4.0
AVP-R-2681,test-standard,lmdg-synthetic,CVE-2022-23289,CWE-620,T1021.006;T1047;T1569.002,Tool Injection,1,10,11,10,CC-BY-4.0
AVP-R-2682,test-standard,lmdg-synthetic,CVE-2022-21645,CWE-384,T1018;T1029,Slow Exfiltration,2,9,10,9,CC-BY-4.0
AVP-R-2683,test-standard,lanl,CVE-2022-17535,CWE-384,T1078,Noisy Decoy,2,6,7,6,CC-BY-4.0
AVP-R-2684,test-standard,lmdg-synthetic,CVE-2022-17535,CWE-384,T1059.001;T1078.001,Role Confusion,1,9,10,9,CC-BY-4.0
AVP-R-2685,test-standard,mitre-engenuity,CVE-2023-19316,CWE-640,T1047;T1569.002,Tool Injection,2,7,8,7,CC-BY-4.0
AVP-R-2686,test-standard,mitre-engenuity,CVE-2021-11644,CWE-798,T1078.001,Role Confusion,1,7,8,7,CC-BY-4.0
AVP-R-2687,test-standard,mitre-engenuity,CVE-2022-15891,CWE-307,T1557.001,NTLM Relay,3,7,8,7,CC-BY-4.0
AVP-R-2688,test-standard,lanl,CVE-2022-16302,CWE-613,T1047;T1569.002,Tool Injection,4,5,6,5,CC-BY-4.0
AVP-R-2689,test-standard,mitre-engenuity,CVE-2023-23426,CWE-640,T1078.001,Role Confusion,3,9,10,9,CC-BY-4.0
AVP-R-2690,test-standard,lanl,CVE-2022-10959,CWE-620,T1047;T1569.002,Tool Injection,2,8,9,8,CC-BY-4.0
AVP-R-2691,test-standard,lmdg-synthetic,CVE-2021-16987,CWE-306,T1087;T1557.001,NTLM Relay,2,10,11,10,CC-BY-4.0
AVP-R-2692,test-standard,lanl,CVE-2022-20412,CWE-613,T1557.001,NTLM Relay,1,7,8,7,CC-BY-4.0
AVP-R-2693,test-standard,lmdg-synthetic,CVE-2021-21508,CWE-521,T1021.006;T1078,Noisy Decoy,1,5,6,5,CC-BY-4.0
AVP-R-2694,test-standard,lanl,CVE-2023-15617,CWE-306,T1029,Slow Exfiltration,1,8,9,8,CC-BY-4.0
AVP-R-2695,test-standard,lanl,CVE-2022-11781,CWE-307,T1029,Slow Exfiltration,2,6,7,6,CC-BY-4.0
AVP-R-2696,test-standard,lanl,CVE-2021-16987,CWE-306,T1557.001,NTLM Relay,2,8,9,8,CC-BY-4.0
AVP-R-2697,test-standard,lanl,CVE-2021-18631,CWE-307,T1557.001,NTLM Relay,2,9,10,9,CC-BY-4.0
AVP-R-2698,test-standard,lmdg-synthetic,CVE-2023-19316,CWE-640,T1049;T1557.001,NTLM Relay,2,11,12,11,CC-BY-4.0
AVP-R-2699,test-standard,lmdg-synthetic,CVE-2021-16987,CWE-306,T1047;T1087;T1569.002,Tool Injection,4,10,11,10,CC-BY-4.0
AVP-R-2700,test-standard,lanl,CVE-2021-20686,CWE-640,T1078.001,Role Confusion,2,10,11,10,CC-BY-4.0
AVP-R-2701,test-standard,lanl,CVE-2021-10411,CWE-307,T1047;T1569.002,Tool Injection,1,5,6,5,CC-BY-4.0
AVP-R-2702,test-standard,mitre-engenuity,CVE-2023-18494,CWE-798,T1078,Noisy Decoy,2,9,10,9,CC-BY-4.0
AVP-R-2703,test-standard,lanl,CVE-2022-18357,CWE-306,T1047;T1569.002,Tool Injection,1,11,12,11,CC-BY-4.0
AVP-R-2704,test-standard,lmdg-synthetic,CVE-2022-16713,CWE-200,T1047;T1059.003;T1569.002,Tool Injection,3,10,11,10,CC-BY-4.0
AVP-R-2705,test-standard,lanl,CVE-2021-10822,CWE-613,T1047;T1569.002,Tool Injection,2,10,11,10,CC-BY-4.0
AVP-R-2706,test-standard,lmdg-synthetic,CVE-2022-23289,CWE-620,T1021.006;T1029,Slow Exfiltration,1,7,8,7,CC-BY-4.0
AVP-R-2707,test-standard,lanl,CVE-2022-22056,CWE-640,T1078,Noisy Decoy,3,10,11,10,CC-BY-4.0
AVP-R-2708,test-adversarial,mitre-engenuity,CVE-2023-14795,CWE-384,T1078,Noisy Decoy,4,12,13,12,CC-BY-4.0
AVP-R-2709,test-adversarial,lanl,CVE-2022-10548,CWE-521,T1029,Slow Exfiltration,4,10,11,10,CC-BY-4.0
AVP-R-2710,test-adversarial,mitre-engenuity,CVE-2022-10959,CWE-620,T1047;T1569.002,Tool Injection,4,9,10,9,CC-BY-4.0
AVP-R-2711,test-adversarial,mitre-engenuity,CVE-2023-10274,CWE-798,T1047;T1569.002,Tool Injection,4,8,9,8,CC-BY-4.0
AVP-R-2712,test-adversarial,lmdg-synthetic,CVE-2021-10000,CWE-287,T1018;T1557.001,NTLM Relay,5,12,13,12,CC-BY-4.0
AVP-R-2713,test-adversarial,mitre-engenuity,CVE-2022-13425,CWE-384,T1047;T1569.002,Tool Injection,5,11,12,11,CC-BY-4.0
AVP-R-2714,test-adversarial,mitre-engenuity,CVE-2021-10411,CWE-307,T1047;T1569.002,Tool Injection,4,9,10,9,CC-BY-4.0
AVP-R-2715,test-adversarial,lanl,CVE-2022-10137,CWE-306,T1078.001,Role Confusion,4,7,8,7,CC-BY-4.0
AVP-R-2716,test-adversarial,lmdg-synthetic,CVE-2022-10548,CWE-521,T1021.004;T1078,Noisy Decoy,5,8,9,8,CC-BY-4.0
AVP-R-2717,test-adversarial,mitre-engenuity,CVE-2022-10548,CWE-521,T1078.001,Role Confusion,4,7,8,7,CC-BY-4.0
AVP-R-2718,test-adversarial,lanl,CVE-2022-12603,CWE-200,T1078.001,Role Confusion,5,8,9,8,CC-BY-4.0
AVP-R-2719,test-adversarial,lmdg-synthetic,CVE-2021-11644,CWE-798,T1087;T1557.001,NTLM Relay,4,8,9,8,CC-BY-4.0
AVP-R-2720,test-adversarial,lmdg-synthetic,CVE-2023-11507,CWE-306,T1018;T1078.001,Role Confusion,4,10,11,10,CC-BY-4.0
AVP-R-2721,test-adversarial,lmdg-synthetic,CVE-2022-11781,CWE-307,T1047;T1059.003;T1569.002,Tool Injection,4,9,10,9,CC-BY-4.0
AVP-R-2722,test-adversarial,lanl,CVE-2023-12329,CWE-620,T1557.001,NTLM Relay,5,11,12,11,CC-BY-4.0
AVP-R-2723,test-adversarial,mitre-engenuity,CVE-2023-11918,CWE-521,T1557.001,NTLM Relay,5,10,11,10,CC-BY-4.0
AVP-R-2724,test-adversarial,lanl,CVE-2022-13014,CWE-798,T1047;T1569.002,Tool Injection,4,7,8,7,CC-BY-4.0
AVP-R-2725,test-adversarial,lanl,CVE-2022-10548,CWE-521,T1557.001,NTLM Relay,4,10,11,10,CC-BY-4.0
AVP-R-2726,test-adversarial,lanl,CVE-2023-13151,CWE-307,T1047;T1569.002,Tool Injection,4,12,13,12,CC-BY-4.0
AVP-R-2727,test-adversarial,lanl,CVE-2023-13562,CWE-613,T1047;T1569.002,Tool Injection,5,8,9,8,CC-BY-4.0
AVP-R-2728,test-adversarial,lanl,CVE-2023-10685,CWE-384,T1078,Noisy Decoy,5,12,13,12,CC-BY-4.0
AVP-R-2729,test-adversarial,lanl,CVE-2022-13014,CWE-798,T1078,Noisy Decoy,4,11,12,11,CC-BY-4.0
AVP-R-2730,test-adversarial,mitre-engenuity,CVE-2021-10000,CWE-287,T1078,Noisy Decoy,4,8,9,8,CC-BY-4.0
AVP-R-2731,test-adversarial,lanl,CVE-2021-11644,CWE-798,T1047;T1569.002,Tool Injection,5,8,9,8,CC-BY-4.0
AVP-R-2732,test-adversarial,lmdg-synthetic,CVE-2022-14658,CWE-521,T1029;T1059.003,Slow Exfiltration,4,8,9,8,CC-BY-4.0
AVP-R-2733,test-adversarial,lanl,CVE-2023-12329,CWE-620,T1029,Slow Exfiltration,4,9,10,9,CC-BY-4.0
AVP-R-2734,test-adversarial,lanl,CVE-2023-10274,CWE-798,T1557.001,NTLM Relay,4,11,12,11,CC-BY-4.0
AVP-R-2735,test-adversarial,lanl,CVE-2021-13699,CWE-620,T1557.001,NTLM Relay,4,7,8,7,CC-BY-4.0
AVP-R-2736,test-adversarial,mitre-engenuity,CVE-2021-12466,CWE-640,T1047;T1569.002,Tool Injection,4,11,12,11,CC-BY-4.0
AVP-R-2737,test-adversarial,lanl,CVE-2021-10000,CWE-287,T1078.001,Role Confusion,4,10,11,10,CC-BY-4.0
AVP-R-2738,test-adversarial,lmdg-synthetic,CVE-2022-14247,CWE-306,T1021.004;T1078,Noisy Decoy,4,9,10,9,CC-BY-4.0
AVP-R-2739,test-adversarial,mitre-engenuity,CVE-2023-15206,CWE-640,T1078.001,Role Confusion,4,7,8,7,CC-BY-4.0
AVP-R-2740,test-adversarial,lanl,CVE-2022-11781,CWE-307,T1029,Slow Exfiltration,5,11,12,11,CC-BY-4.0
AVP-R-2741,test-adversarial,lanl,CVE-2021-10000,CWE-287,T1078.001,Role Confusion,5,7,8,7,CC-BY-4.0
AVP-R-2742,test-adversarial,lanl,CVE-2021-14521,CWE-307,T1078.001,Role Confusion,4,10,11,10,CC-BY-4.0
AVP-R-2743,test-adversarial,lanl,CVE-2022-14658,CWE-521,T1557.001,NTLM Relay,4,10,11,10,CC-BY-4.0
AVP-R-2744,test-adversarial,lanl,CVE-2022-15480,CWE-287,T1078,Noisy Decoy,5,7,8,7,CC-BY-4.0
AVP-R-2745,test-adversarial,lanl,CVE-2022-11370,CWE-287,T1047;T1569.002,Tool Injection,4,8,9,8,CC-BY-4.0
AVP-R-2746,test-adversarial,lanl,CVE-2021-10000,CWE-287,T1047;T1569.002,Tool Injection,5,10,11,10,CC-BY-4.0
AVP-R-2747,test-adversarial,lanl,CVE-2021-14521,CWE-307,T1029,Slow Exfiltration,5,8,9,8,CC-BY-4.0
AVP-R-2748,test-adversarial,mitre-engenuity,CVE-2021-12466,CWE-640,T1029,Slow Exfiltration,4,9,10,9,CC-BY-4.0
AVP-R-2749,test-adversarial,mitre-engenuity,CVE-2023-15206,CWE-640,T1078.001,Role Confusion,4,9,10,9,CC-BY-4.0
AVP-R-2750,test-adversarial,lanl,CVE-2022-11781,CWE-307,T1557.001,NTLM Relay,5,9,10,9,CC-BY-4.0
AVP-R-2751,test-adversarial,lmdg-synthetic,CVE-2023-14795,CWE-384,T1087;T1557.001,NTLM Relay,5,8,9,8,CC-BY-4.0
AVP-R-2752,test-adversarial,lanl,CVE-2023-12329,CWE-620,T1029,Slow Exfiltration,5,9,10,9,CC-BY-4.0
AVP-R-2753,test-adversarial,lanl,CVE-2021-13699,CWE-620,T1047;T1569.002,Tool Injection,4,11,12,11,CC-BY-4.0
AVP-R-2754,test-adversarial,lmdg-synthetic,CVE-2022-10137,CWE-306,T1021.006;T1029,Slow Exfiltration,5,12,13,12,CC-BY-4.0
AVP-R-2755,test-adversarial,lanl,CVE-2021-12055,CWE-384,T1078.001,Role Confusion,4,9,10,9,CC-BY-4.0
AVP-R-2756,test-adversarial,lanl,CVE-2023-14795,CWE-384,T1078,Noisy Decoy,4,11,12,11,CC-BY-4.0
AVP-R-2757,test-adversarial,lanl,CVE-2021-13288,CWE-521,T1078.001,Role Confusion,4,7,8,7,CC-BY-4.0
AVP-R-2758,test-adversarial,mitre-engenuity,CVE-2021-14932,CWE-613,T1078,Noisy Decoy,4,9,10,9,CC-BY-4.0
AVP-R-2759,test-adversarial,mitre-engenuity,CVE-2021-10000,CWE-287,T1557.001,NTLM Relay,5,9,10,9,CC-BY-4.0
AVP-R-2760,test-adversarial,lanl,CVE-2022-10137,CWE-306,T1078.001,Role Confusion,4,7,8,7,CC-BY-4.0
AVP-R-2761,test-adversarial,mitre-engenuity,CVE-2023-12740,CWE-287,T1557.001,NTLM Relay,4,9,10,9,CC-BY-4.0
AVP-R-2762,test-adversarial,lanl,CVE-2021-15343,CWE-200,T1557.001,NTLM Relay,4,8,9,8,CC-BY-4.0
AVP-R-2763,test-adversarial,mitre-engenuity,CVE-2023-10685,CWE-384,T1029,Slow Exfiltration,4,12,13,12,CC-BY-4.0
AVP-R-2764,test-adversarial,mitre-engenuity,CVE-2023-11918,CWE-521,T1047;T1569.002,Tool Injection,4,9,10,9,CC-BY-4.0
AVP-R-2765,test-adversarial,lanl,CVE-2021-10411,CWE-307,T1029,Slow Exfiltration,5,11,12,11,CC-BY-4.0
AVP-R-2766,test-adversarial,mitre-engenuity,CVE-2022-13425,CWE-384,T1078,Noisy Decoy,4,9,10,9,CC-BY-4.0
AVP-R-2767,test-adversarial,lanl,CVE-2021-12466,CWE-640,T1029,Slow Exfiltration,4,8,9,8,CC-BY-4.0
AVP-R-2768,test-adversarial,lmdg-synthetic,CVE-2023-12740,CWE-287,T1059.003;T1557.001,NTLM Relay,4,10,11,10,CC-BY-4.0
AVP-R-2769,test-adversarial,lanl,CVE-2022-15480,CWE-287,T1029,Slow Exfiltration,5,12,13,12,CC-BY-4.0
AVP-R-2770,test-adversarial,mitre-engenuity,CVE-2021-11233,CWE-200,T1047;T1569.002,Tool Injection,4,9,10,9,CC-BY-4.0
AVP-R-2771,test-adversarial,lanl,CVE-2022-10548,CWE-521,T1047;T1569.002,Tool Injection,5,12,13,12,CC-BY-4.0
AVP-R-2772,test-adversarial,mitre-engenuity,CVE-2022-14247,CWE-306,T1078.001,Role Confusion,4,7,8,7,CC-BY-4.0
AVP-R-2773,test-adversarial,lanl,CVE-2022-15069,CWE-620,T1557.001,NTLM Relay,4,11,12,11,CC-BY-4.0
AVP-R-2774,test-adversarial,lanl,CVE-2023-13973,CWE-200,T1078.001,Role Confusion,4,12,13,12,CC-BY-4.0
AVP-R-2775,test-adversarial,lanl,CVE-2022-11781,CWE-307,T1029,Slow Exfiltration,5,11,12,11,CC-BY-4.0
AVP-R-2776,test-adversarial,mitre-engenuity,CVE-2022-14658,CWE-521,T1029,Slow Exfiltration,5,12,13,12,CC-BY-4.0
AVP-R-2777,test-adversarial,mitre-engenuity,CVE-2023-14795,CWE-384,T1078,Noisy Decoy,5,7,8,7,CC-BY-4.0
AVP-R-2778,test-adversarial,lanl,CVE-2021-11644,CWE-798,T1029,Slow Exfiltration,4,11,12,11,CC-BY-4.0
AVP-R-2779,test-adversarial,lanl,CVE-2023-12329,CWE-620,T1078.001,Role Confusion,5,8,9,8,CC-BY-4.0
AVP-R-2780,test-adversarial,mitre-engenuity,CVE-2022-10959,CWE-620,T1557.001,NTLM Relay,4,10,11,10,CC-BY-4.0
AVP-R-2781,test-adversarial,mitre-engenuity,CVE-2023-11096,CWE-640,T1078,Noisy Decoy,4,11,12,11,CC-BY-4.0
AVP-R-2782,test-adversarial,lanl,CVE-2022-15069,CWE-620,T1078.001,Role Confusion,4,12,13,12,CC-BY-4.0
AVP-R-2783,test-adversarial,mitre-engenuity,CVE-2023-11918,CWE-521,T1078,Noisy Decoy,4,10,11,10,CC-BY-4.0
AVP-R-2784,test-adversarial,mitre-engenuity,CVE-2022-13836,CWE-640,T1078.001,Role Confusion,4,8,9,8,CC-BY-4.0
AVP-R-2785,test-adversarial,lmdg-synthetic,CVE-2021-14932,CWE-613,T1059.003;T1557.001,NTLM Relay,5,10,11,10,CC-BY-4.0
AVP-R-2786,test-adversarial,lmdg-synthetic,CVE-2021-14110,CWE-287,T1018;T1557.001,NTLM Relay,4,7,8,7,CC-BY-4.0
AVP-R-2787,test-adversarial,lanl,CVE-2022-11781,CWE-307,T1078,Noisy Decoy,4,10,11,10,CC-BY-4.0
AVP-R-2788,test-adversarial,mitre-engenuity,CVE-2021-14521,CWE-307,T1047;T1569.002,Tool Injection,5,7,8,7,CC-BY-4.0
AVP-R-2789,test-adversarial,mitre-engenuity,CVE-2022-11781,CWE-307,T1047;T1569.002,Tool Injection,4,10,11,10,CC-BY-4.0
AVP-R-2790,test-adversarial,lmdg-synthetic,CVE-2021-12877,CWE-306,T1021.006;T1047;T1569.002,Tool Injection,4,12,13,12,CC-BY-4.0
AVP-R-2791,test-adversarial,mitre-engenuity,CVE-2023-14384,CWE-798,T1557.001,NTLM Relay,4,7,8,7,CC-BY-4.0
AVP-R-2792,test-adversarial,lmdg-synthetic,CVE-2022-12603,CWE-200,T1018;T1557.001,NTLM Relay,4,7,8,7,CC-BY-4.0
AVP-R-2793,test-adversarial,lanl,CVE-2022-10548,CWE-521,T1078,Noisy Decoy,4,10,11,10,CC-BY-4.0
AVP-R-2794,test-adversarial,mitre-engenuity,CVE-2023-12329,CWE-620,T1047;T1569.002,Tool Injection,5,7,8,7,CC-BY-4.0
AVP-R-2795,test-adversarial,lanl,CVE-2022-14658,CWE-521,T1047;T1569.002,Tool Injection,5,7,8,7,CC-BY-4.0
AVP-R-2796,test-adversarial,lmdg-synthetic,CVE-2021-15343,CWE-200,T1029;T1087,Slow Exfiltration,5,7,8,7,CC-BY-4.0
AVP-R-2797,test-adversarial,lmdg-synthetic,CVE-2023-14795,CWE-384,T1021.006;T1078,Noisy Decoy,5,10,11,10,CC-BY-4.0
AVP-R-2798,test-adversarial,lanl,CVE-2023-13973,CWE-200,T1047;T1569.002,Tool Injection,4,7,8,7,CC-BY-4.0
AVP-R-2799,test-adversarial,lanl,CVE-2021-13699,CWE-620,T1078.001,Role Confusion,4,10,11,10,CC-BY-4.0
AVP-R-2800,test-adversarial,lanl,CVE-2021-12055,CWE-384,T1557.001,NTLM Relay,5,11,12,11,CC-BY-4.0
AVP-R-2801,test-adversarial,lmdg-synthetic,CVE-2022-13014,CWE-798,T1018;T1078.001,Role Confusion,5,7,8,7,CC-BY-4.0
AVP-R-2802,test-adversarial,lmdg-synthetic,CVE-2023-12329,CWE-620,T1021.006;T1047;T1569.002,Tool Injection,5,9,10,9,CC-BY-4.0
AVP-R-2803,test-adversarial,lmdg-synthetic,CVE-2021-14521,CWE-307,T1078;T1087,Noisy Decoy,4,11,12,11,CC-BY-4.0
AVP-R-2804,test-adversarial,mitre-engenuity,CVE-2023-15206,CWE-640,T1047;T1569.002,Tool Injection,4,7,8,7,CC-BY-4.0
AVP-R-2805,test-adversarial,lanl,CVE-2022-12192,CWE-613,T1047;T1569.002,Tool Injection,4,7,8,7,CC-BY-4.0
AVP-R-2806,test-adversarial,lanl,CVE-2021-14521,CWE-307,T1047;T1569.002,Tool Injection,4,9,10,9,CC-BY-4.0
AVP-R-2807,test-adversarial,mitre-engenuity,CVE-2021-11644,CWE-798,T1557.001,NTLM Relay,4,7,8,7,CC-BY-4.0
AVP-R-2808,test-adversarial,lmdg-synthetic,CVE-2021-11233,CWE-200,T1021.004;T1078.001,Role Confusion,4,7,8,7,CC-BY-4.0
AVP-R-2809,test-adversarial,mitre-engenuity,CVE-2021-10822,CWE-613,T1029,Slow Exfiltration,4,12,13,12,CC-BY-4.0
AVP-R-2810,test-adversarial,lmdg-synthetic,CVE-2021-13288,CWE-521,T1078;T1087,Noisy Decoy,4,11,12,11,CC-BY-4.0
AVP-R-2811,test-adversarial,mitre-engenuity,CVE-2021-10000,CWE-287,T1078.001,Role Confusion,4,6,7,6,CC-BY-4.0
AVP-R-2812,test-adversarial,lmdg-synthetic,CVE-2023-15206,CWE-640,T1029;T1049,Slow Exfiltration,5,6,7,6,CC-BY-4.0
AVP-R-2813,test-adversarial,mitre-engenuity,CVE-2021-11644,CWE-798,T1047;T1569.002,Tool Injection,4,11,12,11,CC-BY-4.0
AVP-R-2814,test-adversarial,lanl,CVE-2023-14795,CWE-384,T1078.001,Role Confusion,4,6,7,6,CC-BY-4.0
AVP-R-2815,test-adversarial,mitre-engenuity,CVE-2021-10822,CWE-613,T1029,Slow Exfiltration,5,8,9,8,CC-BY-4.0
AVP-R-2816,test-adversarial,lanl,CVE-2021-14521,CWE-307,T1029,Slow Exfiltration,4,8,9,8,CC-BY-4.0
AVP-R-2817,test-adversarial,lanl,CVE-2022-13836,CWE-640,T1557.001,NTLM Relay,4,8,9,8,CC-BY-4.0
AVP-R-2818,test-adversarial,lmdg-synthetic,CVE-2021-12055,CWE-384,T1059.003;T1078.001,Role Confusion,5,7,8,7,CC-BY-4.0
AVP-R-2819,test-adversarial,lanl,CVE-2021-12055,CWE-384,T1047;T1569.002,Tool Injection,4,10,11,10,CC-BY-4.0
AVP-R-2820,test-adversarial,mitre-engenuity,CVE-2021-15343,CWE-200,T1078,Noisy Decoy,4,8,9,8,CC-BY-4.0
AVP-R-2821,test-adversarial,lanl,CVE-2021-10411,CWE-307,T1078,Noisy Decoy,4,10,11,10,CC-BY-4.0
AVP-R-2822,test-adversarial,lanl,CVE-2023-12329,CWE-620,T1047;T1569.002,Tool Injection,5,7,8,7,CC-BY-4.0
AVP-R-2823,test-adversarial,mitre-engenuity,CVE-2023-15206,CWE-640,T1557.001,NTLM Relay,4,10,11,10,CC-BY-4.0
AVP-R-2824,test-adversarial,mitre-engenuity,CVE-2021-14521,CWE-307,T1557.001,NTLM Relay,4,7,8,7,CC-BY-4.0
AVP-R-2825,test-adversarial,mitre-engenuity,CVE-2022-13836,CWE-640,T1078.001,Role Confusion,4,12,13,12,CC-BY-4.0
AVP-R-2826,test-adversarial,lmdg-synthetic,CVE-2023-13973,CWE-200,T1021.006;T1078.001,Role Confusion,4,7,8,7,CC-BY-4.0
AVP-R-2827,test-adversarial,mitre-engenuity,CVE-2022-12192,CWE-613,T1047;T1569.002,Tool Injection,4,9,10,9,CC-BY-4.0
AVP-R-2828,test-adversarial,lmdg-synthetic,CVE-2021-10411,CWE-307,T1018;T1047;T1569.002,Tool Injection,4,12,13,12,CC-BY-4.0
AVP-R-2829,test-adversarial,mitre-engenuity,CVE-2021-10000,CWE-287,T1078.001,Role Confusion,5,11,12,11,CC-BY-4.0
AVP-R-2830,test-adversarial,lmdg-synthetic,CVE-2022-12192,CWE-613,T1021.004;T1078.001,Role Confusion,4,12,13,12,CC-BY-4.0
AVP-R-2831,test-adversarial,mitre-engenuity,CVE-2021-10000,CWE-287,T1029,Slow Exfiltration,4,7,8,7,CC-BY-4.0
AVP-R-2832,test-adversarial,lanl,CVE-2021-10411,CWE-307,T1078.001,Role Confusion,4,9,10,9,CC-BY-4.0
AVP-R-2833,test-adversarial,lanl,CVE-2023-10274,CWE-798,T1047;T1569.002,Tool Injection,4,9,10,9,CC-BY-4.0
AVP-R-2834,test-adversarial,lanl,CVE-2023-12329,CWE-620,T1078,Noisy Decoy,4,9,10,9,CC-BY-4.0
AVP-R-2835,test-adversarial,lmdg-synthetic,CVE-2023-11507,CWE-306,T1047;T1059.003;T1569.002,Tool Injection,4,11,12,11,CC-BY-4.0
AVP-R-2836,test-adversarial,lanl,CVE-2021-12877,CWE-306,T1047;T1569.002,Tool Injection,4,9,10,9,CC-BY-4.0
AVP-R-2837,test-adversarial,mitre-engenuity,CVE-2021-10411,CWE-307,T1557.001,NTLM Relay,4,8,9,8,CC-BY-4.0
AVP-R-2838,test-adversarial,mitre-engenuity,CVE-2021-13699,CWE-620,T1078.001,Role Confusion,4,8,9,8,CC-BY-4.0
AVP-R-2839,test-adversarial,lanl,CVE-2023-12740,CWE-287,T1029,Slow Exfiltration,4,11,12,11,CC-BY-4.0
AVP-R-2840,test-adversarial,lanl,CVE-2023-13562,CWE-613,T1029,Slow Exfiltration,4,10,11,10,CC-BY-4.0
AVP-R-2841,test-adversarial,lmdg-synthetic,CVE-2023-11918,CWE-521,T1021.006;T1557.001,NTLM Relay,4,10,11,10,CC-BY-4.0
AVP-R-2842,test-adversarial,lmdg-synthetic,CVE-2023-14384,CWE-798,T1047;T1059.001;T1569.002,Tool Injection,4,12,13,12,CC-BY-4.0
AVP-R-2843,test-adversarial,mitre-engenuity,CVE-2021-10822,CWE-613,T1029,Slow Exfiltration,4,9,10,9,CC-BY-4.0
AVP-R-2844,test-adversarial,lmdg-synthetic,CVE-2023-12329,CWE-620,T1018;T1078.001,Role Confusion,4,7,8,7,CC-BY-4.0
AVP-R-2845,test-adversarial,lanl,CVE-2023-14795,CWE-384,T1078.001,Role Confusion,4,12,13,12,CC-BY-4.0
AVP-R-2846,test-adversarial,mitre-engenuity,CVE-2023-12329,CWE-620,T1078,Noisy Decoy,5,12,13,12,CC-BY-4.0
AVP-R-2847,test-adversarial,lmdg-synthetic,CVE-2022-15069,CWE-620,T1059.003;T1078,Noisy Decoy,5,8,9,8,CC-BY-4.0
